date,steps,distance_mi,active_energy_kcal,basal_energy_kcal,flights,water_floz,avg_hr,min_hr,max_hr,resting_hr,spo2_avg_pct,glucose_avg,glucose_min,glucose_max,glucose_count,weight_lb,bmi,body_fat_pct,bp_systolic,bp_diastolic,sleep_hours
2016-05-21,279.0,0.1038684,,,,,,,,,,,,,,,,,,,
2016-05-22,3041.0,1.0921160399999998,,,1.0,,,,,,,,,,,,,,,,
2016-05-23,3027.0,1.1064508000000002,,,1.0,,,,,,,,,,,,,,,,
2016-05-24,2654.0,0.98759496,,,,,,,,,,,,,,,,,,,
2016-05-25,2386.0,0.85639854,,,,,,,,,,,,,,,,,,,
2016-05-26,2869.0,1.0173774000000002,,,3.0,,,,,,,,,,,,,,,,
2016-05-27,5266.0,2.0757038399999996,,,1.0,,,,,,,,,,,,,,,,
2016-05-28,7299.0,2.7695941000000004,,,3.0,,,,,,,,,,,,,,,,
2016-05-29,7208.0,2.5729813000000004,,,2.0,,,,,,,,,,,,,,,,
2016-05-31,3844.0,1.41212824,,,31.0,,,,,,,,,,,,,,,,
2016-06-01,1505.0,0.5542817899999999,,,2.0,,,,,,,,,,,,,,,,
2016-06-02,3963.0,1.4853755800000001,,,2.0,,,,,,,,,,,,,,,,
2016-06-03,1697.0,0.6199982399999999,,,2.0,,,,,,,,,,,,,,,,
2016-06-04,5137.0,1.8828609949999997,,,9.0,,,,,,,,,,,,,,,,
2016-06-05,5752.0,3.5733062199999996,,,2.0,,,,,,,,,,,,,,,,
2016-06-06,2992.0,1.1245759650000002,,,2.0,,,,,,,,,,,,,,,,
2016-06-07,4967.0,1.9567233600000005,,,1.0,,,,,,,,,,,,,,,,
2016-06-08,1898.0,0.6952459999999999,,,1.0,,,,,,,,,,,,,,,,
2016-06-09,4111.0,1.5331639600000002,,,3.0,,,,,,,,,,,,,,,,
2016-06-10,2916.0,1.0501425800000002,,,7.0,,,,,,,,,,,,,,,,
2016-06-11,16015.0,6.383655790000002,,,4.0,,,,,,,,,,,,,,,,
2016-06-12,7490.0,2.6930019199999995,,,14.0,,,,,,,,,,,,,,,,
2016-06-13,3197.0,1.2470541899999996,,,2.0,,,,,,,,,,,,,,,,
2016-06-14,4837.0,1.9418468800000004,,,1.0,,,,,,,,,,,,,,,,
2016-06-15,2251.0,0.7802124000000001,,,1.0,,,,,,,,,,,,,,,,
2016-06-16,4146.0,1.44711138,,,20.0,,,,,,,,,,,,,,,,
2016-06-17,4962.0,1.8747579350000003,,,8.0,,,,,,,,,,,,,,,,
2016-06-18,6874.0,3.1521516499999995,,,6.0,,,,,,,,,,,,,,,,
2016-06-19,3225.0,1.1191392860000002,,,6.0,,,,,,,,,,,,,,,,
2016-06-20,3201.0,1.1950588000000002,,,3.0,,,,,,,,,,,,,,,,
2016-06-21,3534.0,1.38915056,,,1.0,,,,,,,,,,,,,,,,
2016-06-22,3086.0,1.19881125,,,1.0,,,,,,,,,,,,,,,,
2016-06-23,2375.0,0.9213318899999998,,,1.0,,,,,,,,,,,,,,,,
2016-06-24,2154.0,0.75696656,,,1.0,,,,,,,,,,,,,,,,
2016-06-25,2476.0,0.9571478000000001,,,1.0,,,,,,,,,,,,,,,,
2016-06-26,4716.0,1.7722568099999996,,,1.0,,,,,,,,,,,,,,,,
2016-06-27,2357.0,0.88137149,,,5.0,,,,,,,,,,,,,,,,
2016-06-28,1355.0,0.547639204,,,1.0,,,,,,,,,,,,,,,,
2016-06-29,2518.0,0.932572627,,,1.0,,,,,,,,,,,,,,,,
2016-06-30,618.0,0.21852999999999997,,,,,,,,,,,,,,,,,,,
2016-07-01,2781.0,1.0868403800000002,,,1.0,,,,,,,,,,,,,,,,
2016-07-02,6223.0,2.280960099999999,,,5.0,,,,,,,,,,,,,,,,
2016-07-03,3226.0,1.2477560499999998,,,1.0,,,,,,,,,,,,,,,,
2016-07-04,5434.0,2.1784030899999998,,,2.0,,,,,,,,,,,,,,,,
2016-07-05,12245.0,4.3995758600000014,,,,,,,,,,,,,,,,,,,
2016-07-06,9494.0,3.2741034200000003,,,2.0,,,,,,,,,,,,,,,,
2016-07-07,5328.0,2.0031027000000003,,,,,,,,,,,,,,,,,,,
2016-07-08,5996.0,2.1394561,,,,,,,,,,,,,,,,,,,
2016-07-09,5727.0,2.069698785,,,5.0,,,,,,,,,,,,,,,,
2016-07-10,1909.0,0.7505741399999999,,,,,,,,,,,,,,,,,,,
2016-07-11,3804.0,1.45528866,,,2.0,,,,,,,,,,,,,,,,
2016-07-12,11015.0,5.084680280000001,,,1.0,,,,,,,,,,,,,,,,
2016-07-13,11578.0,5.506963447999999,,,5.0,,,,,,,,,,,,,,,,
2016-07-14,3644.0,1.4643863200000005,,,2.0,,,,,,,,,,,,,,,,
2016-07-15,3514.0,1.2868973699999997,,,16.0,,,,,,,,,,,,,,,,
2016-07-16,9961.0,4.636927939999999,,,5.0,,,,,,,,,,,,,,,,
2016-07-17,3218.0,1.23097405,,,2.0,,,,,,,,,,,,,,,,
2016-07-18,1987.0,0.7127062099999999,,,3.0,,,,,,,,,,,,,,,,
2016-07-19,1790.0,0.69338195,,,3.0,,,,,,,,,,,,,,,,
2016-07-20,4512.0,1.7636689399999999,,,8.0,,,,,,,,,,,,,,,,
2016-07-21,4408.0,1.6187714900000003,,,24.0,,,,,,,,,,,,,,,,
2016-07-22,2362.0,0.8963527869999998,,,1.0,,,,,,,,,,,,,,,,
2016-07-23,5739.0,2.1869914800000005,,,4.0,,,,,,,,,,,,,,,,
2016-07-24,2476.0,1.0028367699999998,,,22.0,,,,,,,,,,,,,,,,
2016-07-25,2146.0,0.8737845300000001,,,22.0,,,,,,,,,,,,,,,,
2016-07-26,3182.0,1.1944360300000003,,,,,,,,,,,,,,,,,,,
2016-07-27,3124.0,1.1764118700000001,,,2.0,,,,,,,,,,,,,,,,
2016-07-28,2249.0,0.817724454,,,2.0,,,,,,,,,,,,,,,,
2016-07-29,3909.0,1.55204841,,,2.0,,,,,,,,,,,,,,,,
2016-07-30,6040.0,2.1834610999999997,,,2.0,,,,,,,,,,,,,,,,
2016-07-31,1541.0,0.5826846600000001,,,15.0,,,,,,,,,,,,,,,,
2016-08-01,2183.0,0.84942661,,,1.0,,,,,,,,,,,,,,,,
2016-08-02,3584.0,1.4270400799999998,,,1.0,,,,,,,,,,,,,,,,
2016-08-03,2204.0,0.77570072,,,1.0,,,,,,,,,,,,,,,,
2016-08-04,6614.0,2.6430089599999995,,,18.0,,,,,,,,,,,,,,,,
2016-08-05,3228.0,1.1754416299999997,,,,,,,,,,,,,,,,,,,
2016-08-06,5659.0,2.23628423,,,5.0,,,,,,,,,,,,,,,,
2016-08-07,5778.0,2.0637412900000003,,,4.0,,,,,,,,,,,,,,,,
2016-08-08,2860.0,1.09673253,,,2.0,,,,,,,,,,,,,,,,
2016-08-09,3962.0,1.3969039700000003,,,2.0,,,,,,,,,,,,,,,,
2016-08-10,1222.0,0.45183023,,,1.0,,,,,,,,,,,,,,,,
2016-08-11,3006.0,1.1310013500000002,,,6.0,,,,,,,,,,,,,,,,
2016-08-12,2170.0,0.7975860999999999,,,1.0,,,,,,,,,,,,,,,,
2016-08-13,8048.0,2.8573379350000008,,,7.0,,,,,,,,,,,,,,,,
2016-08-14,12235.0,6.150014790000001,,,3.0,,,,,,,,,,,,,,,,
2016-08-15,3273.0,1.3286779000000002,,,,,,,,,,,,,,,,,,,
2016-08-16,11587.0,6.656707889999999,,,1.0,,,,,,,,,,,,,,,,
2016-08-17,1614.0,0.6454639999999999,,,1.0,,,,,,,,,,,,,,,,
2016-08-18,3665.0,1.3247069,,,19.0,,,,,,,,,,,,,,,,
2016-08-19,1432.0,0.5289145599999999,,,1.0,,,,,,,,,,,,,,,,
2016-08-20,2887.0,1.0814057499999998,,,4.0,,,,,,,,,,,,,,,,
2016-08-21,2002.0,0.8551159400000001,,,26.0,,,,,,,,,,,,,,,,
2016-08-22,6213.0,2.94263649,,,1.0,,,,,,,,,,,,,,,,
2016-08-23,2688.0,0.9540765099999998,,,13.0,,,,,,,,,,,,,,,,
2016-08-24,2709.0,1.0541230899999998,,,3.0,,,,,,,,,,,,,,,,
2016-08-25,1302.0,0.46848173,,,,,,,,,,,,,,,,,,,
2016-08-26,3497.0,1.2427916,,,1.0,,,,,,,,,,,,,,,,
2016-08-27,3768.0,1.3498818800000005,,,2.0,,,,,,,,,,,,,,,,
2016-08-28,4123.0,1.4026331600000002,,,21.0,,,,,,,,,,,,,,,,
2016-08-29,10820.0,5.310147560000001,,,1.0,,,,,,,,,,,,,,,,
2016-08-30,2106.0,0.8109310500000002,,,,,,,,,,,,,,,,,,,
2016-08-31,2602.0,0.9402451900000001,,,1.0,,,,,,,,,,,,,,,,
2016-09-01,3176.0,1.199524651,,,3.0,,,,,,,,,,,,,,,,
2016-09-02,2882.0,1.12592984,,,3.0,,,,,,,,,,,,,,,,
2016-09-03,5869.0,2.261179632,,,13.0,,,,,,,,,,,,,,,,
2016-09-04,3206.0,1.1416122700000002,,,,,,,,,,,,,,,,,,,
2016-09-05,11148.0,5.69648821,,,2.0,,,,,,,,,,,,,,,,
2016-09-06,2699.0,0.97600299,,,22.0,,,,,,,,,,,,,,,,
2016-09-07,11042.0,5.34819275,,,3.0,,,,,,,,,,,,,,,,
2016-09-08,5123.0,2.0484402499999996,,,20.0,,,,,,,,,,,,,,,,
2016-09-09,10706.0,5.602714281,,,,,,,,,,,,,,,,,,,
2016-09-10,7113.0,2.60556838,,,,,,,,,,,,,,,,,,,
2016-09-11,2141.0,0.7600772100000001,,,,,,,,,,,,,,,,,,,
2016-09-12,11746.0,5.794288550000001,,,4.0,,,,,,,,,,,,,,,,
2016-09-13,1340.0,0.4877718300000001,,,1.0,,,,,,,,,,,,,,,,
2016-09-14,13516.0,6.274404760000001,,,1.0,,,,,,,,,,,,,,,,
2016-09-15,2103.0,0.83047634,,,2.0,,,,,,,,,,,,,,,,
2016-09-16,2921.0,1.0662525299999999,,,3.0,,,,,,,,,,,,,,,,
2016-09-17,8003.0,3.010070120000001,,,38.0,,,,,,,,,,,,,,,,
2016-09-18,4305.0,1.6033107100000001,,,2.0,,,,,,,,,,,,,,,,
2016-09-19,11102.0,5.191622200000001,,,1.0,,,,,,,,,,,,,,,,
2016-09-20,3192.0,1.1994708209999996,,,3.0,,,,,,,,,,,,,,,,
2016-09-21,9358.0,4.575668550000001,,,,,,,,,,,,,,,,,,,
2016-09-22,2463.0,0.88191704,,,3.0,,,,,,,,,,,,,,,,
2016-09-23,1858.0,0.6741917399999999,,,,,,,,,,,,,,,,,,,
2016-09-24,4077.0,1.4360853869999999,,,1.0,,,,,,,,,,,,,,,,
2016-09-25,3500.0,1.22945425,,,5.0,,,,,,,,,,,,,,,,
2016-09-26,11804.0,5.6070621,,,1.0,,,,,,,,,,,,,,,,
2016-09-27,1154.0,0.41343005,,,2.0,,,,,,,,,,,,,,,,
2016-09-28,11578.0,5.620307549999999,,,,,,,,,,,,,,,,,,,
2016-09-29,1360.0,0.500945739,,,1.0,,,,,,,,,,,,,,,,
2016-09-30,3812.0,2.02315538,,,,,,,,,,,,,,,,,,,
2016-10-01,3579.0,1.2848011399999997,,,2.0,,,,,,,,,,,,,,,,
2016-10-02,4477.0,1.7111324399999996,,,,,,,,,,,,,,,,,,,
2016-10-03,15609.0,6.963608729999999,,,2.0,,,,,,,,,,,,,,,,
2016-10-04,13036.0,7.467748259999998,,,2.0,,,,,,,,,,,,,,,,
2016-10-05,12458.0,5.22857824,,,2.0,,,,,,,,,,,,,,,,
2016-10-06,11080.0,6.334352839999999,,,2.0,,,,,,,,,,,,,,,,
2016-10-07,4197.0,1.5074103719999998,,,2.0,,,,,,,,,,,,,,,,
2016-10-08,5489.0,1.936800140000001,,,3.0,,,,,,,,,,,,,,,,
2016-10-09,5109.0,1.83885462,,,2.0,,,,,,,,,,,,,,,,
2016-10-10,3531.0,1.2920020699999997,,,2.0,,,,,,,,,,,,,,,,
2016-10-11,2963.0,1.1572278699999996,,,3.0,,,,,,,,,,,,,,,,
2016-10-12,4677.0,1.7050222909999997,,,2.0,,,,,,,,,,,,,,,,
2016-10-13,1444.0,0.54072564,,,2.0,,,,,,,,,,,,,,,,
2016-10-14,783.0,0.25285743999999993,,,,,,,,,,,,,,,,,,,
2016-10-15,8202.0,2.922558213,,,3.0,,,,,,,,,,,,,,,,
2016-10-16,2696.0,1.031487197,,,2.0,,,,,,,,,,,,,,,,
2016-10-17,1809.0,0.687667245,,,,,,,,,,,,,,,,,,,
2016-10-18,1374.0,0.53169514,,,1.0,,,,,,,,,,,,,,,,
2016-10-19,2065.0,0.7219607400000001,,,2.0,,,,,,,,,,,,,,,,
2016-10-20,949.0,0.34926629000000003,,,1.0,,,,,,,,,,,,,,,,
2016-10-21,804.0,0.28145339999999996,,,,,,,,,,,,,,,,,,,
2016-10-22,12663.0,5.981752070000001,,,3.0,,,,,,,,,,,,,,,,
2016-10-23,4827.0,1.7623904799999994,,,1.0,,,,,,,,,,,,,,,,
2016-10-24,2941.0,1.09541045,,,,,,,,,,,,,,,,,,,
2016-10-25,828.0,0.30344299,,,,,,,,,,,,,,,,,,,
2016-10-26,12425.0,5.054909918999999,,,1.0,,,,,,,,,,,,,,,,
2016-10-27,2142.0,0.8101345840000002,,,3.0,,,,,,,,,,,,,,,,
2016-10-28,433.0,0.15257309000000002,,,,,,,,,,,,,,,,,,,
2016-10-29,16036.0,5.860067969999999,,,12.0,,,,,,,,,,,,,,,,
2016-10-30,2561.0,0.9346164169999998,,,,,,,,,,,,,,,,,,,
2016-10-31,4310.0,1.61430257,,,2.0,,,,,,,,,,,,,,,,
2016-11-01,4496.0,1.70921461,,,3.0,,,,,,,,,,,,,,,,
2016-11-02,3223.0,1.2066762500000001,,,4.0,,,,,,,,,,,,,,,,
2016-11-03,3873.0,1.516976221,,,1.0,,,,,,,,,,,,,,,,
2016-11-04,5048.0,1.871591107,,,3.0,,,,,,,,,,,,,,,,
2016-11-05,6605.0,2.4021263999999998,,,9.0,,,,,,,,,,,,,,,,
2016-11-06,4018.0,1.4868876039999996,,,,,,,,,,,,,,,,,,,
2016-11-07,4355.0,1.6289044400000001,,,2.0,,,,,,,,,,,,,,,,
2016-11-08,4481.0,1.65709875,,,2.0,,,,,,,,,,,,,,,,
2016-11-09,5065.0,1.9148868300000004,,,3.0,,,,,,,,,,,,,,,,
2016-11-10,2373.0,0.83977917,,,3.0,,,,,,,,,,,,,,,,
2016-11-11,4831.0,1.8111211699999996,,,5.0,,,,,,,,,,,,,,,,
2016-11-12,4782.0,1.7022993689999997,,,9.0,,,,,,,,,,,,,,,,
2016-11-13,6746.0,2.4565901110000006,,,3.0,,,,,,,,,,,,,,,,
2016-11-14,3103.0,1.1918957399999999,,,2.0,,,,,,,,,,,,,,,,
2016-11-15,2831.0,1.1045615199999999,,,1.0,,,,,,,,,,,,,,,,
2016-11-16,3300.0,1.22062017,,,3.0,,,,,,,,,,,,,,,,
2016-11-17,3293.0,1.1673962129999995,,,2.0,,,,,,,,,,,,,,,,
2016-11-18,11638.0,4.214711093,,,,,,,,,,,,,,,,,,,
2016-11-19,6731.0,2.4005210810000004,,,2.0,,,,,,,,,,,,,,,,
2016-11-20,8174.0,3.22128334,,,,,,,,,,,,,,,,,,,
2016-11-21,2216.0,0.81002371,,,,,,,,,,,,,,,,,,,
2016-11-22,2940.0,1.0781579099999998,,,1.0,,,,,,,,,,,,,,,,
2016-11-23,4281.0,1.5425855999999998,,,3.0,,,,,,,,,,,,,,,,
2016-11-24,7901.0,2.9644256,,,2.0,,,,,,,,,,,,,,,,
2016-11-25,434.0,0.15712954999999998,,,1.0,,,,,,,,,,,,,,,,
2016-11-26,1746.0,0.6825932299999998,,,1.0,,,,,,,,,,,,,,,,
2016-11-27,10086.0,4.189277869999999,,,2.0,,,,,,,,,,,,,,,,
2016-11-28,6075.0,2.39151061,,,4.0,,,,,,,,,,,,,,,,
2016-11-29,5454.0,2.09860193,,,3.0,,,,,,,,,,,,,,,,
2016-11-30,3616.0,1.2802562599999998,,,,,,,,,,,,,,,,,,,
2016-12-01,4092.0,1.5583401499999998,,,1.0,,,,,,,,,,,,,,,,
2016-12-02,3859.0,1.5372607699999998,,,1.0,,,,,,,,,,,,,,,,
2016-12-03,4396.0,1.6247353100000004,,,2.0,,,,,,,,,,,,,,,,
2016-12-04,2733.0,1.0680315799999998,,,,,,,,,,,,,,,,,,,
2016-12-05,3821.0,1.6248273199999999,,,,,,,,,,,,,,,,,,,
2016-12-06,5072.0,1.96537716,,,2.0,,,,,,,,,,,,,,,,
2016-12-07,1610.0,0.5837469900000001,,,1.0,,,,,,,,,,,,,,,,
2016-12-08,3036.0,1.2509849480000002,,,1.0,,,,,,,,,,,,,,,,
2016-12-09,4008.0,1.3749877799999997,,,3.0,,,,,,,,,,,,,,,,
2016-12-10,2261.0,0.8954460000000001,,,1.0,,,,,,,,,,,,,,,,
2016-12-11,5330.0,2.16685325,,,3.0,,,,,,,,,,,,,,,,
2016-12-12,2157.0,0.8095360600000001,,,1.0,,,,,,,,,,,,,,,,
2016-12-13,3818.0,1.45368626,,,4.0,,,,,,,,,,,,,,,,
2016-12-14,283.0,0.09328639000000001,,,,,,,,,,,,,,,,,,,
2016-12-15,1837.0,0.6385690799999999,,,4.0,,,,,,,,,,,,,,,,
2016-12-16,2390.0,0.8619914600000002,,,,,,,,,,,,,,,,,,,
2016-12-17,7263.0,2.78222477,,,7.0,,,,,,,,,,,,,,,,
2016-12-18,9521.0,3.6514786999999993,,,1.0,,,,,,,,,,,,,,,,
2016-12-19,3421.0,1.4481040799999991,,,4.0,,,,,,,,,,,,,,,,
2016-12-20,1746.0,0.65915269,,,2.0,,,,,,,,,,,,,,,,
2016-12-21,13403.0,5.85494776,,,3.0,,,,,,,,,,,,,,,,
2016-12-22,1453.0,0.56786058,,,2.0,,,,,,,,,,,,,,,,
2016-12-23,2716.0,0.9630807379999998,,,4.0,,,,,,,,,,,,,,,,
2016-12-24,1926.0,0.7095945000000002,,,1.0,,,,,,,,,,,,,,,,
2016-12-25,1900.0,0.7633922599999999,,,1.0,,,,,,,,,,,,,,,,
2016-12-26,40.0,0.0140355,,,,,,,,,,,,,,,,,,,
2016-12-27,5086.0,1.93189823,,,4.0,,,,,,,,,,,,,,,,
2016-12-28,7284.0,2.789147578,,,5.0,,,,,,,,,,,,,,,,
2016-12-29,1002.0,0.335455647,,,1.0,,,,,,,,,,,,,,,,
2016-12-30,2823.0,1.0169610800000002,,,4.0,,,,,,,,,,,,,,,,
2016-12-31,3832.0,1.4666357100000003,,,4.0,,,,,,,,,,,,,,,,
2017-01-01,8349.0,3.6818873659999993,,,3.0,,,,,,,,,,,,,,,,
2017-01-02,1533.0,0.57383564,,,,,,,,,,,,,,,,,,,
2017-01-03,3307.0,1.2741286800000002,,,,,,,,,,,,,,,,,,,
2017-01-04,6199.0,2.295558018,,,3.0,,,,,,,,,,,,,,,,
2017-01-05,2791.0,1.0767934599999998,,,2.0,,,,,,,,,,,,,,,,
2017-01-06,1782.0,0.64826881,,,1.0,,,,,,,,,,,,,,,,
2017-01-07,2596.0,0.9798571599999999,,,1.0,,,,,,,,,,,,,,,,
2017-01-08,4282.0,1.6027781380000001,,,5.0,,,,,,,,,,,,,,,,
2017-01-09,2918.0,1.13207678,,,6.0,,,,,,,,,,,,,,,,
2017-01-10,4263.0,1.81822628,,,2.0,,,,,,,,,,,,,,,,
2017-01-11,1313.0,0.48812661000000007,,,2.0,,,,,,,,,,,,,,,,
2017-01-12,2749.0,1.11054464,,,2.0,,,,,,,,,,,,,,,,
2017-01-13,3295.0,1.2151063299999996,,,2.0,,,,,,,,,,,,,,,,
2017-01-14,2608.0,0.986058882,,,5.0,,,,,,,,,,,,,,,,
2017-01-15,3201.0,1.1328160699999998,,,2.0,,,,,,,,,,,,,,,,
2017-01-16,2061.0,0.7751274200000002,,,,,,,,,,,,,,,,,,,
2017-01-17,2299.0,0.8872308,,,2.0,,,,,,,,,,,,,,,,
2017-01-18,4477.0,1.6582294499999999,,,2.0,,,,,,,,,,,,,,,,
2017-01-19,2293.0,0.8058436899999998,,,3.0,,,,,,,,,,,,,,,,
2017-01-20,2600.0,0.9721758500000002,,,9.0,,,,,,,,,,,,,,,,
2017-01-21,3969.0,1.4435187620000003,,,6.0,,,,,,,,,,,,,,,,
2017-01-22,1417.0,0.539248771,,,1.0,,,,,,,,,,,,,,,,
2017-01-23,3100.0,1.1551256099999998,,,2.0,,,,,,,,,,,,,,,,
2017-01-24,2648.0,1.0083074600000002,,,1.0,,,,,,,,,,,,,,,,
2017-01-25,1388.0,0.5330648,,,1.0,,,,,,,,,,,302.999,,,,,
2017-01-26,1369.0,0.4736791899999999,,,2.0,,,,,,,,,,,,,,,,
2017-01-27,1928.0,0.6911282729999998,,,1.0,,,,,,,,,,,,,,,,
2017-01-28,7068.0,2.6744370399999995,,,4.0,,,,,,,,,,,,,,,,
2017-01-29,2414.0,0.86345157,,,2.0,,,,,,,,,,,,,,,,
2017-01-30,1731.0,0.6164322300000001,,,1.0,,,,,,,,,,,,,,,,
2017-01-31,3351.0,1.2377385800000003,,,3.0,,,,,,,,,,,,,,,,
2017-02-01,2764.0,1.00019188,,,22.0,,,,,,,,,,,,,,,,
2017-02-02,2114.0,0.8494494399999998,,,1.0,,,,,,,,,,,,,,,,
2017-02-03,2576.0,1.01843909,,,2.0,,,,,,,,,,,,,,,,
2017-02-04,1213.0,0.42975732,,,,,,,,,,,,,,,,,,,
2017-02-05,995.0,0.38693604000000004,,,5.0,,,,,,,,,,,,,,,,
2017-02-06,1369.0,0.6055267599999999,,,,,,,,,,,,,,,,,,,
2017-02-07,1239.0,0.4778406,,,2.0,,,,,,,,,,,,,,,,
2017-02-08,2306.0,1.21776954,,,2.0,,,,,,,,,,,,,,,,
2017-02-09,1558.0,0.5683252900000001,,,,,,,,,,,,,,,,,,,
2017-02-10,5167.0,1.8707122329999997,,,2.0,,,,,,,,,,,,,,,,
2017-02-11,3912.0,1.45871031,,,4.0,,,,,,,,,,,,,,,,
2017-02-12,7832.0,2.885494768000002,,,29.0,,,,,,,,,,,,,,,,
2017-02-13,6676.0,3.6204726099999993,,,7.0,,,,,,,,,,,,,,,,
2017-02-14,1463.0,0.6285633999999999,,,1.0,,,,,,,,,,,,,,,,
2017-02-15,7139.0,3.8102620200000006,,,8.0,,,,,,,,,,,,,,,,
2017-02-16,3258.0,1.22770055,,,3.0,,,,,,,,,,,,,,,,
2017-02-17,2977.0,1.1183118900000002,,,9.0,,,,,,,,,,,,,,,,
2017-02-18,4643.0,1.7192502299999999,,,6.0,,,,,,,,,,,,,,,,
2017-02-19,1046.0,0.3907969599999999,,,,,,,,,,,,,,,,,,,
2017-02-20,5851.0,2.2158691499999996,,,6.0,,,,,,,,,,,,,,,,
2017-02-21,3833.0,1.4715135999999998,,,1.0,,,,,,,,,,,,,,,,
2017-02-22,1893.0,0.7222983499999999,,,1.0,,,,,,,,,,,,,,,,
2017-02-23,1002.0,0.3899761,,,1.0,,,,,,,,,,,,,,,,
2017-02-24,2137.0,0.8487195799999999,,,2.0,,,,,,,,,,,,,,,,
2017-02-25,2241.0,0.8039044469999999,,,,,,,,,,,,,,,,,,,
2017-02-26,2563.0,0.95223315,,,1.0,,,,,,,,,,,,,,,,
2017-02-27,512.0,0.19993532,,,,,,,,,,,,,,,,,,,
2017-02-28,1879.0,0.7613291000000001,,,,,,,,,,,,,,,,,,,
2017-03-01,2366.0,0.8617793700000002,,,1.0,,,,,,,,,,,,,,,,
2017-03-02,2786.0,1.2232500169999996,,,,,,,,,,,,,,,,,,,
2017-03-03,1780.0,0.6292114000000001,,,1.0,,,,,,,,,,,,,,,,
2017-03-04,4983.0,1.9619757100000004,,,2.0,,,,,,,,,,,,,,,,
2017-03-05,1821.0,0.6406636300000002,,,4.0,,,,,,,,,,,,,,,,
2017-03-06,3859.0,1.4754663699999997,,,1.0,,,,,,,,,,,,,,,,
2017-03-07,3012.0,1.1834923400000001,,,24.0,,,,,,,,,,,,,,,,
2017-03-08,2449.0,0.9031518659999999,,,,,,,,,,,,,,,,,,,
2017-03-09,2102.0,0.79973864,,,1.0,,,,,,,,,,,,,,,,
2017-03-10,3391.0,1.32477069,,,22.0,,,,,,,,,,,,,,,,
2017-03-11,5527.0,2.0717052399999996,,,,,,,,,,,,,,,,,,,
2017-03-12,4279.0,1.51918101,,,1.0,,,,,,,,,,,,,,,,
2017-03-13,5127.0,1.8975216759999998,,,5.0,,,,,,,,,,,,,,,,
2017-03-14,3871.0,1.4044287399999995,,,2.0,,,,,,,,,,,,,,,,
2017-03-15,1913.0,0.7053918599999999,,,3.0,,,,,,,,,,,,,,,,
2017-03-16,7515.0,2.6445051299999993,,,15.0,,,,,,,,,,,,,,,,
2017-03-17,10214.0,3.6668882219999985,,,22.0,,,,,,,,,,,,,,,,
2017-03-18,12859.0,4.3549524,,,19.0,,,,,,,,,,,,,,,,
2017-03-19,4085.0,1.4529130700000004,,,1.0,,,,,,,,,,,,,,,,
2017-03-20,1305.0,0.47313427,,,1.0,,,,,,,,,,,,,,,,
2017-03-21,3314.0,1.19784167,,,4.0,,,,,,,,,,,,,,,,
2017-03-22,1910.0,0.71771104,,,1.0,,,,,,,,,,,,,,,,
2017-03-23,2774.0,1.14626148,,,,,,,,,,,,,,,,,,,
2017-03-24,1554.0,0.568525382,,,,,,,,,,,,,,,,,,,
2017-03-25,4992.0,1.8241844199999997,,,9.0,,,,,,,,,,,,,,,,
2017-03-26,2402.0,0.8837551099999998,,,2.0,,,,,,,,,,,,,,,,
2017-03-27,2694.0,0.9612222800000001,,,,,,,,,,,,,,,,,,,
2017-03-28,2027.0,0.74677468,,,,,,,,,,,,,,,,,,,
2017-03-29,4137.0,1.5197478999999998,,,1.0,,,,,,,,,,,,,,,,
2017-03-30,2515.0,0.9229774900000002,,,3.0,,,,,,,,,,,,,,,,
2017-03-31,2019.0,0.74498124,,,1.0,,,,,,,,,,,,,,,,
2017-04-01,6320.0,2.2329470899999992,,,2.0,,74.72826086956522,57.0,110.0,,,,,,,,,,,,
2017-04-02,4667.0,0.7649211300000001,,,2.0,,71.40425531914893,50.0,130.0,,,,,,,,,,,,10.08
2017-04-03,5651.0,1.18883222,,,1.0,,68.05049088359046,54.0,118.0,,,,,,,,,,,,8.0
2017-04-04,5825.0,0.95303046,,,2.0,,70.65877437325905,52.0,109.0,,,,,,,,,,,,7.72
2017-04-05,4257.0,1.66109938,,,3.0,,60.95959595959596,53.0,82.0,,,,,,,,,,,,
2017-04-06,4969.0,0.9075663300000001,,,,,63.49721448467967,46.0,97.0,,,,,,,,,,,,7.62
2017-04-07,6256.0,1.3387251800000002,,,2.0,,67.93016759776536,48.0,108.0,,,,,,,,,,,,8.2
2017-04-08,9333.0,3.3889746900000004,,,5.0,,69.14110429447852,55.0,103.0,,,,,,,,,,,,10.63
2017-04-09,12221.0,6.257362750000001,,,3.0,,72.33502538071066,55.0,128.0,,,,,,,,,,,,
2017-04-10,8123.0,1.7014622400000001,,,,,68.89151599443672,53.0,120.0,,,,,,,,,,,,7.7
2017-04-11,4576.0,1.6959086799999998,,,3.36942,,75.63409563409563,53.0,128.0,,,,,,,,,,,,
2017-04-12,4365.0,0.59210914,,,2.0,,75.0748959778086,53.0,120.0,,,,,,,,,,,,7.72
2017-04-13,3473.0,1.4067170800000004,,,1.0,,58.482412060301506,53.0,103.0,,,,,,,,,,,,
2017-04-14,1843.0,0.6228622,,,1.0,,,,,,,,,,,,,,,,
2017-04-15,7972.0,2.5614128500000004,,,4.0,,77.18775510204081,58.0,117.0,,,,,,,,,,,,
2017-04-16,11333.0,4.29884448,,,5.0,,77.34545454545454,60.0,133.0,,,,,,,,,,,,
2017-04-17,4598.0,1.7082905100000008,,,2.0,,70.06030150753769,64.0,103.0,,,,,,,,,,,,7.42
2017-04-18,1971.0,0.7358701700000001,,,2.0,,79.0,79.0,79.0,,,,,,,,,,,,
2017-04-19,4244.0,0.8801458300000001,,,,,69.85388994307401,50.0,115.0,,,,,,,,,,,,
2017-04-20,4087.0,0.723704257,,,1.0,,67.04722222222222,47.0,109.0,,,,,,,,,,,,8.07
2017-04-21,4965.0,1.0056247600000001,,,1.91076,,69.76205287713842,53.0,99.0,,,,,,,,,,,,8.48
2017-04-22,7132.0,2.4848112180000013,,,2.0,,80.86175115207374,58.0,123.0,,,,,,,,,,,,8.9
2017-04-23,5191.0,2.0205999599999998,,,2.0,,,,,,,,,,,,,,,,
2017-04-24,6014.0,1.2001781500000002,,,2.0,,89.33103448275862,69.0,144.0,,,,,,,,,,,,
2017-04-25,4298.0,0.81513725,,,1.0,,70.64583333333333,56.0,103.0,,,,,,,,,,,,6.58
2017-04-26,4438.0,0.8211561499999999,,,3.0,,68.70055710306407,53.0,103.0,,,,,,,,,,,,7.0
2017-04-27,11749.0,6.203039386000001,,,6.0,,74.98613861386139,55.0,118.0,,,,,,,,,,,,7.62
2017-04-28,10075.0,3.859008849999999,,,6.0,,87.19638826185101,55.0,130.0,,,,,,,,,,,,
2017-04-29,8501.0,3.119497011000001,,,2.0,,80.20547945205479,59.0,132.0,,,,,,,,,,,,
2017-04-30,3919.0,6.35663,1027.0,2477.0,3.52592,,70.60606060606061,54.0,117.0,,,,,,,,,,,,
2017-05-01,11212.0,5.43905011,,,4.0,,71.71524288107203,48.0,128.0,,,,,,,,,,,,9.32
2017-05-02,1534.0,0.53385792,,,,,,,,,,,,,,,,,,,
2017-05-03,3993.0,1.4929164899999996,,,1.0,,,,,,,,,,,,,,,,
2017-05-04,3557.0,1.3529324999999999,,,2.0,,,,,,,,,,,,,,,,
2017-05-05,3159.0,1.1526770499999999,,,1.0,,,,,,,,,,,,,,,,
2017-05-06,5823.0,2.4383820700000003,,,5.0,,,,,,,,,,,,,,,,
2017-05-07,6644.0,2.58245645,,,10.0,,,,,,,,,,,,,,,,
2017-05-08,9072.0,5.413479709999998,,,2.0,,,,,,,,,,,,,,,,
2017-05-09,3991.0,1.486455487,,,2.0,,,,,,,,,,,,,,,,
2017-05-10,2643.0,0.97571531,,,2.0,,,,,,,,,,,,,,,,
2017-05-11,2512.0,0.94002445,,,2.0,,,,,,,,,,,,,,,,
2017-05-12,3258.0,1.151040379,,,4.0,,,,,,,,,,,,,,,,
2017-05-13,5112.0,1.873134269,,,1.0,,,,,,,,,,,,,,,,
2017-05-14,13258.0,5.0883528249999985,,,2.0,,72.07884615384616,55.0,111.0,,,,,,,,,,,,
2017-05-15,10493.0,2.6497909899999996,,,4.0,,71.76666666666667,51.0,107.0,,,,,,,,,,,,9.0
2017-05-16,2284.0,0.8504295199999999,,,,,62.72164948453608,59.0,99.0,,,,,,,,,,,,
2017-05-17,4400.0,1.0550381000000002,,,1.89042,,72.70353982300885,59.0,97.0,,,,,,,,,,,,
2017-05-18,5607.0,1.43389444,,,,,70.23333333333333,49.0,113.0,,,,,,,,,,,,5.8
2017-05-19,3052.0,1.132156859,,,1.0,,65.52307692307693,59.0,98.0,,,,,,,,,,,,7.47
2017-05-20,4815.0,1.6437383199999998,,,12.0,,72.28089887640449,60.0,102.0,,,,,,,,,,,,
2017-05-21,11864.0,4.636490399999999,,,2.0,,89.43732590529248,60.0,146.0,,,,,,,,,,,,
2017-05-22,6208.0,1.6299122199999998,,,2.0,,71.35755258126196,48.0,115.0,,,,,,,,,,,,
2017-05-23,4503.0,0.67010024,,,,,63.395833333333336,46.0,102.0,,,,,,,,,,,,7.93
2017-05-24,3984.0,1.3702334870000001,,,3.73228,,70.13319238900634,55.0,107.0,,,,,,,,,,,,6.7
2017-05-25,4994.0,1.7521936800000004,,,3.0,,73.50717703349282,56.0,108.0,,,,,,,,,,,,
2017-05-26,4078.0,0.7373319300000001,,,,,66.74778761061947,51.0,100.0,,,,,,,,,,,,4.22
2017-05-27,7382.0,2.57958857,,,2.0,,73.85567010309278,58.0,107.0,,,,,,,,,,,,10.97
2017-05-28,11794.0,0.6564905999999999,,,,,71.71351351351352,51.0,118.0,,,,,,,,,,,,
2017-05-29,8837.0,1.6914336219999997,,,,,79.26724137931035,55.0,127.0,,,,,,,,,,,,
2017-05-30,12369.0,5.278642489999998,,,1.0,,73.42083333333333,55.0,123.0,,,,,,,,,,,,6.72
2017-05-31,5551.0,1.1166061999999999,,,1.0,,66.23333333333333,51.0,118.0,,,,,,,,,,,,7.18
2017-06-01,8335.0,1.9936944500000005,,,,,70.14186369958276,48.0,115.0,,,,,,,,,,,,7.35
2017-06-02,4251.0,0.94739067,,,5.0,,68.25555555555556,46.0,112.0,,,,,,,,,,,,7.65
2017-06-03,8187.0,2.20349941,,,6.0,,74.39027777777778,56.0,136.0,,,,,,,,,,,,5.35
2017-06-04,7573.0,2.8014483900000005,,,1.0,,72.10416666666667,48.0,114.0,,,,,,,,,,,,7.35
2017-06-05,4746.0,1.5844527159999997,,,2.0,,70.11406844106465,55.0,106.0,,,,,,,,,,,,8.53
2017-06-06,4246.0,0.97144668,,,,,71.0139751552795,54.0,114.0,,,,,,,,,,,,6.72
2017-06-07,5606.0,1.2854398300000003,,,2.0,,77.13461538461539,50.0,108.0,,,,,,,,,,,,
2017-06-08,1310.0,0.5564832899999999,,,,,66.06030150753769,60.0,109.0,,,,,,,,,,,,
2017-06-09,8201.0,1.297182,,,2.0,,78.63368421052631,67.0,103.0,,,,,,,,,,,,
2017-06-10,8878.0,3.019462990000001,,,2.0,,79.03194444444445,60.0,129.0,,,,,,,,,,,,7.5
2017-06-11,7424.0,2.5529851299999993,,,5.68045,,75.19305555555556,57.0,138.0,,,,,,,,,,,,5.28
2017-06-12,8578.0,8.40467,197.0,746.0,3.0,,73.245,57.0,129.0,,,,,,,,,,,,8.42
2017-06-13,5956.0,2.6492387600000007,,,19.0,,,,,,,,,,,,,,,,
2017-06-14,6345.0,2.3172586479999997,,,3.0,,,,,,,,,,,,,,,,
2017-06-15,3945.0,1.4103181800000004,,,3.0,,,,,,,,,,,,,,,,
2017-06-16,8690.0,3.2822577999999996,,,2.0,,,,,,,,,,,,,,,,
2017-06-17,4547.0,1.68257071,,,3.0,,,,,,,,,,,,,,,,
2017-06-18,6398.0,2.37445786,,,3.0,,,,,,,,,,,,,,,,
2017-06-19,5047.0,1.8115366600000007,,,,,,,,,,,,,,,,,,,
2017-06-20,2943.0,1.04720952,,,1.0,,,,,,,,,,,,,,,,
2017-06-21,2968.0,1.1600500799999998,,,1.0,,,,,,,,,,,,,,,,
2017-06-22,2601.0,0.9492320550000003,,,,,,,,,,,,,,,,,,,
2017-06-23,1761.0,0.61023945,,,,,,,,,,,,,,,,,,,
2017-06-24,9589.0,4.096170070000001,,,,,,,,,,,,,,,,,,,
2017-06-25,35.0,0.01561506,,,,,,,,,,,,,,,,,,,
2017-06-26,3179.0,1.1850085399999999,,,3.0,,,,,,,,,,,,,,,,
2017-06-27,1169.0,0.43557301000000004,,,,,,,,,,,,,,,,,,,
2017-06-28,2566.0,0.9196529999999999,,,,,,,,,,,,,,,,,,,
2017-06-29,3135.0,1.05137715,,,,,,,,,,,,,,,,,,,
2017-06-30,6399.0,3.08821,207.0,,,,,,,,,,,,,,,,,,
2017-07-01,4138.0,1.5309227899999998,,,2.0,,,,,,,,,,,,,,,,
2017-07-02,4602.0,1.6352356700000001,,,4.0,,,,,,,,,,,,,,,,
2017-07-03,2284.0,4.49562,746.0,,,,,,,,,,,,,,,,,,
2017-07-04,8763.0,4.455107399999999,,,2.0,,,,,,,,,,,,,,,,
2017-07-05,2960.0,12.7934,565.0,,3.0,,,,,,,,,,,,,,,,
2017-07-06,7692.0,3.54071378,,,18.0,,,,,,,,,,,,,,,,
2017-07-07,5680.0,2.138122822,,,1.0,,,,,,,,,,,,,,,,
2017-07-08,5927.0,2.20381846,,,2.0,,,,,,,,,,,,,,,,
2017-07-09,512.0,0.18524351,,,1.0,,,,,,,,,,,,,,,,
2017-07-10,2608.0,0.9497376299999999,,,1.0,,,,,,,,,,,,,,,,
2017-07-11,4524.0,1.588215442,,,,,,,,,,,,,,,,,,,
2017-07-12,2432.0,0.8462370099999997,,,1.0,,,,,,,,,,,,,,,,
2017-07-13,3049.0,1.0555922549999999,,,,,,,,,,,,,,,,,,,
2017-07-14,4224.0,1.4607703600000002,,,1.0,,,,,,,,,,,,,,,,
2017-07-15,3545.0,1.2963902999999999,,,1.0,,,,,,,,,,,,,,,,
2017-07-16,1247.0,0.44024778,,,,,,,,,,,,,,,,,,,
2017-07-17,10342.0,3.9464949390000004,,,1.0,,,,,,,,,,,,,,,,
2017-07-18,3975.0,1.4773604239999998,,,2.0,,,,,,,,,,,,,,,,
2017-07-19,8303.0,2.9516628700000007,,,,,,,,,,,,,,,,,,,
2017-07-20,3631.0,1.2965555499999994,,,2.0,,,,,,,,,,,,,,,,
2017-07-21,1774.0,0.6448712500000001,,,1.0,,,,,,,,,,,,,,,,
2017-07-22,9829.0,3.6652442799999996,660.0,,9.0,,,,,,,,,,,,,,,,
2017-07-23,5363.0,1.9354103199999997,,,1.0,,,,,,,,,,,,,,,,
2017-07-24,3130.0,1.1453549299999997,,,1.0,,,,,,,,,,,,,,,,
2017-07-25,701.0,0.26147319,,,2.0,,,,,,,,,,,,,,,,
2017-07-26,1473.0,0.5130226200000001,,,1.0,,,,,,,,,,,,,,,,
2017-07-27,1910.0,0.7118056599999999,,,1.0,,,,,,,,,,,,,,,,
2017-07-28,3241.0,1.28525691,,,7.0,,,,,,,,,,,,,,,,
2017-07-29,3964.0,1.4537540500000001,,,6.0,,,,,,,,,,,,,,,,
2017-07-30,1776.0,0.66507842,,,1.0,,,,,,,,,,,,,,,,
2017-07-31,4153.0,1.5988175199999999,,,,,,,,,,,,,,,,,,,
2017-08-01,1495.0,0.5654556999999999,,,,,,,,,,,,,,,,,,,
2017-08-02,4303.0,1.5936171170000002,,,6.0,,,,,,,,,,,,,,,,
2017-08-03,4265.0,1.4867926499999997,,,2.0,,,,,,,,,,,,,,,,
2017-08-04,2363.0,0.8550070259999998,,,2.52198,,,,,,,,,,,,,,,,
2017-08-05,8809.0,2.8194862019999998,,,1.0,,74.13655761024182,60.0,112.0,,,,,,,302.999,,,,,7.38
2017-08-06,8286.0,0.37003913,,,,,71.08997050147492,54.0,109.0,,,,,,,302.999,,,,,10.6
2017-08-07,5980.0,1.7642017099999998,,,,,85.73186119873817,68.0,118.0,,,,,,,302.999,,,,,
2017-08-08,3325.0,2.9919,731.0,2936.0,1.8189,,74.83499005964215,55.0,111.0,,,,,,,302.999,,,,,
2017-08-09,5263.0,1.0618798969999999,,,1.0,,74.45416666666667,53.0,120.0,,,,,,,302.999,,,,,8.17
2017-08-10,3175.0,1.1574606500000002,,,1.0,,,,,,,,,,,,,,,,
2017-08-11,3233.0,1.1911353500000001,,,1.0,,,,,,,,,,,,,,,,
2017-08-12,2694.0,1.07399693,,,1.0,,,,,,,,,,,,,,,,
2017-08-13,2361.0,0.843833897,,,1.0,,,,,,,,,,,,,,,,
2017-08-14,4077.0,1.4593211719999999,,,3.0,,,,,,,,,,,,,,,,
2017-08-15,2394.0,0.8545401299999998,,,3.0,,,,,,,,,,,,,,,,
2017-08-16,1064.0,0.40584841999999993,,,1.0,,,,,,,,,,,,,,,,
2017-08-17,1753.0,0.6406337499999999,,,,,,,,,,,,,,,,,,,
2017-08-18,4659.0,1.7236188500000003,,,1.0,,,,,,,,,,,,,,,,
2017-08-19,8145.0,3.2213438999999995,,,3.0,,,,,,,,,,,,,,,,
2017-08-20,6160.0,2.2187868,,,7.0,,,,,,,,,,,,,,,,
2017-08-21,2368.0,0.8285671390000002,,,2.0,,,,,,,,,,,,,,,,
2017-08-22,2821.0,1.03696899,,,2.0,,,,,,,,,,,,,,,,
2017-08-23,2117.0,3.24666,489.0,2936.0,2.0,,,,,,,,,,,,,,,,
2017-08-24,5712.0,1.2269278399999999,,,1.0,,71.47361111111111,54.0,116.0,,,,,,,302.999,,,,,5.1
2017-08-25,2648.0,0.94890218,,,1.0,,,,,,,,,,,,,,,,
2017-08-26,7272.0,2.710452862,,,1.0,,73.0,73.0,73.0,,,,,,,,,,,,
2017-08-27,7392.0,0.989783675,,,2.0,,80.84686774941996,51.0,141.0,,,,,,,302.999,,,,,
2017-08-28,5512.0,1.011231686,,,3.0,,67.5375,49.0,125.0,,,,,,,302.999,,,,,7.33
2017-08-29,4920.0,0.85452696,,,,,70.18333333333334,50.0,128.0,,,,,,,302.999,,,,,7.78
2017-08-30,4273.0,0.79092473,,,,,68.37777777777778,52.0,110.0,,,,,,,302.999,,,,,7.02
2017-08-31,5508.0,1.0396357799999998,,,1.0,,68.73194444444445,54.0,105.0,,,,,,,302.999,,,,,7.63
2017-09-01,4557.0,0.91132203,,,1.0,,70.56946564885496,54.0,113.0,,,,,,,302.999,,,,,6.75
2017-09-02,10650.0,3.2443708300000003,,,30.0,,84.72727272727273,60.0,127.0,,,,,,,302.999,,,,,
2017-09-03,9597.0,2.744688919999999,,,3.0,,71.50694444444444,53.0,112.0,,,,,,,302.999,,,,,9.7
2017-09-04,1038.0,0.38078880000000004,,,1.0,,69.2723880597015,58.0,104.0,,,,,,,302.999,,,,,
2017-09-05,5843.0,1.2838538,,,6.0,,71.30555555555556,50.0,122.0,,,,,,,302.999,,,,,6.42
2017-09-06,5236.0,1.2499685299999999,,,3.0,,69.96805555555555,53.0,104.0,,,,,,,302.999,,,,,7.17
2017-09-07,3813.0,0.644908702,,,1.0,,63.96111111111111,45.0,105.0,,,,,,,302.999,,,,,7.58
2017-09-08,3787.0,0.44366514000000007,,,,,66.91805555555555,48.0,112.0,,,,,,,302.999,,,,,6.48
2017-09-09,4590.0,0.9535934749999998,,,3.0,,72.52638888888889,58.0,115.0,,,,,,,302.999,,,,,7.15
2017-09-10,6505.0,0.6514332899999999,,,4.0,,69.425,53.0,108.0,,,,,,,302.999,,,,,8.8
2017-09-11,6708.0,1.36831034,,,,,73.88176638176638,54.0,131.0,,,,,,,302.999,,,,,8.07
2017-09-12,6318.0,0.9408802499999998,,,2.0,,74.88194444444444,56.0,145.0,,,,,,,302.999,,,,,6.08
2017-09-13,5869.0,1.18816722,,,3.0,,74.26582278481013,53.0,122.0,,,,,,,302.999,,,,,7.17
2017-09-14,2786.0,0.985245831,,,2.0,,70.03015075376885,61.0,113.0,,,,,,,302.999,,,,,
2017-09-15,4747.0,1.2892279860000002,,,4.0,,71.07779886148008,52.0,109.0,,,,,,,302.999,,,,,
2017-09-16,5153.0,1.6569543100000002,,,2.0,,65.31012658227849,51.0,98.0,,,,,,,302.999,,,,,7.18
2017-09-17,2711.0,0.70125564,,,,,72.90697674418605,58.0,110.0,,,,,,,302.999,,,,,
2017-09-18,8263.0,1.6362753799999994,,,,,73.00170357751277,54.0,122.0,,,,,,,302.999,,,,,8.08
2017-09-19,5765.0,1.072231787,,,4.0,,82.04770318021201,62.0,152.0,,,,,,,302.999,,,,,
2017-09-20,4510.0,0.618835846,,,1.0,,66.34166666666667,49.0,103.0,,,,,,,302.999,,,,,8.32
2017-09-21,4440.0,0.8789296300000004,,,1.0,,69.75833333333334,52.0,119.0,,,,,,,302.999,,,,,7.2
2017-09-22,4945.0,1.0962788599999997,,,2.0,,67.75416666666666,51.0,114.0,,,,,,,302.999,,,,,10.13
2017-09-23,5547.0,1.0039432000000001,,,1.0,,74.79583333333333,47.0,130.0,,,,,,,302.999,,,,,7.93
2017-09-24,4712.0,0.99077676,,,1.83629,,73.90555555555555,59.0,113.0,,,,,,,302.999,,,,,
2017-09-25,2247.0,0.6580380699999999,,,,,72.0704845814978,58.0,132.0,,,,,,,302.999,,,,,7.53
2017-09-26,2145.0,0.7615774999999999,,,,,82.0,82.0,82.0,,,,,,,,,,,,
2017-09-27,5214.0,0.668265645,,,,,84.34013605442176,61.0,143.0,,,,,,,302.999,,,,,
2017-09-28,4614.0,0.7230043699999998,,,,,71.32083333333334,57.0,113.0,,,,,,,302.999,,,,,6.57
2017-09-29,8733.0,2.0005973900000003,,,1.0,,74.51388888888889,55.0,117.0,,,,,,,302.999,,,,,7.9
2017-09-30,8312.0,3.1902080600000002,,,8.0,,70.82272727272728,57.0,122.0,,,,,,,302.999,,,,,
2017-10-01,7316.0,1.1954747399999999,,,4.0,,74.53856942496493,56.0,147.0,,,,,,,302.999,,,,,8.98
2017-10-02,7364.0,1.72703194,,,1.0,,76.62916666666666,56.0,125.0,,,,,,,302.999,,,,,8.68
2017-10-03,3728.0,0.18734342999999998,,,,,68.71167369901548,54.0,109.0,,,,,,,302.999,,,,,7.75
2017-10-04,3933.0,0.801873163,,,,,66.19209039548022,49.0,112.0,,,,,,,302.999,,,,,8.52
2017-10-05,3933.0,0.7033867400000001,,,,,65.875,51.0,105.0,,,,,,,302.999,,,,,6.72
2017-10-06,8076.0,1.8610872239999998,,,,,67.66614664586584,44.0,104.0,,,,,,,302.999,,,,,6.83
2017-10-07,6507.0,0.8443860099999999,,,3.0,,78.55905511811024,57.0,131.0,,,,,,,302.999,,,,,
2017-10-08,7026.0,2.6306411400000003,,,5.23196,,77.09510869565217,62.0,136.0,,,,,,,302.999,,,,,
2017-10-09,8655.0,2.3149412899999997,,,6.0,,70.57083333333334,51.0,108.0,,,,,,,302.999,,,,,7.65
2017-10-10,2696.0,0.9675430299999999,,,1.0,,56.85114503816794,50.0,106.0,,,,,,,302.999,,,,,6.57
2017-10-11,4431.0,0.8172149100000001,,,1.0,,61.19722222222222,47.0,94.0,,,,,,,302.999,,,,,
2017-10-12,5943.0,1.221789835,,,2.0,,65.96944444444445,52.0,104.0,,,,,,,302.999,,,,,6.93
2017-10-13,6423.0,1.7907367699999999,,,1.0,,70.85555555555555,50.0,115.0,,,,,,,302.999,,,,,8.2
2017-10-14,7012.0,1.7303012,,,1.0,,78.34444444444445,58.0,114.0,,,,,,,302.999,,,,,8.45
2017-10-15,8656.0,2.7133520900000003,,,2.81955,,67.91527777777777,49.0,110.0,,,,,,,302.999,,,,,8.85
2017-10-16,5180.0,1.4361190599999998,,,3.0,,64.57638888888889,47.0,112.0,,,,,,,302.999,,,,,7.7
2017-10-17,4329.0,1.4742615499999996,,,1.0,,66.13436123348018,50.0,107.0,,,,,,,302.999,,,,,7.3
2017-10-18,8054.0,2.3441485699999993,,,6.0,,70.75702247191012,49.0,121.0,,,,,,,302.999,,,,,8.15
2017-10-19,4088.0,0.6981725399999998,,,1.0,,71.12727272727273,49.0,115.0,,,,,,,302.999,,,,,7.27
2017-10-20,2663.0,0.9496044600000002,,,,,,,,,,,,,,302.999,,,,,
2017-10-21,8810.0,3.0853075199999997,,,13.0,,69.41176470588235,45.0,78.0,,,,,,,302.999,,,,,
2017-10-22,3887.0,1.217838124,,,1.0,,,,,,,,,,,302.999,,,,,
2017-10-23,5879.0,1.3424531000000004,,,2.0,,,,,,,,,,,,,,,,
2017-10-24,6085.0,1.3014150719999995,,,1.0,,,,,,,,,,,302.999,,,,,
2017-10-25,4208.0,0.6696832500000001,,,1.0,,72.43322475570032,64.0,81.0,,,,,,,302.999,,,,,
2017-10-26,4003.0,0.4423106500000001,,,1.0,,65.75239616613419,59.0,74.0,,,,,,,302.999,,,,,7.22
2017-10-27,5165.0,1.300959276,,,1.0,,64.91666666666667,60.0,77.0,,,,,,,302.999,,,,,7.58
2017-10-28,7033.0,2.5489976499999996,,,4.0,,68.5,46.0,78.0,,,,,,,302.999,,,,,
2017-10-29,4654.0,1.17930693,,,24.0,,70.54485776805252,58.0,143.0,,,,,,,302.999,,,,,9.72
2017-10-30,5058.0,0.9166345099999998,,,,,63.00821917808219,59.0,71.0,,,,,,,302.999,,,,,
2017-10-31,5716.0,1.4182122499999998,,,1.0,,,,,,,,,,,302.999,,,,,
2017-11-01,4967.0,0.80235926,,,,,,,,,,,,,,302.999,,,,,
2017-11-02,1170.0,0.38637472000000006,,,1.0,,,,,,,,,,,302.999,,,,,
2017-11-03,4945.0,1.1770206199999997,,,2.0,,72.13396226415094,51.0,111.0,,,,,,,302.999,,,,,
2017-11-04,7122.0,2.629718680000001,,,1.0,,69.71944444444445,57.0,104.0,,,,,,,,,,,,8.92
2017-11-05,9549.0,5.68368,1270.0,2936.0,6.0,,76.29420289855072,57.0,114.0,,,,,,,,,,,,9.7
2017-11-06,10003.0,3.399177424,,,3.0,,77.42222222222222,57.0,127.0,,,,,,,302.999,,,,,6.55
2017-11-07,5924.0,1.9362546099999995,,,,,71.08055555555555,54.0,113.0,,,,,,,302.999,,,,,7.23
2017-11-08,5286.0,1.01534164,,,2.0,,70.67083333333333,51.0,109.0,,,,,,,302.999,,,,,8.23
2017-11-09,6093.0,1.6534307699999995,,,1.0,,70.05,47.0,123.0,,,,,,,302.999,,,,,6.6
2017-11-10,6181.0,1.3186060799999997,,,2.0,,67.11111111111111,49.0,118.0,,,,,,,302.999,,,,,9.02
2017-11-11,9934.0,3.9821178200000005,,,8.0,,70.99027777777778,55.0,117.0,,,,,,,302.999,,,,,8.67
2017-11-12,3780.0,1.43378339,,,2.0,,65.21038961038961,51.0,103.0,,,,,,,302.999,,,,,9.12
2017-11-13,7784.0,1.9273416800000003,,,4.0,,67.12777777777778,47.0,134.0,,,,,,,302.999,,,,,
2017-11-14,6143.0,2.3342610999999995,,,,,68.59248956884562,47.0,111.0,,,,,,,302.999,,,,,10.47
2017-11-15,7347.0,2.585344390000001,,,1.0,,69.96805555555555,55.0,105.0,,,,,,,302.999,,,,,2.27
2017-11-16,6802.0,2.22285657,,,7.0,,67.2875,51.0,102.0,,,,,,,302.999,,,,,14.68
2017-11-17,4522.0,0.9642562590000001,,,7.90486,,69.39861111111111,56.0,109.0,,,,,,,302.999,,,,,2.52
2017-11-18,12792.0,1.18482498,,,3.0,,68.17083333333333,50.0,116.0,,,,,,,302.999,,,,,7.7
2017-11-19,2712.0,0.9943559999999999,,,2.0,,59.501831501831504,54.0,96.0,,,,,,,302.999,,,,,
2017-11-20,4039.0,1.15964188,,,,,,,,,,,,,,302.999,,,,,
2017-11-21,12072.0,6.0057634900000005,,,3.0,,64.80659025787966,50.0,114.0,,,,,,,302.999,,,,,8.47
2017-11-22,14187.0,4.95597073,,,4.0,,69.3236111111111,53.0,85.0,,,,,,,302.999,,,,,8.32
2017-11-23,13568.0,4.648669626999997,,,3.0,,70.28055555555555,55.0,119.0,,,,,,,302.999,,,,,8.57
2017-11-24,4318.0,0.7810519899999999,,,3.0,,66.27397260273973,55.0,81.0,,,,,,,302.999,,,,,8.42
2017-11-25,9355.0,4.222935528000002,,,11.0,,64.38585209003216,53.0,132.0,,,,,,,302.999,,,,,
2017-11-26,5245.0,0.43191502,,,6.0,,64.53719008264463,58.0,83.0,,,,,,,302.999,,,,,7.93
2017-11-27,6819.0,1.8607326600000005,,,1.0,,62.80769230769231,43.0,81.0,,,,,,,302.999,,,,,
2017-11-28,4911.0,0.86818605,,,1.0,,56.38636363636363,53.0,73.0,,,,,,,302.999,,,,,6.78
2017-11-29,5136.0,0.97959202,,,2.0,,,,,,,,,,,302.999,,,,,
2017-11-30,4562.0,1.0030302100000001,,,2.0,,69.96461824953445,52.0,108.0,,,,,,,,,,,,
2017-12-01,5061.0,1.110172686,,,1.0,,65.8625,48.0,104.0,,,,,,,,,,,,8.57
2017-12-02,16618.0,5.8122175500000015,,,8.0,,67.65507649513212,51.0,125.0,,,,,,,,,,,,8.42
2017-12-03,5240.0,0.5567921100000001,,,,,67.54861111111111,53.0,103.0,,,,,,,,,,,,9.28
2017-12-04,15696.0,7.3523107,,,9.0,,72.53028064992614,53.0,131.0,,,,,,,,,,,,6.68
2017-12-05,4288.0,0.59133401,,,,,63.423611111111114,43.0,101.0,,,,,,,,,,,,7.07
2017-12-06,12832.0,5.757962440000001,,,5.0,,65.75711159737418,51.0,132.0,,,,,,,,,,,,6.43
2017-12-07,3975.0,1.4668396400000001,,,3.0,,69.60416666666667,56.0,96.0,,,,,,,,,,,,
2017-12-08,2993.0,1.0977515289999997,,,1.0,,,,,,,,,,,,,,,,
2017-12-09,3071.0,1.1146220900000001,,,5.0,,67.90712074303406,37.0,97.0,,,,,,,320.0,,,,,
2017-12-10,12673.0,5.936752409999998,,,6.0,,69.72777777777777,52.0,114.0,,,,,,,,,,,,8.65
2017-12-11,7548.0,1.6926679,,,4.0,,69.08603667136812,49.0,132.0,,,,,,,,,,,,8.43
2017-12-12,7138.0,2.4731438400000005,,,4.0,,66.83211678832117,48.0,120.0,,,,,,,,,,,,8.23
2017-12-13,6280.0,0.9980247900000001,,,2.0,,68.48527349228611,50.0,136.0,,,,,,,,,,,,7.72
2017-12-14,6915.0,2.25140025,,,1.0,,63.43829787234043,49.0,97.0,,,,,,,,,,,,8.1
2017-12-15,8547.0,1.5965262199999999,,,1.0,,70.64027777777778,48.0,127.0,,,,,,,,,,,,6.65
2017-12-16,5691.0,1.5636673519999997,,,,,62.30833333333333,48.0,88.0,,,,,,,,,,,,7.52
2017-12-17,5358.0,1.7972103289999997,,,3.0,,62.78888888888889,47.0,106.0,,,,,,,,,,,,10.73
2017-12-18,8723.0,1.37812777,,,,,69.78194444444445,54.0,127.0,,,,,,,324.999,,,,,8.05
2017-12-19,6272.0,1.19793207,,,,,68.3638888888889,52.0,107.0,,,,,,,,,,,,7.13
2017-12-20,7433.0,1.46305904,,,4.0,,70.67222222222222,52.0,129.0,,,,,,,,,,,,7.77
2017-12-21,8424.0,2.337444299000001,,,1.0,,66.9,51.0,115.0,,,,,,,,,,,,7.02
2017-12-22,9831.0,1.776555939999999,,,6.0,,71.88684582743988,53.0,124.0,,,,,,,,,,,,6.38
2017-12-23,3302.0,0.733305117,,,5.0,,64.22106824925817,51.0,107.0,,,,,,,,,,,,7.5
2017-12-24,5850.0,1.34793333,,,7.0,,66.69868995633188,52.0,103.0,,,,,,,,,,,,8.98
2017-12-25,14845.0,7.301078440000003,,,9.0,,74.5,55.0,125.0,,,,,,,,,,,,7.98
2017-12-26,12543.0,3.50728124,,,7.0,,76.2,54.0,124.0,,,,,,,,,,,,6.77
2017-12-27,8414.0,2.4211861359999998,,,6.0,,72.24166666666666,40.0,115.0,,,,,,,,,,,,7.48
2017-12-28,4075.0,0.8559325300000002,,,2.0,,66.47025495750708,49.0,110.0,,,,,,,,,,,,6.57
2017-12-29,5051.0,0.9705755699999998,,,1.0,,66.45972222222223,41.0,116.0,,,,,,,,,,,,9.0
2017-12-30,5703.0,1.4716519519999998,,,5.0,,68.06388888888888,54.0,100.0,,,,,,,,,,,,8.48
2017-12-31,12674.0,4.965313859999999,,,4.0,,70.15,51.0,123.0,,,,,,,,,,,,8.82
2018-01-01,5992.0,1.3340335190000003,,,4.0,,67.72083333333333,52.0,104.0,,,,,,,,,,,,8.92
2018-01-02,6786.0,1.469394632,,,2.0,,64.0736111111111,49.0,104.0,,,,,,,,,,,,5.92
2018-01-03,7329.0,0.8313694200000001,,,2.0,,68.38888888888889,49.0,133.0,,,,,,,,,,,,6.5
2018-01-04,4150.0,0.73451027,,,,,64.17415730337079,49.0,103.0,,,,,,,,,,,,6.9
2018-01-05,8694.0,1.3748027000000003,,,3.0,,70.60618846694796,51.0,123.0,,,,,,,,,,,,7.12
2018-01-06,9049.0,2.92296714,,,6.0,,69.58888888888889,53.0,120.0,,,,,,,,,,,,10.25
2018-01-07,1917.0,0.0495108,,,,,64.30833333333334,54.0,120.0,,,,,,,,,,,,8.18
2018-01-08,3421.0,0.86856442,,,5.0,,68.11944444444444,55.0,107.0,,,,,,,,,,,,
2018-01-09,5863.0,1.6370207300000001,,,3.0,,68.15277777777777,54.0,112.0,,,,,,,,,,,,8.78
2018-01-10,5442.0,1.0081312930000002,,,2.0,,68.03333333333333,48.0,111.0,,,,,,,,,,,,7.62
2018-01-11,3686.0,0.83361942,,,1.0,,65.61786237188872,53.0,115.0,,,,,,,,,,,,7.43
2018-01-12,6290.0,1.60991166,,,2.0,,70.90204081632653,53.0,101.0,,,,,,,,,,,,
2018-01-13,3909.0,0.31945274999999995,,,3.0,,62.290277777777774,47.0,98.0,,,,,,,,,,,,9.9
2018-01-14,5786.0,1.359119934,,,1.0,,68.21527777777777,54.0,110.0,,,,,,,,,,,,7.53
2018-01-15,6445.0,0.52285907,,,1.0,,71.03055555555555,55.0,135.0,,,,,,,,,,,,8.8
2018-01-16,5563.0,0.90972271,,,1.0,,65.30555555555556,50.0,98.0,,,,,,,,,,,,8.25
2018-01-17,10430.0,1.0138726249999999,,,4.0,,71.60416666666667,52.0,133.0,,,,,,,,,,,,7.75
2018-01-18,5427.0,1.2066159199999997,,,4.0,,64.97464788732394,44.0,106.0,,,,,,,,,,,,7.47
2018-01-19,8871.0,1.75979198,,,3.0,,72.31750741839762,51.0,123.0,,,,,,,324.999,,,,,6.27
2018-01-20,8545.0,1.8928765,,,6.0,,66.96944444444445,50.0,107.0,,,,,,,324.999,,,,,9.93
2018-01-21,4593.0,1.3801706999999999,,,2.0,,63.11944444444445,43.0,96.0,,,,,,,,,,,,6.83
2018-01-22,4944.0,0.6855154099999999,,,1.0,,62.77997179125529,45.0,104.0,,,,,,,324.999,,,,,7.77
2018-01-23,6645.0,1.8826241800000003,,,1.0,,65.95,50.0,127.0,,,,,,,,,,,,8.82
2018-01-24,6352.0,0.77532497,,,1.0,,62.331944444444446,48.0,97.0,,,,,,,324.999,,,,,6.88
2018-01-25,3884.0,0.59370151,,,,,64.1891891891892,51.0,109.0,,,,,,,,,,,,7.42
2018-01-26,4882.0,1.0722630600000003,,,3.0,,61.61805555555556,47.0,98.0,,,,,,,,,,,,8.12
2018-01-27,6922.0,0.72211419,,,2.0,,64.77916666666667,46.0,109.0,,,,,,,,,,,,7.48
2018-01-28,5731.0,1.49039615,,,2.0,,63.9929676511955,51.0,108.0,,,,,,,,,,,,9.73
2018-01-29,4886.0,0.7399038400000001,,,,,67.64406779661017,53.0,104.0,,,,,,,324.999,,,,,8.5
2018-01-30,4684.0,0.5924895400000001,,,3.0,,67.72777777777777,51.0,114.0,,,,,,,,,,,,8.3
2018-01-31,6333.0,1.0209752199999997,,,1.0,,74.64027777777778,56.0,120.0,,,,,,,324.999,,,,,7.0
2018-02-01,6323.0,1.33973169,,,1.0,,70.07777777777778,48.0,128.0,,,,,,,,,,,,8.53
2018-02-02,5776.0,1.0952365800000001,,,1.0,,67.30704225352113,50.0,107.0,,,,,,,,,,,,5.22
2018-02-03,7266.0,0.8144394300000001,,,2.0,,70.5736111111111,50.0,112.0,,,,,,,324.999,,,,,8.42
2018-02-04,11417.0,4.00420333,,,1.0,,68.8762306610408,54.0,128.0,,,,,,,324.999,,,,,8.6
2018-02-05,5784.0,0.62416128,,,1.0,,72.21357850070721,53.0,122.0,,,,,,,324.999,,,,,8.17
2018-02-06,4520.0,0.44783461,,,1.0,,64.53611111111111,48.0,115.0,,,,,,,,,,,,7.72
2018-02-07,4710.0,1.056903276,,,,,72.87083333333334,52.0,137.0,,,,,,,,,,,,7.75
2018-02-08,6914.0,1.9388583799999997,,,1.0,,66.60972222222222,48.0,114.0,,,,,,,,,,,,7.45
2018-02-09,7004.0,1.26191162,,,2.0,,70.36111111111111,53.0,114.0,,,,,,,324.999,,,,,7.25
2018-02-10,12723.0,4.413501589999998,,,2.0,,71.52523659305994,55.0,110.0,,,,,,,324.999,,,,,10.2
2018-02-11,3445.0,0.19895681999999998,,,1.0,,63.775,48.0,114.0,,,,,,,,,,,,10.33
2018-02-12,10440.0,1.7430552700000002,,,1.0,,71.08888888888889,48.0,131.0,,,,,,,,,,,,8.98
2018-02-13,5345.0,0.8114983200000001,,,2.0,,62.84027777777778,44.0,100.0,,,,,,,,,,,,7.13
2018-02-14,7875.0,0.9855311769999998,,,1.0,,69.79861111111111,50.0,112.0,,,,,,,,,,,,6.67
2018-02-15,3597.0,0.4767097799999999,,,,,57.584722222222226,45.0,89.0,,,,,,,325.0,,,,,5.78
2018-02-16,6625.0,1.1575447220000001,,,1.0,,64.74583333333334,45.0,126.0,,,,,,,324.0,,,,,7.7
2018-02-17,14148.0,5.75940081,,,5.0,,66.34696755994358,46.0,113.0,,,,,,,322.999,,,,,9.38
2018-02-18,4954.0,0.8531738699999999,,,3.0,,63.67777777777778,49.0,114.0,,,,,,,321.0,,,,,10.5
2018-02-19,5661.0,0.785780035,1850.0,,3.0,,64.82083333333334,46.0,109.0,,,,,,,321.0,,,,,5.85
2018-02-20,5291.0,0.9393329100000001,,,2.0,,62.96527777777778,47.0,99.0,,,,,,,,,,,,8.53
2018-02-21,4875.0,0.9641953019999998,,,2.0,,63.8,49.0,100.0,,,,,,,,,,,,7.9
2018-02-22,5302.0,0.84344176,,,1.0,,62.90833333333333,50.0,106.0,,,,,,,,,,,,8.0
2018-02-23,5644.0,1.49424968,,,4.0,,71.05,51.0,115.0,,,,,,,,,,,,7.4
2018-02-24,3988.0,1.0911909200000003,,,2.0,,69.47247706422019,57.0,109.0,,,,,,,,,,,,10.9
2018-02-25,3771.0,0.9740552300000002,,,3.0,,71.4635761589404,58.0,113.0,,,,,,,,,,,,
2018-02-26,8270.0,0.8232435130000002,3852.0,,3.0,,76.60694444444445,56.0,123.0,,,,,,,314.999,,,,,7.58
2018-02-27,5849.0,1.3364651099999998,,,3.0,,71.87777777777778,56.0,107.0,,,,,,,,,,,,7.87
2018-02-28,4757.0,0.9252910999999999,,,2.0,,69.2125,53.0,111.0,,,,,,,,,,,,6.85
2018-03-01,6930.0,1.130777106,,,4.0,,71.29861111111111,55.0,117.0,,,,,,,312.999,,,,,8.5
2018-03-02,4427.0,0.93563057,,,4.0,,66.78611111111111,51.0,105.0,,,,,,,309.999,,,,,7.77
2018-03-03,7078.0,1.92017981,,,7.0,,64.21458625525946,47.0,107.0,,,,,,,,,,,,10.28
2018-03-04,4308.0,1.555889175,,,3.0,,66.38194444444444,49.0,108.0,,,,,,,,,,,,7.67
2018-03-05,6622.0,0.97225356,,,1.0,,74.27916666666667,53.0,140.0,,,,,,,,,,,,7.43
2018-03-06,6497.0,1.2034221,,,2.0,,68.36805555555556,52.0,107.0,,,,,,,309.999,,,,,14.1
2018-03-07,6785.0,0.60959002,3472.0,,2.0,,71.65555555555555,53.0,127.0,,,,,,,,,,,,15.6
2018-03-08,7185.0,1.7716957000000002,,,3.0,,67.94166666666666,48.0,106.0,,,,,,,,,,,,8.25
2018-03-09,7287.0,1.8492015600000002,,,3.0,,66.9625,46.0,106.0,,,,,,,,,,,,7.98
2018-03-10,5490.0,2.09684165,,,8.0,,63.60431654676259,48.0,99.0,,,,,,,309.999,,,,,10.45
2018-03-11,6463.0,2.1671625899999998,,,4.0,,,,,,,,,,,,,,,,
2018-03-12,5999.0,1.1551042930000002,,,2.0,,67.63055555555556,48.0,105.0,,,,,,,,,,,,6.8
2018-03-13,6432.0,1.0506605599999999,,,1.0,,66.10555555555555,51.0,104.0,,,,,,,,,,,,7.0
2018-03-14,11993.0,3.588119570000001,,,3.0,,75.25070028011204,46.0,123.0,,,,,,,309.999,,,,,6.0
2018-03-15,10205.0,3.0356300489999994,,,2.0,,72.55346820809248,55.0,125.0,,,,,,,,,,,,6.17
2018-03-16,7952.0,2.754053289999999,,,3.0,,73.02638888888889,53.0,121.0,,,,,,,,,,,,9.32
2018-03-17,3993.0,1.30632063,,,,,88.43055555555556,69.0,138.0,,,,,,,,,,,,9.52
2018-03-18,4884.0,1.1777930599999997,,,1.0,,76.575,48.0,127.0,,,,,,,309.999,,,,,7.47
2018-03-19,4225.0,0.4805622600000001,,,3.0,,66.5736111111111,48.0,121.0,,,,,,,,,,,,8.42
2018-03-20,1084.0,0.14160429,,,1.0,,62.96111111111111,50.0,111.0,,,,,,,306.998,,,,,9.67
2018-03-21,689.0,0.09094389,,,2.0,,61.13194444444444,47.0,103.0,,,,,,,,,,,,4.13
2018-03-22,2256.0,0.49428217999999996,,,2.0,,58.80972222222222,44.0,122.0,,,,,,,,,,,,11.17
2018-03-23,1347.0,0.23665552,,,1.0,,61.18333333333333,50.0,105.0,,,,,,,,,,,,5.77
2018-03-24,2279.0,0.52185857,,,4.0,,64.79444444444445,43.0,106.0,,,,,,,306.998,,,,,
2018-03-25,2496.0,0.63852722,,,4.0,,61.7062404870624,48.0,122.0,,,,,,,,,,,,6.85
2018-03-26,4990.0,0.9062440999999999,,,4.0,,65.31388888888888,50.0,103.0,,,,,,,299.998,,,,,8.33
2018-03-27,4384.0,0.68043914,,,3.0,,68.20833333333333,51.0,103.0,,,,,,,,,,,,7.03
2018-03-28,4245.0,1.15023815,,,3.0,,69.04044630404464,54.0,101.0,,,,,,,,,,,,7.68
2018-03-29,5504.0,1.0681118,,,2.0,,66.35138888888889,51.0,103.0,,,,,,,,,,,,7.12
2018-03-30,3922.0,0.8843726199999999,,,2.0,,70.59583333333333,56.0,102.0,,,,,,,299.998,,,,,7.15
2018-03-31,4600.0,1.2800867949999999,,,4.0,,70.3125,52.0,108.0,,,,,,,,,,,,8.23
2018-04-01,2689.0,0.6658864030000001,,,4.0,,68.60555555555555,54.0,107.0,,,,,,,,,,,,
2018-04-02,4423.0,1.0715246,,,2.0,,71.04615384615384,56.0,115.0,,,,,,,,,,,,7.43
2018-04-03,5771.0,1.0148858339999998,,,3.0,,69.90416666666667,55.0,114.0,,,,,,,299.998,,,,,7.15
2018-04-04,5397.0,0.9578331100000002,,,2.19554,,65.9375,50.0,123.0,,,,,,,299.998,,,,,6.73
2018-04-05,7117.0,1.0048880800000002,,,3.0,,66.96206373292868,44.0,113.0,,,,,,,299.998,,,,,6.73
2018-04-06,3230.0,0.51602979,,,1.0,,71.4115523465704,53.0,140.0,,,,,,,,,,,,
2018-04-07,6065.0,1.7728135090000001,,,4.0,,70.62361111111112,52.0,111.0,,,,,,,,,,,,10.85
2018-04-08,6647.0,1.2596350299999999,,,2.0,,63.52924393723252,46.0,108.0,,,,,,,,,,,,8.88
2018-04-09,7077.0,0.83012078,,,2.0,,66.75833333333334,53.0,112.0,,,,,,,299.998,,,,,4.75
2018-04-10,3667.0,0.46038743,,,1.0,,64.57520891364902,50.0,121.0,,,,,,,299.998,,,,,7.78
2018-04-11,6452.0,0.505559974,,,2.0,,73.08623087621697,54.0,117.0,,,,,,,,,,,,6.98
2018-04-12,6524.0,1.5224280800000005,,,1.0,,66.71944444444445,50.0,112.0,,,,,,,,,,,,7.55
2018-04-13,5175.0,0.71708707,,,2.0,,65.64583333333333,46.0,109.0,,,,,,,,,,,,7.22
2018-04-14,8653.0,3.1693705299999997,,,6.0,,69.19665271966527,54.0,114.0,,,,,,,299.998,,,,,9.05
2018-04-15,3095.0,0.5653482499999999,,,1.0,,63.38766519823788,49.0,124.0,,,,,,,,,,,,7.55
2018-04-16,7188.0,0.50471382,30485.0,,2.0,,70.19444444444444,46.0,151.0,,,,,,,,,,,,8.75
2018-04-17,4858.0,0.91913207,,,,,67.6625,50.0,118.0,,,,,,,,,,,,6.6
2018-04-18,5717.0,1.45638893,,,4.0,,61.75972222222222,48.0,102.0,,,,,,,299.998,,,,,7.38
2018-04-19,3446.0,0.46041108,,,,,60.09817671809257,47.0,97.0,,,,,,,,,,,,7.33
2018-04-20,4957.0,1.0551762499999997,,,1.0,,62.16388888888889,46.0,103.0,,,,,,,,,,,,8.17
2018-04-21,5903.0,1.56980667,,,1.0,,62.375,45.0,94.0,,,,,,,,,,,,9.52
2018-04-22,7014.0,1.3424593600000003,,,5.0,,67.74583333333334,49.0,125.0,,,,,,,299.998,,,,,5.62
2018-04-23,5152.0,1.0395787500000002,,,5.0,,67.41805555555555,48.0,113.0,,,,,,,,,,,,7.58
2018-04-24,4264.0,0.8451584299999999,,,6.0,,62.71805555555556,47.0,109.0,,,,,,,,,,,,7.5
2018-04-25,4568.0,1.01615365,,,4.0,,64.91180866965621,48.0,126.0,,,,,,,,,,,,7.43
2018-04-26,6413.0,1.68465464,,,5.0,,64.4,47.0,108.0,,,,,,,299.998,,,,,8.13
2018-04-27,4412.0,0.8173454400000002,,,,,68.6875,52.0,110.0,,,,,,,,,,,,7.38
2018-04-28,8158.0,3.01168691,,,7.0,,77.66388888888889,57.0,159.0,,,,,,,,,,,,10.5
2018-04-29,4685.0,0.9726567799999999,,,1.0,,73.15532286212914,51.0,112.0,,,,,,,,,,,,9.28
2018-04-30,5902.0,1.2209799799999996,,,3.0,,74.0923623445826,52.0,111.0,,,,,,,299.998,,,,,
2018-05-01,6724.0,1.5111317899999994,,,2.0,,70.74755927475593,53.0,110.0,,,,,,,,,,,,9.48
2018-05-02,4359.0,0.9265572100000001,,,,,66.06527777777778,49.0,104.0,,,,,,,,,,,,7.18
2018-05-03,9870.0,3.0257925399999994,,,5.0,,72.6138888888889,49.0,117.0,,,,,,,,,,,,7.8
2018-05-04,4867.0,0.93161002,,,,,71.24305555555556,56.0,113.0,,,,,,,299.998,,,,,7.62
2018-05-05,7429.0,2.78796734,,,5.0,,70.53888888888889,53.0,112.0,,,,,,,,,,,,6.38
2018-05-06,8685.0,1.6028579800000002,,,,,73.13194444444444,49.0,118.0,,,,,,,,,,,,8.15
2018-05-07,4324.0,0.5996543369999999,,,,,68.17222222222222,46.0,109.0,,,,,,,,,,,,6.65
2018-05-08,5543.0,151.55659999999997,11583.0,,10.0,,75.83194444444445,54.0,146.0,,,,,,,299.998,,,,,8.05
2018-05-09,3784.0,0.5594950700000001,,,2.0,,67.70138888888889,56.0,105.0,,,,,,,,,,,,7.43
2018-05-10,5526.0,0.85710092,,,1.0,,64.3625,50.0,103.0,,,,,,,,,,,,9.42
2018-05-11,5393.0,1.0760648899999998,,,1.0,,68.52135493372607,50.0,111.0,,,,,,,,,,,,7.3
2018-05-12,7581.0,2.4531243770000004,,,3.0,,72.04809052333805,54.0,133.0,,,,,,,299.998,,,,,10.42
2018-05-13,7445.0,1.9034031999999994,,,4.0,,64.48122392211404,47.0,119.0,,,,,,,,,,,,9.17
2018-05-14,5408.0,1.08284508,,,,,66.93611111111112,47.0,110.0,,,,,,,,,,,,8.18
2018-05-15,4139.0,0.6041340500000001,,,3.0,,63.2875,52.0,102.0,,,,,,,,,,,,7.58
2018-05-16,6003.0,0.5494454700000001,,,,,68.06666666666666,52.0,116.0,,,,,,,299.998,,,,,7.28
2018-05-17,6186.0,35.1495,2262.0,,14.0,,71.97916666666667,51.0,145.0,,,,,,,,,,,,7.65
2018-05-18,6578.0,1.8493335599999998,,,1.0,,70.8414985590778,52.0,108.0,,,,,,,,,,,,7.35
2018-05-19,10859.0,1.77305788,,,2.0,,71.1118881118881,51.0,120.0,,,,,,,,,,,,10.02
2018-05-20,8267.0,1.9110577999999991,,,4.0,,65.00416666666666,49.0,125.0,,,,,,,299.998,,,,,8.03
2018-05-21,3692.0,0.68964138,,,2.0,,61.48185776487663,49.0,93.0,,,,,,,,,,,,6.75
2018-05-22,4260.0,0.8934428799999998,,,2.0,,60.51963746223565,50.0,92.0,,,,,,,,,,,,5.9
2018-05-23,4642.0,1.023732743,,,3.0,,65.74757281553399,45.0,97.0,,,,,,,,,,,,
2018-05-24,5161.0,147.16746,7293.0,,46.0,,65.95555555555555,43.0,146.0,,,,,,,299.998,,,,,7.83
2018-05-25,4314.0,1.011241825,,,5.0,,67.63888888888889,48.0,113.0,,,,,,,299.998,,,,,6.75
2018-05-26,6708.0,2.0968477820000007,,,6.0,,69.475,51.0,107.0,,,,,,,,,,,,10.72
2018-05-27,6322.0,1.4458128599999998,,,5.0,,68.39861111111111,51.0,114.0,,,,,,,,,,,,7.02
2018-05-28,5747.0,1.011996909,,,4.0,,64.28194444444445,50.0,103.0,,,,,,,,,,,,9.77
2018-05-29,4742.0,0.7082387600000001,,,3.0,,64.16111111111111,50.0,100.0,,,,,,,299.998,,,,,8.77
2018-05-30,5887.0,1.5247055100000002,,,2.0,,62.97361111111111,47.0,103.0,,,,,,,,,,,,6.57
2018-05-31,6445.0,1.3306358100000002,,,7.0,,64.94832402234637,44.0,107.0,,,,,,,,,,,,7.65
2018-06-01,6172.0,1.4015328809999996,,,1.0,,65.97950219619327,48.0,103.0,,,,,,,,,,,,2.93
2018-06-02,9786.0,3.0271435300000005,,,4.0,,67.50694444444444,52.0,115.0,,,,,,,299.998,,,,,8.7
2018-06-03,5903.0,1.3999770169999997,,,,,71.1361111111111,47.0,107.0,,,,,,,,,,,,7.22
2018-06-04,4404.0,0.5659573199999999,,,,,73.17916666666666,54.0,111.0,,,,,,,,,,,,8.4
2018-06-05,9236.0,3.426456889999999,,,4.0,,72.24444444444444,53.0,103.0,,,,,,,,,,,,5.9
2018-06-06,4700.0,0.695084307,,,,,68.63977746870654,51.0,113.0,,,,,,,299.998,,,,,6.32
2018-06-07,3937.0,0.63349399,,,1.0,,67.93611111111112,51.0,112.0,,,,,,,,,,,,8.12
2018-06-08,4519.0,0.30657213,,,1.0,,69.6125,56.0,116.0,,,,,,,,,,,,6.65
2018-06-09,8101.0,2.85104399,,,5.0,,76.1304964539007,59.0,122.0,,,,,,,,,,,,8.6
2018-06-10,7252.0,1.9368451759999998,,,8.0,,69.94166666666666,50.0,120.0,,,,,,,299.998,,,,,4.73
2018-06-11,5809.0,1.1708933,,,4.0,,70.1138888888889,54.0,116.0,,,,,,,299.998,,,,,7.68
2018-06-12,8148.0,1.5729162800000003,,,2.0,,67.96666666666667,48.0,112.0,,,,,,,,,,,,8.48
2018-06-13,5146.0,0.41203135999999996,,,2.0,,70.49722222222222,54.0,119.0,,,,,,,,,,,,7.47
2018-06-14,3842.0,0.35223055,,,2.0,,68.33544303797468,48.0,106.0,,,,,,,,,,,,8.28
2018-06-15,4407.0,0.8572323300000002,,,1.0,,73.21626617375232,52.0,141.0,,,,,,,299.998,,,,,
2018-06-16,11484.0,3.441327469999999,,,4.0,,75.10277777777777,50.0,114.0,,,,,,,299.998,,,,,7.32
2018-06-17,7117.0,1.657463988,,,5.0,,69.89444444444445,56.0,108.0,,,,,,,,,,,,8.25
2018-06-18,7793.0,0.755326436,37476.0,,1.0,,72.66666666666667,51.0,163.0,,,,,,,,,,,,8.37
2018-06-19,5006.0,0.9938249000000001,,,1.0,,69.96805555555555,54.0,115.0,,,,,,,,,,,,8.18
2018-06-20,4715.0,0.5747623099999999,,,,,69.1138888888889,54.0,122.0,,,,,,,299.998,,,,,8.3
2018-06-21,6037.0,1.2674648000000002,,,2.0,,72.32311977715878,50.0,118.0,,,,,,,,,,,,2.87
2018-06-22,3754.0,1.0952538699999999,,,,,70.15098039215687,49.0,113.0,,,,,,,,,,,,5.13
2018-06-23,10238.0,2.98888478,,,9.0,,68.66111111111111,50.0,113.0,,,,,,,,,,,,6.65
2018-06-24,5904.0,1.57591531,,,4.0,,62.09861111111111,42.0,112.0,,,,,,,299.998,,,,,5.42
2018-06-25,3401.0,0.55774274,,,2.0,,58.65833333333333,45.0,105.0,,,,,,,,,,,,6.65
2018-06-26,6292.0,1.64496116,,,4.0,,67.61285714285714,49.0,115.0,,,,,,,,,,,,5.45
2018-06-27,4189.0,0.6446290899999999,,,1.0,,65.70375939849625,45.0,110.0,,,,,,,,,,,,4.62
2018-06-28,4832.0,1.1134600100000003,,,2.0,,69.24339360222531,47.0,110.0,,,,,,,299.998,,,,,4.97
2018-06-29,5704.0,1.1230478,,,1.0,,70.71805555555555,49.0,125.0,,,,,,,,,,,,5.55
2018-06-30,4493.0,1.1440877309999997,,,3.0,,69.09583333333333,44.0,121.0,,,,,,,,,,,,5.33
2018-07-01,4381.0,1.3905353800000004,,,2.0,,69.39583333333333,46.0,111.0,,,,,,,,,,,,6.38
2018-07-02,4817.0,1.1354953100000003,,,1.0,,69.75416666666666,49.0,123.0,,,,,,,299.998,,,,,4.33
2018-07-03,6775.0,1.2653594600000004,,,3.0,,69.57724719101124,55.0,120.0,,,,,,,,,,,,6.45
2018-07-04,6799.0,2.51984691,,,5.0,,69.69166666666666,54.0,152.0,,,,,,,,,,,,6.35
2018-07-05,8567.0,2.8766451749999993,,,10.0,,69.40138888888889,48.0,130.0,,,,,,,,,,,,8.12
2018-07-06,9124.0,3.21468418,,,1.0,,67.96901408450704,44.0,109.0,,,,,,,299.998,,,,,7.82
2018-07-07,7333.0,2.4359864229999997,,,3.0,,67.63472222222222,54.0,125.0,,,,,,,,,,,,7.0
2018-07-08,5764.0,1.7998967870000002,,,,,65.92916666666666,51.0,103.0,,,,,,,,,,,,5.72
2018-07-09,11049.0,3.335682489,,,39.0,,67.99583333333334,51.0,132.0,,,,,,,,,,,,6.47
2018-07-10,5949.0,2.1359213820000003,,,2.0,,67.00972222222222,56.0,101.0,,,,,,,299.998,,,,,6.78
2018-07-11,4975.0,1.6587943799999998,,,3.0,,71.78230337078652,49.0,126.0,,,,,,,,,,,,7.7
2018-07-12,4664.0,1.03113439,,,2.0,,67.40138888888889,49.0,105.0,,,,,,,,,,,,6.15
2018-07-13,3256.0,0.82625508,,,,,65.94205052005944,50.0,109.0,,,,,,,,,,,,4.73
2018-07-14,5428.0,1.6380762500000001,,,3.0,,71.19665271966527,56.0,151.0,,,,,,,299.998,,,,,6.78
2018-07-15,7239.0,1.3020518300000001,,,2.0,,68.79166666666667,48.0,121.0,,,,,,,,,,,,7.85
2018-07-16,4159.0,0.7167572999999999,,,3.0,,71.44305555555556,48.0,112.0,,,,,,,,,,,,4.77
2018-07-17,4799.0,0.95891634,,,4.0,,71.24305555555556,53.0,114.0,,,,,,,,,,,,4.3
2018-07-18,5212.0,0.9254332300000001,,,,,69.97320169252468,44.0,119.0,,,,,,,299.998,,,,,4.85
2018-07-19,9398.0,2.7718685399999994,,,4.0,,80.425,53.0,134.0,,,,,,,,,,,,4.92
2018-07-20,4494.0,1.6905706100000002,,,3.0,,74.12916666666666,53.0,120.0,,,,,,,,,,,,7.83
2018-07-21,6138.0,1.6563206299999997,,,4.0,,67.50070521861777,47.0,120.0,,,,,,,,,,,,7.27
2018-07-22,6977.0,1.0304199299999999,,,1.0,,73.43626062322946,54.0,124.0,,,,,,,,,,,,5.43
2018-07-23,9303.0,5.19466,669.0,2899.0,8.36417,,70.27777777777777,50.0,121.0,,,,,,,299.998,,,,,5.55
2018-07-24,4399.0,2.49853,426.0,2899.0,4.41535,,70.37273991655077,51.0,123.0,,,,,,,,,,,,5.58
2018-07-25,5337.0,3.03478,419.0,2899.0,2.0,,72.48333333333333,54.0,122.0,,,,,,,,,,,,7.37
2018-07-26,3742.0,2.12509,301.0,2899.0,1.0,,67.08194444444445,49.0,124.0,,,,,,,,,,,,6.0
2018-07-27,3404.0,1.94241,269.0,2899.0,4.0,,70.27083333333333,56.0,122.0,,,,,,,299.998,,,,,6.18
2018-07-28,7983.0,4.00909,816.0,2899.0,6.40157,,76.5179856115108,54.0,115.0,,,,,,,,,,,,8.62
2018-07-29,1931.0,1.09672,453.0,2899.0,3.0,,74.22777777777777,54.0,123.0,,,,,,,,,,,,4.75
2018-07-30,2787.0,0.6845894600000001,,,2.0,,63.89568845618915,48.0,117.0,,,,,,,,,,,,7.1
2018-07-31,5242.0,2.98445,353.0,2899.0,3.0,,67.17361111111111,45.0,108.0,,,,,,,299.998,,,,,5.38
2018-08-01,6013.0,0.9857337100000001,,,3.0,,64.90972222222223,50.0,112.0,,,,,,,,,,,,7.27
2018-08-02,4155.0,2.36618,270.0,2899.0,3.18241,,67.40277777777777,47.0,113.0,,,,,,,,,,,,7.75
2018-08-03,4785.0,2.71788,217.0,2899.0,3.0,,65.7875,48.0,104.0,,,,,,,,,,,,5.28
2018-08-04,4451.0,2.52774,167.0,2899.0,2.04199,,64.35,49.0,109.0,,,,,,,,,,,,7.93
2018-08-05,12117.0,6.28517,978.0,2899.0,9.72802,,67.18463810930577,43.0,119.0,,,,,,,,,,,,6.87
2018-08-06,8672.0,5.18845,781.0,2899.0,4.0,,68.89027777777778,41.0,159.0,,,,,,,,,,,,7.32
2018-08-07,3791.0,4.33158,859.0,2899.0,3.0,,65.7875,51.0,109.0,,,,,,,,,,,,7.0
2018-08-08,7129.0,5.33571,700.0,2899.0,2.0,,67.23611111111111,45.0,168.0,,,,,,,,,,,,7.7
2018-08-09,9395.0,2.65015,404.0,2899.0,2.0,,69.37361111111112,44.0,132.0,,,,,,,,,,,,6.28
2018-08-10,4666.0,7.321,1329.0,2899.0,7.68832,,68.54722222222222,48.0,126.0,,,,,,,,,,,,5.72
2018-08-11,13129.0,4.399682960000002,283.0,2899.0,6.0,,69.01186943620178,50.0,130.0,,,,,,,,,,,,9.62
2018-08-12,3775.0,14.3959,1478.0,2899.0,7.18077,,65.74166666666666,52.0,113.0,,,,,,,,,,,,8.8
2018-08-13,5733.0,3.5151,275.0,2899.0,27.0,,72.57960893854748,52.0,150.0,,,,,,,,,,,,7.08
2018-08-14,6172.0,2.07414,162.0,2899.0,2.55873,,65.42083333333333,51.0,99.0,,,,,,,,,,,,5.3
2018-08-15,3635.0,2.80984,359.0,2899.0,3.54003,,63.390277777777776,43.0,105.0,,,,,,,,,,,,6.53
2018-08-16,4948.0,2.47927,197.0,2899.0,1.0,,66.43057503506311,51.0,111.0,,,,,,,,,,,,6.77
2018-08-17,4358.0,3.6779,791.0,2899.0,5.05643,,62.96964856230032,45.0,102.0,,,,,,,,,,,,6.83
2018-08-18,6160.0,2.38917,315.0,2899.0,2.0,,76.46478873239437,54.0,140.0,,,,,,,,,,,,
2018-08-19,4901.0,1.85044,294.0,2899.0,3.7628,,66.37222222222222,42.0,111.0,,,,,,,,,,,,6.1
2018-08-20,3219.0,2.76945,259.0,2899.0,2.0,,65.50833333333334,45.0,114.0,,,,,,,,,,,,6.4
2018-08-21,4852.0,0.9614114100000001,,,2.0,,61.24583333333333,44.0,106.0,,,,,,,,,,,,6.62
2018-08-22,5025.0,2.85396,261.0,2899.0,7.33136,,64.10138888888889,34.0,120.0,,,,,,,,,,,,6.82
2018-08-23,4140.0,1.0278843899999999,,,1.0,,65.10277777777777,46.0,107.0,,,,,,,,,,,,7.27
2018-08-24,6741.0,3.83697,446.0,2899.0,4.03051,,71.55555555555556,48.0,121.0,,,,,,,,,,,,8.9
2018-08-25,7866.0,4.50867,730.0,2899.0,2.0,,72.90833333333333,46.0,111.0,,,,,,,,,,,,9.23
2018-08-26,7776.0,4.62362,1115.0,2899.0,4.0,,72.94027777777778,56.0,149.0,,,,,,,,,,,,10.57
2018-08-27,5203.0,2.95835,228.0,2899.0,2.04888,,64.97777777777777,46.0,102.0,,,,,,,,,,,,6.97
2018-08-28,8635.0,4.91008,676.0,2899.0,3.0,,67.24583333333334,46.0,143.0,,,,,,,,,,,,6.85
2018-08-29,3952.0,2.24439,280.0,2899.0,2.0,,69.4375,51.0,107.0,,,,,,,,,,,,8.43
2018-08-30,7141.0,2.1779489799999996,,,3.0,,74.58333333333333,53.0,123.0,,,,,,,,,,,,6.8
2018-08-31,5237.0,2.9745,556.0,2899.0,0.72211,,77.39221556886227,55.0,110.0,,,,,,,,,,,,7.02
2018-09-01,5654.0,3.21125,469.0,2899.0,4.77526,,71.70555555555555,51.0,133.0,,,,,,,,,,,,9.27
2018-09-02,6411.0,3.64124,634.0,2899.0,2.0,,68.75694444444444,50.0,118.0,,,,,,,,,,,,10.57
2018-09-03,7057.0,3.4579631699999998,782.0,2899.0,22.0,,70.33472222222223,54.0,136.0,,,,,,,,,,,,8.68
2018-09-04,6011.0,3.41381,846.0,2899.0,5.0,,69.625,52.0,153.0,,,,,,,,,,,,8.25
2018-09-05,4209.0,2.39041,346.0,2899.0,1.62336,,66.79315707620529,45.0,116.0,,,,,,,,,,,,5.68
2018-09-06,5624.0,1.1181609200000002,,,2.0,,63.05865921787709,42.0,106.0,,,,,,,,,,,,6.47
2018-09-07,5626.0,3.12736,456.0,2657.0,4.0105,,69.04861111111111,44.0,112.0,,,,,,,,,,,,4.4
2018-09-08,6400.0,3.71394,442.0,2899.0,13.0,,67.01666666666667,45.0,114.0,,,,,,,,,,,,8.08
2018-09-09,3285.0,1.84858,372.0,2899.0,6.0,,68.70694444444445,49.0,121.0,,,,,,,,,,,,7.05
2018-09-10,6535.0,3.72823,640.0,3140.0,6.01345,,69.98634294385432,54.0,132.0,,,,,,,,,,,,5.02
2018-09-11,4557.0,2.60106,342.0,2899.0,7.79298,,67.79583333333333,49.0,112.0,,,,,,,,,,,,6.65
2018-09-12,4747.0,1.02480599,,,1.0,,66.55416666666666,46.0,100.0,,,,,,,,,,,,7.23
2018-09-13,4877.0,1.03245171,,,1.0,,65.97222222222223,48.0,116.0,,,,,,,,,,,,7.7
2018-09-14,5509.0,0.89200317,,,1.0,,67.69722222222222,52.0,114.0,,,,,,,,,,,,8.38
2018-09-15,5550.0,1.63763036,,,2.0,,73.20694444444445,53.0,137.0,,,,,,,,,,,,9.95
2018-09-16,6255.0,1.6434273520000005,,,4.0,,69.55119214586256,55.0,107.0,,,,,,,,,,,,10.42
2018-09-17,4427.0,2.51407,337.0,2899.0,2.62795,,67.13850837138509,53.0,122.0,,,,,,,,,,,,8.45
2018-09-18,4459.0,2.53271,423.0,2899.0,3.0,,71.84583333333333,51.0,118.0,,,,,,,,,,,,6.43
2018-09-19,5133.0,1.0406974799999997,,,3.0,,71.5952712100139,52.0,127.0,,,,,,,,,,,,8.5
2018-09-20,5315.0,1.2041309040000001,,,3.0,,71.21527777777777,53.0,113.0,,,,,,,,,,,,6.87
2018-09-21,4288.0,0.7986479200000001,,,2.0,,73.14444444444445,53.0,115.0,,,,,,,,,,,,7.73
2018-09-22,20392.0,9.3955791,406.0,2899.0,4.78346,,71.79027777777777,52.0,126.0,,,,,,,,,,,,8.53
2018-09-23,4579.0,,,,31.0,,79.54444444444445,51.0,140.0,,,,,,,,,,,,11.63
2018-09-24,4836.0,2.75205,306.0,2899.0,2.00098,,70.55555555555556,49.0,109.0,,,,,,,,,,,,7.62
2018-09-25,3727.0,2.14373,283.0,2899.0,5.15551,,70.9125,55.0,125.0,,,,,,,,,,,,7.87
2018-09-26,66672.0,27.57843738,,,,,67.85555555555555,52.0,124.0,,,,,,,,,,,,4.2
2018-09-27,5670.0,,,,16.0,,71.74583333333334,49.0,156.0,,,,,,,,,,,,6.58
2018-09-28,3965.0,,,,,,71.0479233226837,51.0,125.0,,,,,,,,,,,,5.55
2018-09-29,8520.0,,,,2.0,,79.37916666666666,55.0,115.0,,,,,,,,,,,,9.32
2018-09-30,4042.0,13.8081,917.0,2899.0,59.0,,73.56527777777778,56.0,143.0,,,,,,,,,,,,8.07
2018-10-01,4526.0,2.57061,407.0,2899.0,3.52165,,66.9875,54.0,122.0,,,,,,,,,,,,7.03
2018-10-02,4264.0,2.42148,293.0,2899.0,0.66109,,68.15805022156573,46.0,113.0,,,,,,,,,,,,4.78
2018-10-03,5671.0,,,,,,69.4125,54.0,112.0,,,,,,,,,,,,7.65
2018-10-04,5480.0,3.11245,335.0,2899.0,4.0,,70.89027777777778,57.0,120.0,,,,,,,,,,,,7.02
2018-10-05,5133.0,2.92107,302.0,2899.0,4.66831,,68.93333333333334,53.0,106.0,,,,,,,,,,,,8.58
2018-10-06,6209.0,16.9839,930.0,2899.0,4.35269,,74.30277777777778,54.0,141.0,,,,,,,,,,,,9.17
2018-10-07,3792.0,2.15429,183.0,2899.0,1.0,,69.11944444444444,53.0,103.0,,,,,,,,,,,,8.6
2018-10-08,8714.0,4.98153,949.0,2899.0,4.55479,,72.06527777777778,48.0,150.0,,,,,,,,,,,,7.5
2018-10-09,5014.0,2.84774,305.0,2899.0,4.0,,68.79583333333333,51.0,107.0,,,,,,,,,,,,6.82
2018-10-10,4573.0,2.61722,299.0,2899.0,5.4311,,67.38472222222222,52.0,114.0,,,,,,,,,,,,7.65
2018-10-11,4909.0,2.81419,243.0,2899.0,4.2313,,67.91527777777777,44.0,113.0,,,,,,,,,,,,7.57
2018-10-12,3627.0,2.07352,215.0,2899.0,2.1414,,66.53286713286714,51.0,109.0,,,,,,,,,,,,8.62
2018-10-13,28765.0,12.471118,1818.0,2899.0,12.707,,77.61850649350649,56.0,136.0,,,,,,,,,,,,8.97
2018-10-14,5573.0,24.7045,1498.0,2899.0,54.0,,79.22083333333333,60.0,140.0,,,,,,,,,,,,9.43
2018-10-15,9542.0,5.62962,936.0,2899.0,4.0,,72.0,48.0,125.0,,,,,,,,,,,,8.02
2018-10-16,32883.0,15.59936343,801.0,2899.0,4.04068,,70.4375,52.0,138.0,,,,,,,,,,,,9.02
2018-10-17,9432.0,5.41152,914.0,2899.0,4.00755,,75.87777777777778,53.0,140.0,,,,,,,,,,,,7.72
2018-10-18,5089.0,2.89,244.0,2899.0,1.17126,,67.27540500736377,54.0,108.0,,,,,,,,,,,,7.85
2018-10-19,6586.0,3.74065,400.0,2899.0,2.0,,66.60222531293464,37.0,112.0,,,,,,,,,,,,9.92
2018-10-20,31158.0,14.31479946,1765.0,2899.0,10.0,,70.82083333333334,48.0,128.0,,,,,,,,,,,,9.75
2018-10-21,4380.0,15.6673,671.0,2899.0,41.0,,69.47972027972028,51.0,125.0,,,,,,,,,,,,10.17
2018-10-22,10504.0,5.83281,790.0,2899.0,4.40617,,67.13055555555556,42.0,133.0,,,,,,,,,,,,10.08
2018-10-23,5469.0,3.12115,186.0,2899.0,3.79593,,64.82638888888889,50.0,107.0,,,,,,,,,,,,7.4
2018-10-24,12580.0,7.06126,1075.0,2899.0,9.25098,,73.88472222222222,51.0,144.0,,,,,,,,,,,,8.88
2018-10-25,33246.0,12.621338199999999,199.0,2899.0,3.0,,67.15694444444445,46.0,107.0,,,,,,,,,,,,8.02
2018-10-26,8445.0,4.83986,666.0,2899.0,3.4521,,77.39027777777778,54.0,122.0,,,,,,,,,,,,8.4
2018-10-27,7373.0,4.08179,629.0,2899.0,4.0,,74.38753799392097,56.0,119.0,,,,,,,,,,,,7.32
2018-10-28,1891.0,1.07373,153.0,2899.0,3.0,,70.05464480874316,55.0,112.0,,,,,,,,,,,,10.68
2018-10-29,11208.0,,,,1.0,,67.925,51.0,114.0,,,,,,,,,,,,6.27
2018-10-30,5663.0,3.2243,368.0,2899.0,2.0,,66.6138888888889,49.0,106.0,,,,,,,299.998,,,,,8.05
2018-10-31,30284.0,12.52509298,232.0,2899.0,5.0,,66.71527777777777,42.0,126.0,,,,,,,,,,,,7.88
2018-11-01,7834.0,4.45647,524.0,2899.0,3.67946,,74.99722222222222,54.0,108.0,,,,,,,,,,,,7.35
2018-11-02,4557.0,2.60665,243.0,2899.0,2.06562,,66.81111111111112,48.0,120.0,,,,,,,,,,,,8.1
2018-11-03,13401.0,7.2862,1077.0,2899.0,6.28609,,71.76029411764706,51.0,112.0,,,,,,,,,,,,8.5
2018-11-04,4242.0,,,,1.0,,76.24927536231884,61.0,126.0,,,,,,,,,,,,9.78
2018-11-05,5302.0,,,,1.0,,74.98055555555555,59.0,120.0,,,,,,,,,,,,8.27
2018-11-06,6612.0,,,,7.0,,71.39583333333333,57.0,134.0,,,,,,,,,,,,6.3
2018-11-07,5746.0,3.7419,392.0,2899.0,4.2336,,69.58888888888889,48.0,130.0,,,,,,,,,,,,6.75
2018-11-08,14657.0,5.19306537,,,3.0,,69.31075110456554,50.0,112.0,,,,,,,,,,,,6.17
2018-11-09,4748.0,2.70421,426.0,2899.0,3.57841,,68.22978723404255,45.0,126.0,,,,,,,,,,,,6.2
2018-11-10,13556.0,7.7311,1228.0,3140.0,4.09154,,77.55833333333334,52.0,134.0,,,,,,,,,,,,5.72
2018-11-11,7788.0,4.70999,603.0,2899.0,4.24409,,71.37993920972644,52.0,115.0,,,,,,,,,,,,9.65
2018-11-12,10740.0,5.61285,725.0,2899.0,10.0,,72.79166666666667,53.0,120.0,,,,,,,,,,,,7.87
2018-11-13,8349.0,2.53275516,,,2.0,,70.90555555555555,55.0,133.0,,,,,,,,,,,,10.25
2018-11-14,7835.0,4.44964,489.0,2899.0,7.0,,72.57083333333334,50.0,119.0,,,,,,,,,,,,10.13
2018-11-15,16283.0,9.24787,1018.0,2899.0,6.0,,72.96388888888889,53.0,113.0,,,,,,,,,,,,10.0
2018-11-16,12682.0,7.35393,1006.0,2899.0,9.0,,74.56388888888888,56.0,120.0,,,,,,,,,,,,6.77
2018-11-17,6669.0,3.93825,529.0,2657.0,5.0,,71.4,54.0,111.0,,,,,,,,,,,,7.97
2018-11-18,7683.0,4.14765,582.0,2899.0,6.65354,,69.07777777777778,47.0,117.0,,,,,,,,,,,,8.55
2018-11-19,7731.0,4.39496,446.0,2899.0,3.0,,66.96527777777777,54.0,112.0,,,,,,,,,,,,6.8
2018-11-20,8453.0,4.78456,439.0,2899.0,8.44062,,66.7601683029453,51.0,109.0,,,,,,,,,,,,7.95
2018-11-21,5459.0,3.03478,222.0,2899.0,2.0,,65.16258992805756,50.0,104.0,,,,,,,,,,,,6.18
2018-11-22,12741.0,7.09357,953.0,2899.0,7.0,,81.64733178654292,53.0,108.0,,,,,,,,,,,,
2018-11-23,3649.0,2.1313,235.0,2899.0,2.0,,69.64305555555555,50.0,100.0,,,,,,,,,,,,11.05
2018-11-24,12028.0,6.6263,1149.0,2899.0,11.6532,,71.94305555555556,52.0,135.0,,,,,,,,,,,,6.57
2018-11-25,13986.0,7.76279,1105.0,2899.0,8.29724,,72.65730337078652,53.0,117.0,,,,,,,,,,,,8.15
2018-11-26,4525.0,2.44696,359.0,2899.0,3.12959,,69.9177304964539,55.0,118.0,,,,,,,,,,,,5.48
2018-11-27,4645.0,2.64518,330.0,2899.0,4.0,,66.12777777777778,49.0,111.0,,,,,,,,,,,,6.45
2018-11-28,3959.0,0.6618225999999999,,,,,66.91805555555555,50.0,112.0,,,,,,,,,,,,8.42
2018-11-29,5775.0,3.29886,370.0,2899.0,2.0,,67.20833333333333,53.0,116.0,,,,,,,,,,,,7.53
2018-11-30,5663.0,3.2243,454.0,2899.0,5.75394,,71.08472222222223,54.0,111.0,,,,,,,,,,,,9.28
2018-12-01,5678.0,1.77480856,,,1.0,,69.34810126582279,56.0,112.0,,,,,,,,,,,,6.92
2018-12-02,6291.0,1.42399095,,,4.0,,69.68333333333334,54.0,117.0,,,,,,,,,,,,8.72
2018-12-03,6897.0,3.91712,540.0,2899.0,7.54068,,69.12638888888888,42.0,116.0,,,,,,,,,,,,7.72
2018-12-04,5510.0,3.12923,342.0,2899.0,2.4206,,65.85416666666667,52.0,116.0,,,,,,,,,,,,7.57
2018-12-05,6630.0,3.76551,646.0,2899.0,4.05807,,73.96041055718474,51.0,116.0,,,,,,,,,,,,7.43
2018-12-06,6504.0,1.6936529900000001,,,,,74.86111111111111,55.0,132.0,,,,,,,,,,,,5.62
2018-12-07,7356.0,2.2850328400000004,,,1.0,,67.39583333333333,51.0,113.0,,,,,,,,,,,,10.73
2018-12-08,6646.0,3.77421,438.0,2899.0,2.24573,,66.9625,48.0,114.0,,,,,,,,,,,,9.25
2018-12-09,6434.0,3.6723,497.0,3140.0,3.02198,,68.52898550724638,51.0,116.0,,,,,,,,,,,,6.58
2018-12-10,5162.0,0.8729769200000002,,,1.0,,67.57391304347826,50.0,123.0,,,,,,,,,,,,6.47
2018-12-11,4122.0,2.35748,210.0,2899.0,2.05052,,65.19027777777778,53.0,115.0,,,,,,,,,,,,7.15
2018-12-12,3922.0,2.22762,267.0,2899.0,2.04101,,65.12083333333334,44.0,124.0,,,,,,,,,,,,7.22
2018-12-13,3695.0,0.81347428,,,2.0,,64.02222222222223,48.0,104.0,,,,,,,,,,,,7.48
2018-12-14,5765.0,1.02822399,,,1.0,,70.3731778425656,52.0,118.0,,,,,,,,,,,,6.77
2018-12-15,3791.0,2.15305,441.0,2899.0,1.07152,,71.59166666666667,58.0,123.0,,,,,,,,,,,,8.35
2018-12-16,6313.0,3.59028,475.0,2899.0,4.0,,73.57083333333334,59.0,132.0,,,,,,,,,,,,10.3
2018-12-17,8247.0,4.6839,643.0,2899.0,5.47572,,72.72638888888889,55.0,135.0,,,,,,,,,,,,7.82
2018-12-18,6677.0,3.79596,413.0,2899.0,3.0,,70.39722222222223,49.0,117.0,,,,,,,,,,,,7.32
2018-12-19,6501.0,1.53450042,,,1.0,,67.98055555555555,54.0,109.0,,,,,,,,,,,,6.95
2018-12-20,7773.0,4.4341,502.0,2899.0,3.0,,70.71666666666667,49.0,109.0,,,,,,,,,,,,7.05
2018-12-21,5397.0,3.08014,279.0,2899.0,4.59186,,70.4375,55.0,125.0,,,,,,,,,,,,5.6
2018-12-22,7278.0,1.9440776099999997,,,7.0,,75.73333333333333,55.0,158.0,,,,,,,,,,,,9.58
2018-12-23,3544.0,1.4390398600000003,,,1.0,,69.68068535825545,47.0,112.0,,,,,,,,,,,,8.0
2018-12-24,6263.0,3.55673,407.0,2899.0,5.0,,67.22916666666667,48.0,124.0,,,,,,,,,,,,6.43
2018-12-25,11822.0,7.00223,1102.0,2899.0,3.02657,,71.3875,49.0,117.0,,,,,,,,,,,,8.52
2018-12-26,3558.0,0.37086532000000005,,,,,69.56666666666666,53.0,119.0,,,,,,,,,,,,9.62
2018-12-27,4587.0,2.60914,391.0,2899.0,1.73524,,73.5736111111111,54.0,114.0,,,,,,,,,,,,7.97
2018-12-28,6896.0,1.7243121499999996,,,3.0,,80.93611111111112,60.0,131.0,,,,,,,,,,,,7.55
2018-12-29,11077.0,18.7182,2668.0,2899.0,23.0,,81.3,56.0,148.0,,,,,,,,,,,,11.98
2018-12-30,6022.0,2.0075202899999995,66.0,,4.0,,73.34861111111111,55.0,120.0,,,,,,,,,,,,9.17
2018-12-31,6350.0,3.61762,486.0,2899.0,2.0,,72.88472222222222,52.0,110.0,,,,,,,,,,,,5.77
2019-01-01,3723.0,2.11453,582.0,2893.0,3.70636,,69.33333333333333,52.0,126.0,,,,,,,,,,,,8.38
2019-01-02,12051.0,6.83135,1280.0,2893.0,5.04921,,78.04967948717949,58.0,151.0,,,,,,,,,,,,6.7
2019-01-03,6936.0,1.78612466,,,,,70.47222222222223,51.0,111.0,,,,,,,,,,,,8.12
2019-01-04,3735.0,0.7049269699999999,,,,,65.38194444444444,42.0,101.0,,,,,,,,,,,,7.5
2019-01-05,13916.0,4.89173719,,,5.0,,76.59722222222223,50.0,149.0,,,,,,,,,,,,7.9
2019-01-06,5267.0,2.99625,577.0,2893.0,8.64567,,64.87916666666666,48.0,121.0,,,,,,,,,,,,9.32
2019-01-07,4360.0,2.47679,357.0,2893.0,3.0,,68.2821270310192,48.0,108.0,,,,,,,,,,,,8.85
2019-01-08,5348.0,3.03726,246.0,2893.0,2.04396,,67.02638888888889,48.0,106.0,,,,,,,,,,,,7.33
2019-01-09,6508.0,1.1172002100000005,,,1.0,,72.97083333333333,48.0,122.0,,,,,,,,,,,,6.43
2019-01-10,11502.0,6.53248,1092.0,2893.0,3.23589,,75.43888888888888,55.0,115.0,,,,,,,,,,,,6.58
2019-01-11,6630.0,3.76862,354.0,2893.0,3.25755,,66.35223880597015,49.0,117.0,,,,,,,,,,,,9.32
2019-01-12,6989.0,3.98361,491.0,2893.0,5.0,,72.83636363636364,51.0,121.0,,,,,,,,,,,,
2019-01-13,4770.0,2.72471,792.0,2893.0,5.12992,,68.77222222222223,46.0,139.0,,,,,,,,,,,,12.98
2019-01-14,5897.0,3.36162,494.0,2893.0,4.3668,,73.45416666666667,57.0,122.0,,,,,,,,,,,,7.47
2019-01-15,5391.0,3.0615,682.0,2893.0,2.79954,,71.7388888888889,51.0,122.0,,,,,,,,,,,,7.63
2019-01-16,4408.0,2.5035,352.0,2893.0,3.0,,71.74861111111112,52.0,121.0,,,,,,,,,,,,7.42
2019-01-17,10054.0,5.70978,1035.0,2893.0,2.0,,75.61944444444444,47.0,127.0,,,,,,,,,,,,6.95
2019-01-18,7279.0,4.13398,354.0,2893.0,3.0,,66.92222222222222,54.0,120.0,,,,,,,,,,,,7.98
2019-01-19,9473.0,16.5975,,,43.0,,74.96666666666667,56.0,159.0,,,,,,,,,,,,9.05
2019-01-20,4236.0,2.39104,748.0,2893.0,4.0,,69.3145275035261,49.0,142.0,,,,,,,,,,,,10.6
2019-01-21,4543.0,2.59298,724.0,2893.0,3.54659,,70.88055555555556,57.0,121.0,,,,,,,,,,,,8.87
2019-01-22,6313.0,3.60395,905.0,2893.0,2.73524,,70.94166666666666,46.0,135.0,,,,,,,,,,,,8.92
2019-01-23,6415.0,3.6431,819.0,2893.0,3.27559,,73.15694444444445,53.0,138.0,,,,,,,,,,,,6.9
2019-01-24,4666.0,2.66071,265.0,2893.0,3.1414,,66.78611111111111,50.0,107.0,,,,,,,,,,,,7.17
2019-01-25,5582.0,3.17024,305.0,2893.0,4.0,,66.6875,50.0,106.0,,,,,,,,,,,,7.72
2019-01-26,5552.0,3.15346,656.0,2893.0,4.0,,70.96388888888889,49.0,121.0,,,,,,,,,,,,10.12
2019-01-27,4813.0,1.0397714999999996,,,2.0,,69.8328488372093,50.0,127.0,,,,,,,,,,,,11.27
2019-01-28,5597.0,3.18391,681.0,2893.0,6.42651,,69.6957787481805,46.0,127.0,,,,,,,,,,,,5.8
2019-01-29,7060.0,4.02524,1264.0,2893.0,4.11713,,75.54722222222222,54.0,130.0,,,,,,,,,,,,6.7
2019-01-30,5234.0,2.97264,368.0,2893.0,6.15846,,69.68888888888888,51.0,115.0,,,,,,,,,,,,6.95
2019-01-31,7490.0,4.26758,382.0,2893.0,7.69488,,65.6,51.0,114.0,,,,,,,,,,,,7.78
2019-02-01,5602.0,3.19571,362.0,2893.0,2.45899,,69.30277777777778,52.0,108.0,,,,,,,,,,,,7.27
2019-02-02,4669.0,2.73155,630.0,2893.0,2.0,,67.35694444444445,53.0,112.0,,,,,,,,,,,,8.78
2019-02-03,3562.0,1.948,773.0,2893.0,3.0,,72.35319767441861,56.0,124.0,,,,,,,,,,,,8.72
2019-02-04,7136.0,4.09546,1011.0,2893.0,7.0,,73.21527777777777,55.0,137.0,,,,,,,,,,,,7.17
2019-02-05,5439.0,3.08884,238.0,2893.0,3.37598,,65.70416666666667,51.0,106.0,,,,,,,,,,,,6.78
2019-02-06,6652.0,3.77794,689.0,2893.0,5.0,,67.09722222222223,50.0,122.0,,,,,,,,,,,,6.78
2019-02-07,6529.0,1.3653199799999998,,,,,69.03888888888889,50.0,128.0,,,,,,,,,,,,7.25
2019-02-08,4261.0,2.42708,404.0,2893.0,3.00164,,66.22361111111111,52.0,117.0,,,,,,,,,,,,
2019-02-09,4598.0,2.58925,832.0,2893.0,2.12533,,71.15016501650165,54.0,117.0,,,,,,,,,,,,8.83
2019-02-10,3800.0,2.15802,251.0,2893.0,3.58005,,66.52638888888889,54.0,111.0,,,,,,,,,,,,11.07
2019-02-11,6002.0,3.40884,1464.0,2893.0,5.0,,76.6763888888889,56.0,142.0,,,,,,,,,,,,6.95
2019-02-12,5693.0,3.23486,460.0,2893.0,4.07677,,72.08194444444445,54.0,107.0,,,,,,,,,,,,8.43
2019-02-13,4558.0,2.58863,262.0,2893.0,2.0,,66.36666666666666,53.0,103.0,,,,,,,,,,,,6.25
2019-02-14,4488.0,2.55259,274.0,2893.0,3.52986,,67.4,52.0,121.0,,,,,,,,,,,,6.42
2019-02-15,6360.0,2.2360908800000003,,,10.0,,71.41229385307346,54.0,118.0,,,,,,,,,,,,7.73
2019-02-16,10480.0,5.95211,691.0,2893.0,12.06,,72.86666666666666,55.0,119.0,,,,,,,,,,,,8.92
2019-02-17,10247.0,5.82598,499.0,2893.0,9.65322,,68.21702127659574,54.0,119.0,,,,,,,,,,,,12.07
2019-02-18,6732.0,3.81708,863.0,2893.0,10.0,,74.48807854137448,57.0,124.0,,,,,,,,,,,,9.92
2019-02-19,5207.0,0.376240136,,,,,69.3625,56.0,111.0,,,,,,,,,,,,8.1
2019-02-20,5203.0,2.97326,751.0,2893.0,3.0,,69.49722222222222,49.0,130.0,,,,,,,,,,,,7.73
2019-02-21,4116.0,0.7313721000000001,,,3.0,,67.45138888888889,51.0,107.0,,,,,,,,,,,,7.27
2019-02-22,4483.0,0.6025302799999999,,,2.0,,71.45833333333333,55.0,125.0,,,,,,,,,,,,7.17
2019-02-23,3059.0,1.73735,867.0,2893.0,3.12927,,72.44166666666666,57.0,130.0,,,,,,,,,,,,9.1
2019-02-24,3768.0,2.14497,452.0,2893.0,6.52723,,69.7375,56.0,131.0,,,,,,,,,,,,10.18
2019-02-25,4536.0,2.58118,320.0,2893.0,2.11385,,69.89583333333333,55.0,122.0,,,,,,,,,,,,6.6
2019-02-26,4490.0,2.55011,228.0,2893.0,1.0,,68.70277777777778,49.0,113.0,,,,,,,,,,,,6.72
2019-02-27,3669.0,0.5784594599999999,,,2.0,,70.52950819672131,55.0,106.0,,,,,,,,,,,,8.2
2019-02-28,3469.0,1.9741,169.0,2893.0,2.74278,,66.04722222222222,50.0,114.0,,,,,,,,,,,,8.32
2019-03-01,3272.0,1.86846,235.0,2893.0,1.0,,65.22083333333333,47.0,126.0,,,,,,,,,,,,8.52
2019-03-02,3149.0,1.78831,201.0,2893.0,4.42881,,68.3875,55.0,114.0,,,,,,,,,,,,10.83
2019-03-03,6838.0,1.5980686300000004,,,,,65.11944444444444,53.0,98.0,,,,,,,,,,,,9.43
2019-03-04,4425.0,0.5061002000000001,,,1.0,,65.09732016925247,53.0,104.0,,,,,,,,,,,,6.95
2019-03-05,4543.0,2.57993,296.0,2893.0,5.46621,,65.85972222222222,52.0,116.0,,,,,,,,,,,,6.95
2019-03-06,3346.0,1.90015,202.0,2893.0,1.05249,,65.68302945301542,53.0,122.0,,,,,,,,,,,,8.13
2019-03-07,4190.0,0.64440506,,,2.0,,66.42372881355932,51.0,116.0,,,,,,,,,,,,7.32
2019-03-08,5033.0,2.85831,411.0,2893.0,3.75558,,71.74305555555556,54.0,112.0,,,,,,,,,,,,8.25
2019-03-09,5296.0,3.23859,583.0,2893.0,3.25164,,71.17916666666666,49.0,132.0,,,,,,,,,,,,7.6
2019-03-10,1381.0,0.580361,82.0,2893.0,3.03773,,95.6,82.0,122.0,,,,,,,,,,,,8.87
2019-03-11,4365.0,2.48797,233.0,2893.0,3.0,,63.82147838214784,50.0,104.0,,,,,,,,,,,,10.15
2019-03-12,7269.0,4.13771,287.0,2893.0,3.32874,,65.24583333333334,41.0,102.0,,,,,,,,,,,,7.27
2019-03-13,4073.0,2.31958,137.0,2893.0,1.55676,,65.09305555555555,48.0,104.0,,,,,,,,,,,,7.1
2019-03-14,4364.0,2.48611,266.0,2893.0,6.0,,69.92737430167598,52.0,121.0,,,,,,,,,,,,8.32
2019-03-15,5049.0,2.86763,324.0,2893.0,4.62172,,76.90403337969401,61.0,130.0,,,,,,,,,,,,8.83
2019-03-16,8603.0,4.89703,573.0,2893.0,4.0,,71.59027777777777,53.0,117.0,,,,,,,,,,,,8.83
2019-03-17,4527.0,2.57123,302.0,2893.0,1.0,,68.89027777777778,54.0,112.0,,,,,,,,,,,,10.88
2019-03-18,6061.0,3.4424,776.0,2893.0,3.0,,71.29027777777777,49.0,137.0,,,,,,,,,,,,7.98
2019-03-19,5621.0,3.19261,255.0,2893.0,6.00886,,69.57083333333334,55.0,110.0,,,,,,,,,,,,7.18
2019-03-20,3784.0,2.1574,167.0,2893.0,3.60991,,66.76805555555555,52.0,108.0,,,,,,,,,,,,8.53
2019-03-21,3118.0,1.77091,219.0,2893.0,1.71785,,67.74102964118565,31.0,104.0,,,,,,,,,,,,8.07
2019-03-22,3826.0,2.1748,323.0,2893.0,2.07579,,67.31805555555556,40.0,112.0,,,,,,,,,,,,7.32
2019-03-23,5558.0,3.16029,526.0,2893.0,7.0,,72.85972222222222,52.0,118.0,,,,,,,,,,,,9.28
2019-03-24,5470.0,3.12363,573.0,2893.0,4.12008,,72.1375,56.0,129.0,,,,,,,,,,,,9.22
2019-03-25,3215.0,1.82621,307.0,2893.0,3.05873,,72.90416666666667,55.0,126.0,,,,,,,,,,,,8.72
2019-03-26,3449.0,1.95856,232.0,2893.0,3.0,,69.01666666666667,50.0,108.0,,,,,,,,,,,,9.23
2019-03-27,5420.0,3.07827,383.0,2893.0,4.25295,,72.10416666666667,57.0,117.0,,,,,,,,,,,,8.1
2019-03-28,5057.0,2.88627,283.0,2893.0,3.55315,,68.23472222222222,47.0,113.0,,,,,,,,,,,,7.2
2019-03-29,5423.0,3.08014,398.0,2893.0,2.62303,,71.14106145251397,52.0,114.0,,,,,,,,,,,,9.2
2019-03-30,5011.0,2.85147,428.0,2893.0,1.0,,73.29722222222222,56.0,118.0,,,,,,,,,,,,8.13
2019-03-31,7789.0,4.4341,617.0,2893.0,3.64961,,72.22916666666667,53.0,110.0,,,,,,,,,,,,8.48
2019-04-01,4188.0,2.37861,289.0,2893.0,2.72244,,72.91388888888889,40.0,106.0,,,,,,,,,,,,7.95
2019-04-02,4721.0,2.68992,234.0,2893.0,7.0,,68.2611111111111,49.0,104.0,,,,,,,,,,,,7.25
2019-04-03,9862.0,5.43327,700.0,2893.0,4.29954,,66.74237288135593,51.0,125.0,,,,,,,,,,,,8.02
2019-04-04,5253.0,2.9832,473.0,2893.0,3.63615,,74.611328125,52.0,130.0,,,,,,,,,,,,
2019-04-05,4056.0,2.30342,267.0,2893.0,2.11614,,65.11527777777778,52.0,116.0,,,,,,,,,,,,7.38
2019-04-06,3854.0,2.23631,391.0,2893.0,4.51148,,68.30833333333334,53.0,132.0,,,,,,,,,,,,8.1
2019-04-07,4941.0,2.84526,355.0,2893.0,2.10236,,65.22083333333333,50.0,120.0,,,,,,,,,,,,8.9
2019-04-08,4228.0,2.40781,197.0,2893.0,6.0,,66.78055555555555,52.0,105.0,,,,,,,,,,,,8.6
2019-04-09,4822.0,2.75267,187.0,2893.0,3.0,,65.6016713091922,53.0,104.0,,,,,,,,,,,,8.25
2019-04-10,8081.0,4.60312,540.0,2893.0,7.44948,,70.92361111111111,54.0,128.0,,,,,,,,,,,,6.42
2019-04-11,4340.0,2.46498,260.0,2893.0,2.0,,69.21805555555555,53.0,113.0,,,,,,,,,,,,6.22
2019-04-12,4321.0,2.45379,330.0,2893.0,5.53937,,68.16473988439306,53.0,116.0,,,,,,,,,,,,7.75
2019-04-13,4239.0,2.42521,594.0,2893.0,2.6355,,72.10694444444445,50.0,141.0,,,,,,,,,,,,7.95
2019-04-14,4453.0,2.52898,433.0,2893.0,6.52723,,72.67832167832168,56.0,132.0,,,,,,,,,,,,8.35
2019-04-15,5186.0,2.95213,326.0,2893.0,5.75755,,67.46283309957924,51.0,115.0,,,,,,,,,,,,6.85
2019-04-16,6297.0,3.57599,423.0,2893.0,2.0,,66.98816568047337,48.0,117.0,,,,,,,325.0,,,,,6.85
2019-04-17,6478.0,3.67914,430.0,2893.0,2.0,,67.275,50.0,115.0,,,,,,,,,,,,7.45
2019-04-18,5177.0,2.94592,346.0,2893.0,2.0,,68.04067321178121,51.0,118.0,,,,,,,,,,,,7.35
2019-04-19,7398.0,4.2073,548.0,2893.0,2.11319,,69.67222222222222,48.0,116.0,,,,,,,,,,,,7.12
2019-04-20,4720.0,2.68805,385.0,2893.0,5.0,,70.22916666666667,44.0,123.0,,,,,,,,,,,,6.97
2019-04-21,5454.0,3.11431,215.0,2893.0,4.43209,,67.75,51.0,114.0,,,,,,,,,,,,8.17
2019-04-22,3786.0,2.14994,122.0,3031.0,3.0,,61.988684582743986,50.0,102.0,,,,,,,,,,,,8.5
2019-04-23,8017.0,4.49686,722.0,3031.0,1.0,,67.97083333333333,50.0,134.0,,,,,,,,,,,,9.02
2019-04-24,5029.0,2.86949,285.0,3031.0,2.02756,,63.981944444444444,47.0,107.0,,,,,,,,,,,,8.5
2019-04-25,3891.0,2.2096,235.0,3031.0,3.0,,63.954344624447714,48.0,112.0,,,,,,,,,,,,7.85
2019-04-26,4257.0,2.41776,332.0,3031.0,2.0,,66.35694444444445,49.0,120.0,,,,,,,,,,,,7.77
2019-04-27,12081.0,6.26591,863.0,3031.0,50.0,,70.38055555555556,50.0,128.0,,,,,,,,,,,,8.67
2019-04-28,4968.0,2.83842,317.0,3031.0,3.0,,63.50694444444444,50.0,108.0,,,,,,,,,,,,11.13
2019-04-29,4660.0,2.64642,198.0,3031.0,4.24606,,61.13611111111111,47.0,109.0,,,,,,,,,,,,6.9
2019-04-30,7378.0,4.18991,386.0,3031.0,4.02198,,67.23463687150839,49.0,111.0,,,,,,,,,,,,8.78
2019-05-01,3631.0,2.06668,191.0,3031.0,3.20177,,63.604166666666664,52.0,105.0,,,,,,,315.0,,,,,7.08
2019-05-02,9075.0,18.7076,1532.0,2976.0,23.0,,77.43895348837209,47.0,161.0,,,,,,,,,,,,9.15
2019-05-03,4505.0,2.55881,319.0,2976.0,4.0,,67.35983263598327,50.0,113.0,,,,,,,,,,,,7.25
2019-05-04,9870.0,18.0024,1366.0,2976.0,29.0,,71.08923512747876,47.0,152.0,,,,,,,,,,,,10.45
2019-05-05,4534.0,2.60914,221.0,2976.0,2.0,,63.518055555555556,49.0,111.0,,,,,,,314.0,,,,,8.75
2019-05-06,3969.0,2.25433,157.0,2976.0,1.72605,,58.582633053221286,45.0,119.0,,,,,,,,,,,,7.52
2019-05-07,4741.0,2.6924,253.0,2976.0,1.0,,66.21666666666667,48.0,105.0,,,,,,,,,,,,8.12
2019-05-08,3617.0,2.08221,283.0,2976.0,4.65846,,71.53333333333333,50.0,122.0,,,,,,,,,,,,6.85
2019-05-09,3958.0,2.24812,292.0,2976.0,4.26608,,68.9625,51.0,110.0,,,,,,,,,,,,8.38
2019-05-10,4462.0,2.53395,313.0,2976.0,3.71096,,66.16111111111111,50.0,119.0,,,,,,,,,,,,7.47
2019-05-11,5765.0,3.28892,281.0,2970.0,4.0,,68.5125,51.0,106.0,,,,,,,307.0,,,,,7.52
2019-05-12,4243.0,2.40968,211.0,2970.0,3.0,,63.98326359832636,47.0,103.0,,,,,,,,,,,,8.4
2019-05-13,13413.0,7.51424,1146.0,2970.0,15.7382,,69.36111111111111,52.0,136.0,,,,,,,,,,,,8.48
2019-05-14,3996.0,2.27795,245.0,2970.0,4.52428,,60.88472222222222,45.0,116.0,,,,,,,,,,,,6.75
2019-05-15,2940.0,1.66962,100.0,2970.0,2.0,,62.733980582524275,46.0,99.0,,,,,,,,,,,,8.27
2019-05-16,2585.0,1.4683,91.0,2970.0,1.6998,,59.98449612403101,50.0,97.0,,,,,,,,,,,,
2019-05-17,4467.0,2.53706,342.0,2970.0,2.771,,67.63888888888889,52.0,113.0,,,,,,,,,,,,5.35
2019-05-18,6120.0,3.48651,397.0,2970.0,16.0505,,67.25972222222222,47.0,125.0,,,,,,,,,,,,9.6
2019-05-19,4310.0,2.45442,303.0,2970.0,6.64698,,64.94583333333334,50.0,115.0,,,,,,,,,,,,8.5
2019-05-20,6644.0,3.77359,765.0,2970.0,2.70932,,67.17762237762238,43.0,139.0,,,,,,,,,,,,8.18
2019-05-21,3970.0,2.25496,280.0,2970.0,1.0,,65.7,52.0,107.0,,,,,,,,,,,,6.72
2019-05-22,4670.0,2.65698,998.0,2970.0,2.0,,69.2388888888889,52.0,163.0,,,,,,,,,,,,7.05
2019-05-23,3482.0,1.98093,147.0,2970.0,3.0,,65.97083333333333,53.0,103.0,,,,,,,,,,,,6.0
2019-05-24,5354.0,3.04099,253.0,2970.0,3.57644,,68.72052401746726,51.0,99.0,,,,,,,,,,,,4.95
2019-05-25,14768.0,23.1163,1504.0,2970.0,30.0,,77.62777777777778,57.0,144.0,,,,,,,,,,,,6.87
2019-05-26,1427.0,0.810268,173.0,2970.0,2.10728,,62.048611111111114,48.0,111.0,,,,,,,,,,,,7.73
2019-05-27,5465.0,3.40139,501.0,2970.0,3.05282,,66.97777777777777,49.0,143.0,,,,,,,,,,,,7.48
2019-05-28,2959.0,1.68081,174.0,2970.0,2.0,,68.32633053221288,51.0,107.0,,,,,,,,,,,,7.42
2019-05-29,7328.0,4.18183,646.0,2970.0,7.50886,,65.5952380952381,49.0,136.0,,,,,,,,,,,,6.87
2019-05-30,6679.0,3.79347,407.0,2970.0,6.31923,,70.94027777777778,54.0,114.0,,,,,,,,,,,,6.55
2019-05-31,4203.0,2.3929,403.0,2970.0,3.03707,,66.85972222222222,47.0,125.0,,,,,,,,,,,,6.12
2019-06-01,6631.0,3.76613,516.0,2970.0,4.0,,67.83888888888889,45.0,117.0,,,,,,,,,,,,8.37
2019-06-02,13923.0,24.0756,1367.0,2970.0,55.0,,77.15833333333333,53.0,153.0,,,,,,,,,,,,6.98
2019-06-03,3804.0,2.16051,451.0,2970.0,1.16535,,71.60972222222222,55.0,124.0,,,,,,,,,,,,8.28
2019-06-04,4088.0,2.32144,243.0,2970.0,4.51444,,67.26388888888889,39.0,111.0,,,,,,,,,,,,7.38
2019-06-05,5861.0,3.32869,776.0,2970.0,7.0,,68.90555555555555,51.0,135.0,,,,,,,,,,,,7.08
2019-06-06,3923.0,2.22824,285.0,2970.0,1.0,,65.39423076923077,51.0,104.0,,,,,,,,,,,,7.9
2019-06-07,5049.0,2.86763,435.0,2970.0,1.0,,69.79305555555555,49.0,112.0,,,,,,,,,,,,8.12
2019-06-08,13986.0,23.8849,1943.0,2970.0,73.0,,83.86797752808988,58.0,163.0,,,,,,,,,,,,8.22
2019-06-09,8414.0,4.77834,592.0,2970.0,7.10039,,75.10416666666667,58.0,117.0,,,,,,,,,,,,9.12
2019-06-10,3069.0,1.74295,133.0,2970.0,1.70341,,60.66111111111111,48.0,106.0,,,,,,,,,,,,7.05
2019-06-11,6181.0,3.52566,285.0,2970.0,5.73524,,64.33472222222223,46.0,129.0,,,,,,,,,,,,7.28
2019-06-12,4395.0,2.50288,206.0,2970.0,4.40059,,64.88888888888889,44.0,121.0,,,,,,,,,,,,7.75
2019-06-13,6597.0,3.74687,305.0,2970.0,4.60892,,71.12083333333334,55.0,112.0,,,,,,,,,,,,6.27
2019-06-14,5354.0,3.04099,284.0,2970.0,1.0,,65.74471299093656,51.0,108.0,,,,,,,,,,,,7.45
2019-06-15,8990.0,5.12507,920.0,2970.0,3.0,,72.46453407510431,50.0,138.0,,,,,,,,,,,,8.23
2019-06-16,4440.0,2.52152,333.0,2970.0,5.40945,,73.00694444444444,54.0,111.0,,,,,,,,,,,,6.27
2019-06-17,8865.0,5.03497,2056.0,2954.0,8.02297,,73.57222222222222,54.0,147.0,,,,,,,311.0,,,,,8.43
2019-06-18,7212.0,4.09608,1224.0,2954.0,6.41306,,72.00416666666666,49.0,158.0,,,,,,,,,,,,7.77
2019-06-19,6402.0,3.63564,1119.0,2954.0,5.3353,,72.52916666666667,50.0,147.0,,,,,,,,,,,,7.08
2019-06-20,6643.0,3.78726,963.0,2954.0,8.35663,,71.72083333333333,50.0,139.0,,,,,,,305.999,,,,,7.07
2019-06-21,6188.0,3.51448,348.0,2926.0,3.02329,,68.075,49.0,109.0,,,,,,,,,,,,7.37
2019-06-22,9381.0,5.30962,1279.0,2926.0,7.76444,,73.91527777777777,51.0,139.0,,,,,,,,,,,,8.72
2019-06-23,7489.0,4.26944,712.0,2926.0,7.6624,,71.71805555555555,51.0,118.0,,,,,,,,,,,,8.63
2019-06-24,7181.0,4.11161,480.0,2926.0,3.17093,,65.09494640122512,40.0,112.0,,,,,,,,,,,,9.07
2019-06-25,7802.0,4.51737,679.0,2926.0,2.36253,,66.04722222222222,46.0,125.0,,,,,,,,,,,,7.45
2019-06-26,6606.0,3.89351,1008.0,2926.0,1.0,,71.61527777777778,51.0,137.0,,,,,,,,,,,,7.52
2019-06-27,7026.0,3.99045,280.0,2926.0,3.63911,,65.22361111111111,49.0,103.0,,,,,,,,,,,,8.03
2019-06-28,6962.0,3.96062,392.0,2926.0,4.48688,,65.31805555555556,43.0,125.0,,,,,,,,,,,,6.7
2019-06-29,10052.0,5.73836,1102.0,2926.0,4.77493,,74.08683473389355,52.0,134.0,,,,,,,,,,,,8.17
2019-06-30,7218.0,4.09919,341.0,2926.0,3.01247,,69.47041847041847,52.0,110.0,,,,,,,,,,,,8.88
2019-07-01,3903.0,2.22327,126.0,2926.0,3.0,,63.772222222222226,47.0,103.0,,,,,,,,,,,,8.48
2019-07-02,4370.0,2.48921,200.0,2926.0,3.33169,,63.519444444444446,52.0,105.0,,,,,,,,,,,,7.27
2019-07-03,4258.0,2.45007,171.0,2926.0,3.0,,62.05138888888889,47.0,102.0,,,,,,,,,,,,7.2
2019-07-04,7624.0,4.32971,848.0,2926.0,6.0,,,,,,,,,,,,,,,,9.13
2019-07-05,6435.0,3.65863,567.0,2926.0,4.0,,,,,,,,,,,,,,,,8.13
2019-07-06,8567.0,4.88771,937.0,2926.0,3.0,,74.27067669172932,53.0,118.0,,,,,,,,,,,,9.45
2019-07-07,7260.0,4.14392,617.0,2926.0,5.19193,,72.80952380952381,53.0,119.0,,,,,,,,,,,,8.8
2019-07-08,6136.0,3.49211,355.0,2926.0,2.68373,,68.98194444444445,52.0,114.0,,,,,,,,,,,,5.92
2019-07-09,8974.0,4.52607,426.0,2926.0,11.0,,65.74444444444444,50.0,121.0,,,,,,,,,,,,8.68
2019-07-10,12181.0,6.95128,654.0,2926.0,13.0,,68.84861111111111,49.0,112.0,,,,,,,,,,,,8.27
2019-07-11,14389.0,7.385,645.0,2926.0,24.0,,67.98611111111111,55.0,124.0,,,,,,,,,,,,9.57
2019-07-12,6708.0,3.81708,355.0,2926.0,9.0,,67.10694444444445,44.0,121.0,,,,,,,,,,,,7.8
2019-07-13,4704.0,32.978,476.0,1603.0,6.0,,69.76190476190476,46.0,115.0,,,,,,,,,,,,8.27
2019-07-14,2661.0,1.0026940999999998,,,1.0,,,,,,,,,,,,,,,,
2019-07-15,3270.0,1.1595907200000002,,,,,,,,,,,,,,,,,,,
2019-07-16,3311.0,1.2190001,,,3.0,,,,,,,,,,,,,,,,
2019-07-17,2467.0,0.85276282,,,,,,,,,,,,,,,,,,,
2019-07-18,672.0,0.22610462000000003,,,,,,,,,,,,,,,,,,,
2019-07-19,4650.0,1.6393816300000001,,,,,,,,,,,,,,,,,,,
2019-07-20,7234.0,2.54499351,,,4.0,,,,,,,,,,,,,,,,
2019-07-21,2552.0,0.9302605799999999,,,4.0,,,,,,,,,,,,,,,,
2019-07-22,9092.0,5.89868,617.0,2926.0,2.69357,,71.34861111111111,50.0,136.0,,,,,,,,,,,,6.45
2019-07-23,1900.0,2.94592,282.0,2926.0,3.76181,,66.03888888888889,46.0,111.0,,,,,,,,,,,,7.18
2019-07-24,2391.0,3.67355,334.0,2926.0,5.45866,,66.2125,45.0,123.0,,,,,,,,,,,,7.42
2019-07-25,5185.0,4.48133,751.0,2926.0,7.24245,,71.80898876404494,51.0,145.0,,,,,,,,,,,,5.95
2019-07-26,5737.0,4.63854,367.0,2926.0,3.00459,,69.8236111111111,46.0,117.0,,,,,,,,,,,,6.68
2019-07-27,4272.0,4.87031,389.0,2926.0,6.01739,,66.91527777777777,50.0,119.0,,,,,,,,,,,,7.5
2019-07-28,1108.0,1.82062,114.0,2926.0,3.10072,,62.90403337969402,52.0,107.0,,,,,,,,,,,,8.7
2019-07-29,5476.0,5.90924,1655.0,2926.0,7.04331,,68.42264752791068,48.0,123.0,,,,,,,,,,,,7.33
2019-07-30,2730.0,4.41236,292.0,2926.0,4.65354,,80.4971098265896,41.0,153.0,,,,,,,,,,,,
2019-07-31,4736.0,3.57723,232.0,2926.0,3.0,,69.90277777777777,54.0,111.0,,,,,,,,,,,,4.98
2019-08-01,2343.0,4.74106,487.0,2926.0,3.33301,,64.075,47.0,109.0,,,,,,,,,,,,7.37
2019-08-02,3196.0,1.23132172,,,,,67.66527777777777,49.0,137.0,,,,,,,,,,,,7.02
2019-08-03,10093.0,5.77627,614.0,2926.0,2.17454,,76.21111111111111,54.0,130.0,,,,,,,,,,,,6.62
2019-08-04,7852.0,4.48444,674.0,2926.0,3.07415,,72.97916666666667,56.0,119.0,,,,,,,,,,,,8.73
2019-08-05,7544.0,4.30735,456.0,2926.0,4.0,,68.50929899856939,49.0,130.0,,,,,,,,,,,,7.22
2019-08-06,8177.0,4.65158,424.0,2926.0,2.57513,,67.93888888888888,41.0,120.0,,,,,,,,,,,,6.88
2019-08-07,8047.0,4.57019,243.0,2926.0,3.521,,64.45138888888889,46.0,121.0,,,,,,,,,,,,6.37
2019-08-08,10714.0,6.12175,549.0,2926.0,3.06266,,69.8375,46.0,120.0,,,,,,,,,,,,6.65
2019-08-09,10923.0,6.37962,689.0,2926.0,5.0,,71.09722222222223,47.0,123.0,,,,,,,,,,,,7.1
2019-08-10,11352.0,6.73504,1935.0,2926.0,3.09711,,81.72083333333333,54.0,144.0,,,,,,,,,,,,6.65
2019-08-11,13257.0,8.07161,1427.0,2926.0,2.75984,,79.87899860917942,58.0,139.0,,,,,,,,,,,,10.9
2019-08-12,7075.0,4.02524,603.0,2926.0,3.0,,68.7,48.0,138.0,,,,,,,,,,,,7.92
2019-08-13,11106.0,6.36222,1025.0,2926.0,7.0,,71.97841726618705,41.0,143.0,,,,,,,,,,,,
2019-08-14,7509.0,4.29367,385.0,2926.0,3.00558,,63.34353268428373,46.0,115.0,,,,,,,,,,,,7.13
2019-08-15,5381.0,3.05901,184.0,2926.0,2.51673,,60.230555555555554,45.0,112.0,,,,,,,,,,,,6.57
2019-08-16,7128.0,4.06998,302.0,2926.0,3.14108,,64.06111111111112,44.0,115.0,,,,,,,,,,,,7.15
2019-08-17,9924.0,5.65634,372.0,2926.0,3.17848,,65.90502793296089,44.0,112.0,,,,,,,,,,,,7.22
2019-08-18,12562.0,7.15385,497.0,2926.0,2.56234,,69.80833333333334,46.0,110.0,,,,,,,,,,,,8.47
2019-08-19,9123.0,5.1841,680.0,2926.0,8.0,,66.65555555555555,47.0,133.0,,,,,,,,,,,,7.48
2019-08-20,5962.0,3.38647,181.0,2926.0,3.38222,,63.075,32.0,104.0,,,,,,,,,,,,7.38
2019-08-21,7169.0,4.09111,667.0,2926.0,5.33629,,66.18888888888888,44.0,124.0,,,,,,,,,,,,6.27
2019-08-22,8663.0,4.92002,643.0,2926.0,7.0,,67.03617945007235,45.0,125.0,,,,,,,,,,,,7.25
2019-08-23,4615.0,2.63958,284.0,2926.0,5.0,,64.44305555555556,45.0,139.0,,,,,,,,,,,,7.48
2019-08-24,10152.0,5.96951,852.0,2926.0,3.11024,,73.95833333333333,52.0,148.0,,,,,,,,,,,,7.68
2019-08-25,8029.0,4.56832,662.0,2926.0,5.0,,71.98039215686275,52.0,140.0,,,,,,,,,,,,9.35
2019-08-26,6399.0,3.65118,246.0,2926.0,5.0,,63.53055555555556,47.0,113.0,,,,,,,,,,,,7.25
2019-08-27,3337.0,1.89891,89.0,2926.0,3.0,,59.852777777777774,45.0,101.0,,,,,,,,,,,,6.68
2019-08-28,5715.0,3.25101,366.0,2926.0,7.39928,,64.06677796327212,46.0,120.0,,,,,,,,,,,,6.1
2019-08-29,5553.0,3.15967,364.0,2926.0,2.91962,,66.85,51.0,113.0,,,,,,,,,,,,5.35
2019-08-30,6691.0,3.81646,327.0,2926.0,1.0,,63.88611111111111,49.0,111.0,,,,,,,,,,,,8.38
2019-08-31,6456.0,3.09816,215.0,2926.0,3.0,,65.69305555555556,53.0,116.0,59.0,,,,,,,,,,,8.72
2019-09-01,7438.0,4.2508,397.0,2926.0,2.43865,,68.58333333333333,50.0,117.0,,,,,,,,,,,,7.22
2019-09-02,5036.0,2.87073,359.0,2926.0,3.64469,,69.90277777777777,55.0,121.0,,,,,,,,,,,,7.35
2019-09-03,4534.0,2.5905,613.0,2926.0,7.73425,,67.74152542372882,50.0,127.0,,,,,,,,,,,,9.37
2019-09-04,6980.0,3.97553,792.0,2926.0,4.49869,,67.08055555555555,48.0,142.0,,,,,,,,,,,,7.25
2019-09-05,6095.0,3.49086,407.0,2926.0,3.55381,,67.74231332357247,51.0,148.0,,,,,,,,,,,,7.38
2019-09-06,8473.0,4.85912,732.0,2926.0,2.0,,71.58888888888889,49.0,123.0,,,,,,,,,,,,7.38
2019-09-07,7305.0,4.16132,969.0,2926.0,8.09154,,79.98194444444445,58.0,137.0,,,,,,,,,,,,7.48
2019-09-08,6819.0,3.74811,413.0,2926.0,3.0,,69.47361111111111,53.0,123.0,,,,,,,,,,,,7.92
2019-09-09,8312.0,4.72056,871.0,2926.0,7.79856,,69.87361111111112,50.0,141.0,,,,,,,,,,,,8.12
2019-09-10,6389.0,3.6636,323.0,2926.0,5.77001,,63.83018867924528,50.0,110.0,,,,,,,,,,,,8.13
2019-09-11,6211.0,3.52752,766.0,2926.0,4.4439,,66.57083333333334,51.0,142.0,,,,,,,,,,,,7.67
2019-09-12,7806.0,4.54409,424.0,2926.0,4.57087,,66.425,45.0,120.0,,,,,,,,,,,,7.9
2019-09-13,8530.0,4.86161,624.0,2926.0,8.0,,70.75799721835884,54.0,129.0,,,,,,,,,,,,7.15
2019-09-14,5626.0,3.19509,739.0,2926.0,6.17684,,68.21666666666667,48.0,141.0,,,,,,,,,,,,8.62
2019-09-15,7711.0,4.37942,386.0,2926.0,6.0,,67.7875,49.0,109.0,,,,,,,,,,,,8.35
2019-09-16,6929.0,3.93514,727.0,2926.0,8.4626,,68.3625,41.0,149.0,,,,,,,,,,,,8.58
2019-09-17,4700.0,2.66941,169.0,2926.0,2.0,,64.37638888888888,50.0,98.0,,,,,,,,,,,,6.62
2019-09-18,7102.0,4.03332,788.0,2926.0,7.37664,,67.57670454545455,50.0,155.0,,,,,,,,,,,,7.4
2019-09-19,6519.0,3.70213,425.0,2926.0,5.48425,,67.14583333333333,49.0,127.0,,,,,,,,,,,,7.07
2019-09-20,6959.0,3.95813,854.0,2926.0,3.0,,72.79444444444445,47.0,128.0,,,,,,,,,,,,6.27
2019-09-21,16213.0,9.2081,1372.0,2926.0,28.0,,83.3861111111111,63.0,133.0,,,,,,,,,,,,6.48
2019-09-22,11178.0,6.34855,697.0,2926.0,15.645,,71.7388888888889,48.0,138.0,,,,,,,,,,,,6.33
2019-09-23,5492.0,3.13357,774.0,2926.0,6.0,,65.60416666666667,47.0,161.0,,,,,,,,,,,,9.1
2019-09-24,5856.0,3.32558,267.0,2926.0,6.30545,,65.8078541374474,46.0,105.0,,,,,,,,,,,,5.85
2019-09-25,5202.0,2.95462,240.0,2926.0,3.73524,,65.32398753894081,45.0,132.0,,,,,,,,,,,,6.52
2019-09-26,4282.0,2.43205,310.0,2926.0,5.0,,65.56944444444444,42.0,117.0,,,,,,,,,,,,7.05
2019-09-27,7380.0,4.19612,545.0,2926.0,6.0,,72.25277777777778,49.0,110.0,,,,,,,,,,,,7.25
2019-09-28,9470.0,5.37859,500.0,2926.0,9.18766,,73.65555555555555,45.0,109.0,,,,,,,,,,,,8.02
2019-09-29,7811.0,4.58323,546.0,2926.0,3.00722,,67.55,51.0,130.0,,,,,,,,,,,,8.85
2019-09-30,6014.0,3.44302,272.0,2926.0,3.60892,,65.5736111111111,51.0,115.0,,,,,,,,,,,,7.12
2019-10-01,9197.0,5.22325,397.0,2926.0,4.48031,,66.82777777777778,47.0,108.0,,,,,,,,,,,,7.6
2019-10-02,6435.0,4.09794,241.0,2926.0,4.0,,67.15,49.0,110.0,,,,,,,,,,,,7.75
2019-10-03,7210.0,2.73776,169.0,2926.0,6.10433,,65.90138888888889,52.0,98.0,,,,,,,,,,,,7.62
2019-10-04,4821.0,0.9605402599999999,,,2.0,,64.79608938547486,47.0,113.0,,,,,,,,,,,,7.08
2019-10-05,7015.0,3.95006,321.0,2926.0,6.0,,67.66666666666667,51.0,123.0,,,,,,,,,,,,7.75
2019-10-06,6054.0,3.43805,258.0,2926.0,2.67257,,68.08888888888889,53.0,105.0,,,,,,,,,,,,7.78
2019-10-07,5529.0,3.13979,760.0,2926.0,7.0794,,71.27463651050081,51.0,150.0,,,,,,,,,,,,7.4
2019-10-08,6512.0,3.6984,324.0,2926.0,5.58333,,65.67916666666666,48.0,119.0,,,,,,,,,,,,7.38
2019-10-09,6537.0,3.74563,761.0,2926.0,5.37959,,69.26388888888889,45.0,153.0,,,,,,,,,,,,7.2
2019-10-10,4374.0,2.48424,105.0,2926.0,4.27297,,64.8125,49.0,108.0,,,,,,,,,,,,7.2
2019-10-11,9203.0,5.29595,635.0,2926.0,3.0,,68.84755244755245,51.0,132.0,,,,,,,,,,,,6.82
2019-10-12,10866.0,6.17643,748.0,2926.0,6.26936,,77.1875,60.0,116.0,,,,,,,,,,,,6.85
2019-10-13,6882.0,3.93514,276.0,2926.0,3.03215,,67.19027777777778,51.0,107.0,,,,,,,,,,,,6.02
2019-10-14,5570.0,3.17272,252.0,2926.0,2.0,,63.583333333333336,47.0,114.0,,,,,,,,,,,,9.47
2019-10-15,4420.0,2.53395,645.0,2926.0,5.5771,,66.31221719457014,50.0,158.0,,,,,,,,,,,,7.38
2019-10-16,5358.0,3.04285,331.0,2926.0,7.48064,,65.71388888888889,52.0,115.0,,,,,,,,,,,,7.48
2019-10-17,9464.0,5.37859,953.0,2926.0,4.20144,,70.14583333333333,52.0,158.0,,,,,,,,,,,,6.67
2019-10-18,4897.0,2.78126,293.0,2926.0,1.0,,67.42083333333333,50.0,113.0,,,,,,,,,,,,6.82
2019-10-19,3953.0,2.25744,231.0,2926.0,6.0,,68.40625,50.0,111.0,,,,,,,,,,,,9.65
2019-10-20,13937.0,7.95044,1391.0,2926.0,5.55676,,73.64027777777778,44.0,152.0,,,,,,,,,,,,8.88
2019-10-21,4255.0,2.419,227.0,2926.0,3.57349,,66.14444444444445,49.0,113.0,,,,,,,,,,,,7.2
2019-10-22,8394.0,4.77337,813.0,2926.0,3.39961,,65.27361111111111,47.0,155.0,,,,,,,,,,,,5.85
2019-10-23,5834.0,3.31315,307.0,2926.0,9.0,,64.71937321937322,52.0,108.0,,,,,,,,,,,,7.28
2019-10-24,4520.0,2.59174,201.0,2926.0,4.0,,63.12777777777778,47.0,117.0,,,,,,,,,,,,7.17
2019-10-25,3684.0,2.10272,181.0,2926.0,4.20735,,62.920833333333334,46.0,115.0,,,,,,,,,,,,7.68
2019-10-26,3555.0,2.02443,139.0,2926.0,4.06004,,65.40555555555555,47.0,105.0,,,,,,,,,,,,8.33
2019-10-27,7372.0,3.99604,246.0,2926.0,4.27526,,62.651162790697676,47.0,110.0,,,,,,,,,,,,8.97
2019-10-28,4056.0,2.30342,203.0,2926.0,2.6519,,60.802893309222426,44.0,102.0,,,,,,,,,,,,
2019-10-29,9431.0,5.35622,947.0,2926.0,7.0,,69.92275280898876,49.0,147.0,,,,,,,,,,,,5.77
2019-10-30,5944.0,3.37653,228.0,2926.0,9.42782,,63.140277777777776,47.0,110.0,,,,,,,,,,,,7.12
2019-10-31,6308.0,3.5822,374.0,2926.0,3.0,,66.65320334261838,49.0,113.0,,,,,,,,,,,,4.85
2019-11-01,16722.0,9.44236,735.0,2926.0,18.6394,,68.02649930264992,49.0,119.0,54.0,,,,,,,,,,,7.23
2019-11-02,10602.0,5.93409,469.0,2926.0,2.75131,,66.24492753623188,49.0,112.0,,,,,,,,,,,,7.15
2019-11-03,6803.0,2.5349215300000005,,,3.0,,67.33333333333333,47.0,110.0,,,,,,,,,,,,7.33
2019-11-04,7866.0,4.47263,530.0,3169.0,6.0,,67.83188405797101,52.0,122.0,,,,,,,,,,,,7.72
2019-11-05,10296.0,0.9913422399999999,,,2.0,,67.49051094890511,44.0,177.0,,,,,,,,,,,,7.2
2019-11-06,5333.0,3.02856,253.0,2926.0,5.45538,,62.4625,44.0,106.0,,,,,,,,,,,,7.6
2019-11-07,9083.0,0.8602821,,,1.0,,71.30998509687035,46.0,156.0,,,,,,,,,,,,6.75
2019-11-08,5566.0,3.17396,220.0,2926.0,4.0,,65.07777777777778,47.0,108.0,,,,,,,,,,,,7.08
2019-11-09,12966.0,7.37568,827.0,2926.0,6.37238,,69.82916666666667,52.0,136.0,,,,,,,,,,,,10.2
2019-11-10,5926.0,1.47545139,,,3.0,,67.24861111111112,55.0,107.0,,,,,,,,,,,,7.98
2019-11-11,4074.0,2.32144,119.0,2926.0,2.0,,63.09027777777778,51.0,93.0,,,,,,,,,,,,8.12
2019-11-12,3838.0,0.2519288,,,,,60.28888888888889,48.0,93.0,,,,,,,,,,,,9.68
2019-11-13,5477.0,3.13606,140.0,2926.0,2.04035,,61.11805555555556,48.0,95.0,,,,,,,,,,,,7.68
2019-11-14,5282.0,0.42067448,,,1.0,,65.5736111111111,49.0,103.0,,,,,,,,,,,,6.9
2019-11-15,3830.0,2.17542,183.0,2926.0,4.0,,65.36944444444444,42.0,109.0,,,,,,,,,,,,7.82
2019-11-16,5832.0,1.9354603110000002,,,2.0,,66.13055555555556,49.0,102.0,,,,,,,,,,,,8.72
2019-11-17,3590.0,0.7573890500000001,,,1.0,,66.52777777777777,53.0,112.0,,,,,,,,,,,,9.93
2019-11-18,9495.0,5.40344,861.0,2926.0,6.77165,,62.96798780487805,43.0,161.0,49.0,,,,,,,,,,,7.72
2019-11-19,4663.0,2.6545,246.0,2926.0,2.0,,64.91159420289856,48.0,105.0,,,,,,,,,,,,4.27
2019-11-20,3681.0,2.10458,151.0,2926.0,3.0,,62.077777777777776,43.0,109.0,,,,,,,,,,,,7.82
2019-11-21,5136.0,2.93225,180.0,2926.0,2.0,,64.02916666666667,50.0,101.0,,,,,,,,,,,,7.03
2019-11-22,3768.0,2.15243,195.0,2926.0,1.10433,,65.81944444444444,50.0,116.0,,,,,,,,,,,,8.72
2019-11-23,6785.0,3.87114,368.0,2926.0,2.05512,,66.44722222222222,53.0,116.0,,,,,,,,,,,,8.98
2019-11-24,5317.0,3.01986,229.0,2926.0,3.77264,,62.17638888888889,50.0,109.0,,,,,,,,,,,,9.2
2019-11-25,6381.0,3.63626,181.0,2926.0,5.2851,,60.09583333333333,45.0,128.0,,,,,,,,,,,,8.77
2019-11-26,5408.0,3.10002,232.0,2926.0,9.28871,,61.56666666666667,47.0,115.0,,,,,,,,,,,,6.65
2019-11-27,3762.0,2.12882,191.0,2926.0,4.0,,64.79305555555555,50.0,123.0,,,,,,,,,,,,8.58
2019-11-28,11765.0,6.78848,1084.0,2926.0,3.0,,76.75416666666666,42.0,133.0,,,,,,,,,,,,8.68
2019-11-29,3190.0,1.72493,119.0,2926.0,2.08793,,68.18196202531645,51.0,116.0,,,,,,,,,,,,8.52
2019-11-30,5054.0,2.73093,201.0,2926.0,4.0,,61.86944444444445,49.0,103.0,,,,,,,,,,,,7.93
2019-12-01,4484.0,2.56875,389.0,2926.0,3.21686,,63.08611111111111,51.0,138.0,,,,,,,,,,,,9.03
2019-12-02,5128.0,2.91858,152.0,2926.0,4.52264,,64.00138888888888,48.0,101.0,,,,,,,,,,,,7.22
2019-12-03,9737.0,5.54947,956.0,2926.0,5.0,,67.62222222222222,47.0,160.0,,,,,,,,,,,,6.9
2019-12-04,4562.0,2.59112,212.0,2926.0,5.39862,,63.795833333333334,50.0,107.0,,,,,,,,,,,,7.1
2019-12-05,5016.0,2.86452,204.0,2926.0,3.0,,63.13333333333333,50.0,108.0,,,,,,,,,,,,6.28
2019-12-06,4732.0,2.68743,219.0,2926.0,4.0,,64.55972222222222,47.0,119.0,,,,,,,,,,,,6.88
2019-12-07,5773.0,3.28643,287.0,2926.0,5.5584,,63.326388888888886,47.0,119.0,,,,,,,,,,,,7.02
2019-12-08,4089.0,2.32206,164.0,2926.0,3.01509,,60.44861111111111,47.0,108.0,,,,,,,,,,,,9.07
2019-12-09,5944.0,3.37591,195.0,2926.0,5.0,,63.47346368715084,50.0,107.0,,,,,,,,,,,,6.88
2019-12-10,8338.0,4.94425,292.0,2926.0,4.04495,,64.57222222222222,47.0,105.0,,,,,,,,,,,,6.55
2019-12-11,6263.0,3.89227,452.0,2926.0,2.0,,64.32069970845481,43.0,128.0,,,,,,,,,,,,8.38
2019-12-12,8646.0,4.91008,632.0,2926.0,2.76903,,72.05972222222222,50.0,126.0,,,,,,,,,,,,6.02
2019-12-13,5703.0,3.4716,471.0,2926.0,5.4147,,69.28194444444445,54.0,138.0,,,,,,,,,,,,6.1
2019-12-14,5035.0,2.86949,359.0,2926.0,6.60663,,67.44305555555556,52.0,119.0,,,,,,,,,,,,10.93
2019-12-15,3523.0,2.00144,238.0,2926.0,4.62566,,64.68888888888888,54.0,113.0,,,,,,,,,,,,10.02
2019-12-16,5613.0,0.963734639,,,2.0,,68.43115438108484,49.0,118.0,,,,,,,,,,,,7.47
2019-12-17,6519.0,4.11658,459.0,2926.0,1.24508,,64.49643366619115,49.0,133.0,,,,,,,305.999,,,,,5.52
2019-12-18,6143.0,1.47387346,,,2.0,,66.43055555555556,51.0,112.0,,,,,,,,,,,,7.08
2019-12-19,6842.0,4.28373,504.0,2926.0,2.0,,67.07916666666667,53.0,141.0,,,,,,,,,,,,5.85
2019-12-20,6955.0,0.74234609,,,2.0,,67.24722222222222,52.0,115.0,,,,,,,,,,,,8.42
2019-12-21,7083.0,1.30777412,,,6.0,,71.48333333333333,49.0,115.0,,,,,,,,,,,,11.45
2019-12-22,6697.0,4.30424,902.0,2926.0,5.06037,,63.93194444444445,47.0,133.0,,,,,,,,,,,,8.13
2019-12-23,4920.0,0.8427280999999999,,,2.0,,62.859722222222224,41.0,118.0,,,,,,,,,,,,7.62
2019-12-24,3181.0,0.4378436400000001,,,3.0,,59.0956340956341,47.0,107.0,,,,,,,,,,,,5.95
2019-12-25,4757.0,0.6838253,,,1.0,,64.11527777777778,47.0,124.0,,,,,,,,,,,,9.8
2019-12-26,4052.0,0.80169324,,,1.0,,60.18194444444445,46.0,110.0,,,,,,,,,,,,9.65
2019-12-27,13125.0,7.45024,590.0,2926.0,6.50066,,63.105555555555554,49.0,111.0,,,,,,,,,,,,8.03
2019-12-28,3732.0,2.1195,161.0,2926.0,4.02297,,65.51944444444445,49.0,105.0,,,,,,,,,,,,9.58
2019-12-29,5200.0,2.97699,279.0,2926.0,5.72211,,67.88888888888889,53.0,125.0,,,,,,,,,,,,8.67
2019-12-30,6686.0,0.3381563,,,,,62.418055555555554,43.0,143.0,,,,,,,,,,,,7.77
2019-12-31,6486.0,4.10291,542.0,2926.0,3.0,,68.45694444444445,50.0,142.0,,,,,,,,,,,,6.83
2020-01-01,7591.0,2.839828430000001,,,,,75.7664,58.0,128.0,,,,,,,,,,,,6.42
2020-01-02,6317.0,0.266679757,,,,,65.75694444444444,41.0,146.0,,,,,,,,,,,,7.77
2020-01-03,6183.0,1.28727031,,,1.0,,67.1875,50.0,108.0,,,,,,,,,,,,7.13
2020-01-04,8742.0,2.3239658299999997,,,9.0,,68.3875,50.0,132.0,,,,,,,,,,,,7.58
2020-01-05,7856.0,4.7945,436.0,2920.0,8.0,,64.94027777777778,50.0,124.0,,,,,,,,,,,,9.67
2020-01-06,7920.0,5.0853,591.0,2920.0,3.52559,,62.95,46.0,149.0,,,,,,,,,,,,7.45
2020-01-07,5432.0,0.9245759400000001,,,2.0,,64.15138888888889,52.0,108.0,,,,,,,,,,,,6.68
2020-01-08,7961.0,1.14995346,,,4.0,,67.34134615384616,51.0,151.0,,,,,,,,,,,,6.92
2020-01-09,5101.0,0.8720754199999999,,,,,62.73991655076495,46.0,117.0,,,,,,,,,,,,7.18
2020-01-10,5652.0,3.22119,307.0,2920.0,6.06824,,62.82222222222222,49.0,111.0,,,,,,,,,,,,6.67
2020-01-11,8205.0,5.21144,487.0,2920.0,10.0538,,63.72638888888889,49.0,132.0,,,,,,,,,,,,9.0
2020-01-12,9426.0,1.9449344199999996,,,4.0,,70.2882096069869,54.0,118.0,,,,,,,,,,,,9.13
2020-01-13,5437.0,3.08759,260.0,2920.0,2.47769,,64.95833333333333,51.0,116.0,,,,,,,,,,,,6.98
2020-01-14,8869.0,1.49345835,,,3.0,,66.58888888888889,47.0,152.0,,,,,,,,,,,,7.12
2020-01-15,2883.0,1.63731,161.0,2920.0,3.25262,,60.41388888888889,46.0,109.0,,,,,,,,,,,,7.6
2020-01-16,5719.0,0.68224072,,,,,66.73344103392569,49.0,149.0,,,,,,,,,,,,8.38
2020-01-17,4892.0,1.2309557500000001,,,3.0,,69.28985507246377,51.0,127.0,,,,,,,,,,,,4.95
2020-01-18,9766.0,6.26653,1420.0,2920.0,2.76214,,75.81111111111112,59.0,159.0,,,,,,,,,,,,7.78
2020-01-19,4785.0,2.73093,341.0,2920.0,5.08825,,69.83472222222223,51.0,115.0,,,,,,,,,,,,7.02
2020-01-20,5788.0,0.28862696,,,,,62.85396383866481,45.0,142.0,,,,,,,,,,,,8.22
2020-01-21,4017.0,2.26552,182.0,2920.0,2.0,,60.28279883381924,47.0,102.0,,,,,,,,,,,,7.63
2020-01-22,7298.0,4.61057,698.0,2920.0,4.14206,,63.62916666666667,49.0,146.0,,,,,,,,,,,,7.48
2020-01-23,6664.0,4.43038,754.0,2920.0,4.70079,,64.23472222222222,37.0,141.0,,,,,,,,,,,,7.62
2020-01-24,4808.0,0.8005807799999999,,,2.0,,63.3875,46.0,114.0,,,,,,,,,,,,7.55
2020-01-25,15507.0,8.96639,1215.0,2920.0,9.36581,,67.21111111111111,46.0,132.0,,,,,,,,,,,,8.78
2020-01-26,4174.0,0.9053879000000001,,,2.0,,66.40416666666667,53.0,116.0,,,,,,,,,,,,8.73
2020-01-27,5579.0,3.56605,504.0,2920.0,6.50492,,65.89583333333333,52.0,144.0,,,,,,,,,,,,7.88
2020-01-28,5019.0,2.85831,328.0,2920.0,4.31234,,66.02777777777777,46.0,112.0,,,,,,,,,,,,5.9
2020-01-29,7410.0,4.70192,942.0,2920.0,5.29659,,67.82570162481537,51.0,138.0,,,,,,,,,,,,8.07
2020-01-30,4705.0,0.8941096599999998,,,3.0,,63.375,46.0,149.0,,,,,,,,,,,,8.22
2020-01-31,3547.0,2.01821,175.0,2920.0,1.36713,,62.68473609129815,50.0,107.0,,,,,,,,,,,,7.27
2020-02-01,7608.0,1.2127123199999998,,,2.0,,71.27793696275072,51.0,152.0,,,,,,,,,,,,10.35
2020-02-02,11920.0,6.80339,1285.0,2920.0,8.0,,72.99861111111112,54.0,114.0,,,,,,,,,,,,7.15
2020-02-03,9376.0,5.81728,909.0,2920.0,4.3727,,66.19722222222222,48.0,139.0,,,,,,,,,,,,5.55
2020-02-04,7213.0,4.0967,343.0,2920.0,6.0,,61.56805555555555,43.0,106.0,,,,,,,,,,,,7.0
2020-02-05,7119.0,4.48133,648.0,2920.0,3.52067,,64.50694444444444,47.0,146.0,,,,,,,,,,,,7.48
2020-02-06,5310.0,0.8816770500000001,,,3.0,,64.49444444444444,49.0,111.0,,,,,,,,,,,,7.27
2020-02-07,4134.0,2.34754,153.0,2920.0,2.02986,,64.3145896656535,45.0,107.0,,,,,,,,,,,,6.65
2020-02-08,5557.0,3.17148,394.0,2920.0,6.70374,,65.9875,51.0,129.0,,,,,,,,,,,,8.88
2020-02-09,7110.0,4.04513,412.0,2920.0,3.0,,64.45138888888889,53.0,111.0,,,,,,,,,,,,8.85
2020-02-10,6878.0,4.43473,706.0,2920.0,8.03707,,61.36300417246175,47.0,142.0,,,,,,,,,,,,6.17
2020-02-11,10190.0,5.78745,1303.0,2920.0,6.6168,,70.44027777777778,48.0,126.0,,,,,,,,,,,,8.98
2020-02-12,7948.0,5.31397,698.0,2920.0,5.07907,,63.54798331015299,46.0,132.0,,,,,,,,,,,,7.65
2020-02-13,7129.0,4.06812,231.0,2920.0,6.0,,60.68194444444445,45.0,104.0,,,,,,,,,,,,6.92
2020-02-14,6954.0,3.94944,161.0,2920.0,5.5164,,61.09722222222222,50.0,107.0,,,,,,,,,,,,7.67
2020-02-15,6235.0,3.55735,216.0,2920.0,10.6466,,61.19515885022693,49.0,106.0,,,,,,,,,,,,8.68
2020-02-16,9512.0,5.47925,1151.0,2920.0,4.68865,,69.63888888888889,53.0,121.0,,,,,,,,,,,,9.18
2020-02-17,10380.0,5.92477,1612.0,2920.0,5.35269,,70.12083333333334,49.0,132.0,,,,,,,,,,,,7.43
2020-02-18,9770.0,5.64267,1306.0,2920.0,2.0,,67.94267515923566,50.0,114.0,,,,,,,,,,,,8.13
2020-02-19,5308.0,0.8336193399999999,,,1.0,,62.76216968011126,48.0,136.0,,,,,,,,,,,,6.93
2020-02-20,10280.0,5.86823,494.0,2920.0,3.0,,61.28789986091794,43.0,109.0,,,,,,,,,,,,8.78
2020-02-21,3796.0,2.17418,137.0,2920.0,4.35663,,61.831944444444446,47.0,123.0,,,,,,,,,,,,7.23
2020-02-22,5881.0,3.30197,258.0,2920.0,1.02264,,64.3375,39.0,113.0,,,,,,,,,,,,9.25
2020-02-23,10052.0,5.71848,1138.0,2920.0,5.55971,,70.21111111111111,49.0,117.0,,,,,,,,,,,,7.97
2020-02-24,4026.0,0.74235844,,,2.0,,62.40694006309148,46.0,110.0,,,,,,,,,,,,9.3
2020-02-25,9776.0,5.57929,1164.0,2920.0,7.29068,,70.89305555555555,52.0,115.0,,,,,,,,,,,,7.07
2020-02-26,6984.0,0.8258956200000002,,,1.0,,66.64027777777778,51.0,131.0,,,,,,,,,,,,7.93
2020-02-27,6718.0,3.81522,454.0,2920.0,2.38287,,66.93888888888888,51.0,113.0,,,,,,,,,,,,7.33
2020-02-28,4891.0,0.8334204500000001,,,1.0,,67.6361111111111,50.0,121.0,,,,,,,,,,,,5.03
2020-02-29,12849.0,7.31354,1458.0,2920.0,4.74147,,74.625,49.0,111.0,,,,,,,,,,,,8.32
2020-03-01,7734.0,4.4223,852.0,2920.0,2.0,,71.52495974235104,56.0,113.0,,,,,,,,,,,,9.0
2020-03-02,8897.0,5.08965,1109.0,2920.0,4.13091,,67.03899721448468,48.0,135.0,,,,,,,,,,,,7.93
2020-03-03,12913.0,7.38127,1389.0,2920.0,13.0,,67.41805555555555,47.0,113.0,,,,,,,,,,,,8.5
2020-03-04,6872.0,0.31956503,,,,,65.46111111111111,51.0,125.0,,,,,,,,,,,,7.25
2020-03-05,11481.0,0.5853813000000001,,,,,69.74444444444444,52.0,112.0,,,,,,,,,,,,7.48
2020-03-06,6424.0,3.68225,474.0,2920.0,3.50919,,68.67851851851852,52.0,121.0,,,,,,,,,,,,7.07
2020-03-07,3217.0,0.39544047000000004,,,3.0,,63.701388888888886,42.0,127.0,,,,,,,,,,,,6.17
2020-03-08,11302.0,6.46661,1486.0,2920.0,4.0,,71.72173913043478,53.0,125.0,,,,,,,,,,,,8.28
2020-03-09,8741.0,4.96973,860.0,2920.0,3.50722,,68.23472222222222,50.0,115.0,,,,,,,,,,,,7.97
2020-03-10,9271.0,5.26923,695.0,2920.0,4.75787,,67.80694444444444,51.0,110.0,,,,,,,,,,,,6.75
2020-03-11,9861.0,5.61906,1284.0,2920.0,1.0,,70.56090225563909,50.0,119.0,,,,,,,,,,,,5.43
2020-03-12,5939.0,3.3728,337.0,2920.0,4.78084,,65.36527777777778,47.0,115.0,,,,,,,,,,,,8.17
2020-03-13,9136.0,5.18845,659.0,2920.0,6.18241,,71.2611111111111,53.0,113.0,,,,,,,,,,,,6.22
2020-03-14,3458.0,1.97161,146.0,2920.0,1.0,,62.15,53.0,102.0,,,,,,,,,,,,8.82
2020-03-15,4813.0,2.73341,234.0,2920.0,0.66273,,66.58472222222223,48.0,101.0,,,,,,,,,,,,8.4
2020-03-16,4382.0,2.49791,213.0,2920.0,2.01575,,65.6875,54.0,112.0,,,,,,,,,,,,7.1
2020-03-17,4595.0,2.60976,358.0,2920.0,1.04003,,72.30833333333334,53.0,113.0,,,,,,,,,,,,8.25
2020-03-18,2650.0,1.51552,192.0,1912.0,1.06988,,68.39618644067797,57.0,120.0,59.0,,,,,,,,,,,8.55
2020-03-19,4904.0,2.78499,532.0,2920.0,2.29364,,71.96124031007751,58.0,118.0,,,,,,,,,,,,
2020-03-20,5031.0,2.85706,1264.0,2920.0,5.38845,,71.75138888888888,55.0,143.0,,,,,,,,,,,,7.82
2020-03-21,15078.0,8.13623,1898.0,2920.0,9.48327,,73.575,55.0,117.0,,,,,,,,,,,,10.32
2020-03-22,9695.0,5.59793,2789.0,2920.0,5.62303,,77.64895104895105,58.0,117.0,,,,,,,,,,,,10.58
2020-03-23,7094.0,4.43597,1230.0,2920.0,2.30741,,68.25443786982248,53.0,141.0,,,,,,,,,,,,8.9
2020-03-24,5549.0,3.15159,745.0,2920.0,2.69062,,67.48333333333333,48.0,139.0,,,,,,,,,,,,8.12
2020-03-25,4073.0,2.31336,403.0,2920.0,3.06857,,64.08194444444445,50.0,148.0,,,,,,,,,,,,7.63
2020-03-26,12217.0,6.79283,746.0,2920.0,6.52034,,66.46111111111111,50.0,117.0,,,,,,,,,,,,9.05
2020-03-27,4894.0,2.78623,1342.0,2920.0,19.0,,74.22829131652661,55.0,148.0,,,,,,,,,,,,7.37
2020-03-28,6451.0,3.66858,549.0,2920.0,5.21063,,70.3771676300578,53.0,127.0,,,,,,,,,,,,9.13
2020-03-29,8060.0,4.60685,1177.0,2920.0,3.0,,71.46527777777777,53.0,118.0,,,,,,,,,,,,9.3
2020-03-30,4896.0,2.78685,692.0,2920.0,2.28773,,64.60277777777777,50.0,137.0,,,,,,,,,,,,8.57
2020-03-31,3727.0,2.11639,289.0,2920.0,1.05085,,62.5,47.0,102.0,,,,,,,,,,,,7.75
2020-04-01,13070.0,7.59502,1108.0,2920.0,3.51673,,69.00972222222222,50.0,131.0,,,,,,,,,,,,7.1
2020-04-02,5264.0,2.98942,145.0,2920.0,1.02756,,62.63472222222222,50.0,102.0,,,,,,,,,,,,6.68
2020-04-03,5978.0,3.39517,164.0,2920.0,5.16831,,62.0,49.0,104.0,,,,,,,,,,,,8.42
2020-04-04,3277.0,1.86101,133.0,2920.0,5.70308,,64.11944444444444,52.0,107.0,,,,,,,,,,,,9.5
2020-04-05,2884.0,1.69883,287.0,2920.0,4.0,,65.55162659123056,44.0,112.0,,,,,,,,,,,,9.03
2020-04-06,3606.0,2.04804,498.0,2920.0,1.05709,,67.18740629685158,42.0,138.0,,,,,,,,,,,,8.48
2020-04-07,4283.0,2.43267,578.0,2920.0,3.0,,67.7413073713491,53.0,146.0,,,,,,,,,,,,7.58
2020-04-08,4166.0,2.38855,234.0,2920.0,2.75328,,65.29583333333333,52.0,107.0,,,,,,,,,,,,9.38
2020-04-09,6237.0,3.28208,1424.0,2920.0,31.0,,70.9263888888889,48.0,149.0,,,,,,,,,,,,6.82
2020-04-10,2910.0,1.66155,262.0,2920.0,2.0,,69.82991202346041,54.0,116.0,,,,,,,,,,,,7.88
2020-04-11,12849.0,7.39618,826.0,2920.0,1.53379,,72.39647577092511,57.0,117.0,,,,,,,,,,,,9.07
2020-04-12,13554.0,7.27501,1088.0,2920.0,9.46949,,71.96488764044943,52.0,128.0,,,,,,,,,,,,11.1
2020-04-13,5657.0,3.24356,553.0,2920.0,5.44094,,67.14444444444445,52.0,133.0,,,,,,,,,,,,8.38
2020-04-14,6880.0,4.65656,739.0,2920.0,2.0,,67.86342943854325,48.0,146.0,,,,,,,,,,,,7.97
2020-04-15,3160.0,1.80322,191.0,2920.0,4.0,,64.55416666666666,45.0,115.0,,,,,,,,,,,,8.83
2020-04-16,6730.0,3.8438,372.0,2920.0,3.0,,65.34444444444445,43.0,112.0,,,,,,,,,,,,7.45
2020-04-17,4854.0,2.77194,201.0,2920.0,2.03609,,63.725,49.0,106.0,,,,,,,,,,,,8.32
2020-04-18,11572.0,6.20998,538.0,2920.0,9.13681,,67.10694444444445,54.0,117.0,,,,,,,,,,,,9.13
2020-04-19,12524.0,6.85994,831.0,2920.0,14.4633,,66.0975954738331,48.0,119.0,,,,,,,,,,,,8.1
2020-04-20,2472.0,1.40368,121.0,1731.0,1.0,,64.60686015831135,52.0,113.0,58.0,,,,,,,,,,,8.9
2020-04-21,1457.0,0.48228347000000005,,,,,,,,,,,,,,,,,,,
2020-04-22,1265.0,0.43446222000000007,,,,,,,,,,,,,,,,,,,
2020-04-23,1949.0,0.67733171,,,,,,,,,,,,,,,,,,,
2020-04-24,1599.0,0.55643728,,,,,,,,,,,,,,,,,,,
2020-04-25,5837.0,3.31502,436.0,2920.0,5.0,,69.03333333333333,50.0,110.0,,,,,,,,,,,,9.6
2020-04-26,4130.0,2.34568,263.0,2920.0,4.02854,,65.1813110181311,49.0,107.0,,,,,,,,,,,,6.77
2020-04-27,5990.0,3.4511,369.0,2920.0,7.74869,,66.31388888888888,47.0,111.0,,,,,,,,,,,,7.83
2020-04-28,4615.0,2.64953,355.0,2920.0,6.07218,,61.66111111111111,46.0,112.0,,,,,,,,,,,,8.03
2020-04-29,4885.0,2.79431,437.0,2920.0,0.0,,63.56388888888889,46.0,124.0,,,,,,,,,,,,7.67
2020-04-30,4855.0,2.76759,194.0,2920.0,5.29659,,61.8375,51.0,111.0,,,,,,,,,,,,8.45
2020-05-01,5130.0,3.01738,243.0,2920.0,2.0,,63.00277777777778,46.0,112.0,,,,,,,,,,,,6.75
2020-05-02,7299.0,4.16443,420.0,2920.0,4.06791,,69.95833333333333,52.0,109.0,,,,,,,,,,,,7.65
2020-05-03,7186.0,4.1315,665.0,2920.0,1.0,,70.2704081632653,57.0,116.0,,,,,,,,,,,,8.27
2020-05-04,6154.0,3.51758,521.0,2920.0,3.63845,,69.25,50.0,131.0,,,,,,,,,,,,7.43
2020-05-05,8883.0,5.05548,1033.0,2920.0,4.1273,,70.95138888888889,51.0,131.0,,,,,,,,,,,,6.73
2020-05-06,4200.0,2.39849,272.0,2920.0,3.0,,64.57777777777778,51.0,118.0,,,,,,,,,,,,8.08
2020-05-07,5863.0,3.34919,544.0,2920.0,2.74475,,65.85277777777777,51.0,116.0,,,,,,,,,,,,7.37
2020-05-08,4525.0,2.5818,389.0,2920.0,3.19029,,69.51527777777778,52.0,114.0,,,,,,,,,,,,8.53
2020-05-09,10881.0,6.2075,1236.0,2920.0,5.03642,,75.7388888888889,56.0,124.0,,,,,,,,,,,,9.27
2020-05-10,15847.0,8.60537,1577.0,2920.0,11.1466,,74.84583333333333,50.0,125.0,,,,,,,,,,,,8.7
2020-05-11,9244.0,5.2947,1169.0,2920.0,3.0,,71.41323529411764,47.0,129.0,,,,,,,,,,,,8.53
2020-05-12,5096.0,2.89435,368.0,2920.0,4.0,,67.99027777777778,46.0,108.0,,,,,,,,,,,,7.75
2020-05-13,9548.0,5.48919,957.0,2920.0,2.4895,,67.84979137691238,48.0,112.0,,,,,,,,,,,,6.53
2020-05-14,3992.0,2.291,274.0,2920.0,4.21227,,68.22638888888889,54.0,118.0,,,,,,,,,,,,8.33
2020-05-15,5735.0,3.25723,511.0,2920.0,0.0,,73.12083333333334,59.0,115.0,,,,,,,,,,,,8.68
2020-05-16,10660.0,6.12423,1659.0,2920.0,6.0,,81.94166666666666,62.0,129.0,,,,,,,,,,,,6.9
2020-05-17,9268.0,5.32826,681.0,2920.0,4.68241,,75.325,55.0,119.0,,,,,,,,,,,,9.4
2020-05-18,7491.0,4.2595,749.0,2920.0,4.54462,,70.8409090909091,55.0,117.0,,,,,,,,,,,,8.53
2020-05-19,6222.0,3.53374,295.0,2920.0,4.25755,,67.18472222222222,43.0,113.0,,,,,,,,,,,,8.28
2020-05-20,7458.0,4.26758,261.0,2920.0,4.23589,,63.9375,48.0,109.0,,,,,,,,,,,,7.48
2020-05-21,9718.0,5.5445,1630.0,2920.0,2.1145,,73.34583333333333,54.0,136.0,,,,,,,,,,,,6.77
2020-05-22,7531.0,4.28125,404.0,2920.0,5.43799,,70.6125,51.0,116.0,,,,,,,,,,,,7.18
2020-05-23,13217.0,7.5422,1639.0,2920.0,2.00919,,77.69166666666666,56.0,120.0,,,,,,,,,,,,8.13
2020-05-24,11999.0,6.87361,1325.0,2920.0,4.0,,78.8,59.0,118.0,,,,,,,,,,,,7.77
2020-05-25,7295.0,4.17872,929.0,2920.0,1.72605,,74.81467181467181,61.0,113.0,,,,,,,,,,,,6.93
2020-05-26,9535.0,5.44383,1574.0,2920.0,4.24147,,75.6105702364395,55.0,141.0,,,,,,,,,,,,7.3
2020-05-27,5753.0,3.26717,340.0,2920.0,2.60039,,67.80833333333334,54.0,120.0,,,,,,,,,,,,7.9
2020-05-28,6494.0,3.73258,470.0,2920.0,3.33071,,72.2611111111111,54.0,113.0,,,,,,,,,,,,5.58
2020-05-29,5164.0,2.93287,293.0,2920.0,4.0,,68.48611111111111,56.0,123.0,,,,,,,,,,,,7.65
2020-05-30,7006.0,3.99542,536.0,2920.0,8.0,,71.39722222222223,55.0,115.0,,,,,,,,,,,,7.63
2020-05-31,7653.0,4.39247,389.0,2920.0,2.0269,,70.81944444444444,45.0,117.0,,,,,,,,,,,,8.27
2020-06-01,9899.0,5.64143,714.0,2920.0,5.0,,70.20972222222223,53.0,118.0,,,,,,,,,,,,8.38
2020-06-02,5768.0,3.29886,319.0,2920.0,4.28018,,63.31015299026426,48.0,102.0,,,,,,,,,,,,7.58
2020-06-03,7562.0,4.32474,324.0,2920.0,2.63681,,64.45555555555555,48.0,109.0,,,,,,,,,,,,6.67
2020-06-04,7466.0,4.25018,670.0,2920.0,5.46883,,68.22905027932961,46.0,123.0,,,,,,,,,,,,6.67
2020-06-05,6466.0,3.6723,460.0,2920.0,2.0,,69.67933130699087,50.0,123.0,,,,,,,,,,,,6.83
2020-06-06,9148.0,5.34255,1115.0,2920.0,2.75919,,79.575,58.0,115.0,,,,,,,,,,,,6.05
2020-06-07,14336.0,8.20334,1337.0,2920.0,3.14698,,77.5111111111111,60.0,130.0,,,,,,,,,,,,7.18
2020-06-08,8571.0,4.87466,844.0,2920.0,2.0,,71.47916666666667,54.0,132.0,,,,,,,,,,,,8.65
2020-06-09,6267.0,3.56853,438.0,2920.0,5.7582,,71.33854907539119,52.0,113.0,,,,,,,,,,,,6.53
2020-06-10,6838.0,3.90967,933.0,2920.0,1.71982,,73.85416666666667,55.0,127.0,,,,,,,,,,,,6.12
2020-06-11,7943.0,4.51115,602.0,2920.0,5.69062,,68.89444444444445,50.0,112.0,,,,,,,,,,,,7.83
2020-06-12,4628.0,2.63524,401.0,2920.0,10.0,,73.80555555555556,47.0,113.0,,,,,,,,,,,,5.12
2020-06-13,7883.0,4.49438,707.0,2920.0,2.06102,,77.44586894586895,54.0,112.0,,,,,,,,,,,,9.28
2020-06-14,6196.0,3.5238,571.0,2920.0,5.31168,,82.32033898305085,63.0,123.0,,,,,,,,,,,,5.53
2020-06-15,6138.0,3.50329,368.0,2920.0,1.0,,71.096018735363,52.0,112.0,,,,,,,,,,,,
2020-06-16,7791.0,4.45337,863.0,2920.0,3.02001,,73.91901408450704,53.0,119.0,,,,,,,,,,,,
2020-06-17,11608.0,6.59275,787.0,2920.0,3.20768,,73.03611111111111,52.0,117.0,,,,,,,,,,,,7.8
2020-06-18,13181.0,7.49498,597.0,2920.0,3.0,,72.96944444444445,56.0,115.0,,,,,,,,,,,,6.78
2020-06-19,9224.0,5.25929,280.0,2920.0,4.64304,,69.40833333333333,48.0,116.0,,,,,,,,,,,,7.25
2020-06-20,5945.0,3.70213,350.0,2920.0,5.4393,,70.71666666666667,53.0,139.0,,,,,,,,,,,,5.68
2020-06-21,4281.0,5.25804,734.0,2920.0,4.0,,70.42916666666666,49.0,123.0,,,,,,,,,,,,8.37
2020-06-22,2652.0,3.4803,653.0,2920.0,1.01772,,67.6431654676259,51.0,127.0,,,,,,,,,,,,5.47
2020-06-23,2818.0,3.96559,455.0,2920.0,4.50689,,67.96527777777777,51.0,116.0,,,,,,,,,,,,6.98
2020-06-24,5782.0,5.29408,1304.0,2920.0,1.0,,76.00868306801736,56.0,123.0,,,,,,,,,,,,5.85
2020-06-25,653.0,2.84588,621.0,2920.0,3.16142,,71.06045751633987,48.0,111.0,,,,,,,,,,,,6.92
2020-06-26,4657.0,5.09773,863.0,2920.0,4.62336,,72.90138888888889,53.0,135.0,,,,,,,,,,,,6.0
2020-06-27,4737.0,2.41216,454.0,2920.0,1.08563,,70.61508704061896,53.0,116.0,,,,,,,,,,,,7.0
2020-06-28,10475.0,5.95584,844.0,2920.0,5.16568,,72.72222222222223,56.0,120.0,,,,,,,,,,,,8.88
2020-06-29,8597.0,5.19901,990.0,2920.0,1.60499,,72.27916666666667,52.0,124.0,,,,,,,,,,,,8.58
2020-06-30,5053.0,2.86949,398.0,2920.0,4.11909,,66.25077881619937,49.0,110.0,,,,,,,,,,,,8.28
2020-07-01,6944.0,3.94757,436.0,2920.0,3.08399,,68.03888888888889,48.0,107.0,,,,,,,,,,,,6.77
2020-07-02,6911.0,3.9252,266.0,2920.0,2.74344,,65.18055555555556,38.0,96.0,,,,,,,,,,,,7.5
2020-07-03,9926.0,5.63708,827.0,2920.0,2.1063,,73.30264993026499,53.0,121.0,,,,,,,,,,,,8.92
2020-07-04,10046.0,5.70543,1247.0,2920.0,3.32415,,78.69305555555556,56.0,125.0,,,,,,,,,,,,8.77
2020-07-05,5210.0,2.95897,293.0,2920.0,5.58333,,69.30385164051356,53.0,104.0,,,,,,,,,,,,8.28
2020-07-06,12769.0,6.8879,1074.0,2920.0,14.0,,75.59027777777777,59.0,130.0,,,,,,,,,,,,8.67
2020-07-07,5663.0,3.2243,342.0,2920.0,5.44619,,72.52638888888889,59.0,108.0,,,,,,,,,,,,7.93
2020-07-08,3384.0,1.9219,349.0,2920.0,2.55709,,70.2876404494382,55.0,112.0,,,,,,,,,,,,7.32
2020-07-09,5853.0,3.35416,416.0,2920.0,2.77953,,66.4804469273743,47.0,124.0,,,,,,,,,,,,7.53
2020-07-10,6207.0,3.54554,418.0,2920.0,3.25492,,66.40277777777777,48.0,109.0,,,,,,,,,,,,8.45
2020-07-11,7179.0,4.10416,448.0,2920.0,4.03609,,69.51412429378531,50.0,124.0,,,,,,,,,,,,8.5
2020-07-12,10094.0,5.73277,472.0,2920.0,12.7756,,67.96083916083916,54.0,116.0,,,,,,,,,,,,5.52
2020-07-13,8556.0,4.95481,1222.0,2920.0,2.79331,,72.14156626506023,46.0,135.0,,,,,,,,,,,,7.53
2020-07-14,6573.0,3.74998,262.0,2920.0,5.20702,,64.47361111111111,45.0,108.0,,,,,,,,,,,,5.9
2020-07-15,7594.0,4.31853,238.0,2920.0,5.33563,,62.270833333333336,46.0,101.0,,,,,,,,,,,,6.47
2020-07-16,5624.0,3.22616,271.0,2920.0,0.0,,63.71944444444444,48.0,109.0,,,,,,,,,,,,8.27
2020-07-17,4009.0,2.28602,113.0,2920.0,3.0,,61.49444444444445,45.0,98.0,,,,,,,,,,,,7.97
2020-07-18,8073.0,4.60001,401.0,2920.0,2.0,,73.38440111420613,56.0,124.0,,,,,,,,,,,,8.75
2020-07-19,7306.0,4.14952,221.0,2920.0,2.01509,,64.99444444444444,49.0,102.0,,,,,,,,,,,,8.27
2020-07-20,5637.0,3.26406,237.0,2920.0,4.04167,,61.85,44.0,109.0,,,,,,,,,,,,7.28
2020-07-21,5602.0,3.19944,161.0,2920.0,3.0128,,64.20833333333333,46.0,99.0,,,,,,,,,,,,7.92
2020-07-22,5976.0,3.40325,217.0,2920.0,2.61581,,66.025,50.0,106.0,,,,,,,,,,,,7.0
2020-07-23,3875.0,2.2009,253.0,2920.0,3.03051,,67.21480144404332,52.0,113.0,,,,,,,,,,,,7.25
2020-07-24,5222.0,2.98569,562.0,2920.0,3.34613,,69.3638888888889,51.0,129.0,,,,,,,,,,,,6.63
2020-07-25,10057.0,5.71164,420.0,2920.0,6.12927,,71.33194444444445,51.0,110.0,,,,,,,,,,,,8.57
2020-07-26,9141.0,5.20895,855.0,2920.0,2.07087,,72.35384615384615,47.0,126.0,,,,,,,,,,,,8.33
2020-07-27,1363.0,3.22678,465.0,2920.0,4.0,,66.71805555555555,46.0,124.0,,,,,,,,,,,,8.07
2020-07-28,2717.0,3.8407,356.0,2920.0,4.0,,65.76805555555555,46.0,112.0,,,,,,,,,,,,5.98
2020-07-29,2454.0,3.95316,409.0,2920.0,3.77657,,64.68085106382979,45.0,121.0,,,,,,,,,,,,7.32
2020-07-30,1385.0,2.97761,415.0,2920.0,3.0,,66.20416666666667,50.0,129.0,,,,,,,,,,,,8.3
2020-07-31,3207.0,2.71974,282.0,2920.0,1.69259,,65.68611111111112,52.0,126.0,,,,,,,,,,,,7.55
2020-08-01,1746.0,3.43867,274.0,2920.0,1.0,,64.78888888888889,48.0,109.0,,,,,,,,,,,,9.08
2020-08-02,1118.0,2.60789,254.0,2920.0,5.25,,65.55416666666666,47.0,119.0,,,,,,,,,,,,9.55
2020-08-03,1479.0,2.92604,378.0,2920.0,2.05479,,64.85277777777777,47.0,109.0,,,,,,,,,,,,8.13
2020-08-04,550.0,2.08284,181.0,2920.0,2.0,,59.65277777777778,40.0,113.0,,,,,,,,,,,,8.2
2020-08-05,1640.0,2.62654,237.0,2920.0,3.0561,,62.61173184357542,42.0,114.0,,,,,,,,,,,,9.65
2020-08-06,3248.0,2.98445,207.0,2920.0,2.0351,,63.52638888888889,36.0,128.0,,,,,,,,,,,,7.92
2020-08-07,3114.0,3.25599,260.0,2920.0,4.20079,,65.64861111111111,51.0,113.0,,,,,,,,,,,,6.13
2020-08-08,1419.0,3.85064,358.0,2920.0,3.021,,70.26742301458671,49.0,137.0,,,,,,,,,,,,8.18
2020-08-09,844.0,6.03786,1387.0,2920.0,3.16142,,69.5,69.0,70.0,57.0,,,,,,,,,,,8.4
2020-08-10,3060.0,3.45358,230.0,2920.0,5.31594,,,,,,,,,,,,,,,,7.97
2020-08-11,2589.0,4.6112,752.0,2920.0,1.0,,,,,,,,,,,,,,,,5.72
2020-08-12,1691.0,2.80922,195.0,2920.0,3.0,,,,,,,,,,,,,,,,6.82
2020-08-13,4463.0,4.0793,272.0,2920.0,5.66273,,,,,,,,,,,,,,,,6.95
2020-08-14,3989.0,3.80652,292.0,2920.0,4.08891,,,,,,,,,,,,,,,,7.88
2020-08-15,3548.0,4.29305,562.0,2638.0,4.35335,,,,,,,,,,,,,,,,8.1
2020-08-16,974.0,0.38270284800000004,,,,,,,,,,,,,,,,,,,
2020-08-17,1649.0,0.6683840999999999,,,,,,,,,,,,,,,,,,,
2020-08-18,2187.0,0.7360825000000001,,,1.0,,,,,,,,,,,,,,,,
2020-08-19,1591.0,0.54735972,,,3.0,,,,,,,,,,,,,,,,
2020-08-20,956.0,0.33927487,,,,,,,,,,,,,,,,,,,
2020-08-21,2839.0,1.05937509,,,1.0,,,,,,,,,,,,,,,,
2020-08-22,5642.0,1.99270336,,,2.0,,,,,,,,,,,,,,,,
2020-08-23,2838.0,1.116088253,,,1.0,,,,,,,,,,,,,,,,
2020-08-24,661.0,0.2280929,,,,,,,,,,,,,,,,,,,
2020-08-25,1170.0,0.39803175,,,,,,,,,,,,,,,,,,,
2020-08-26,1214.0,0.40399669,,,,,,,,,,,,,,,,,,,
2020-08-27,2578.0,0.8982412099999999,,,,,,,,,,,,,,,,,,,
2020-08-28,2494.0,0.84515793,,,,,,,,,,,,,,,,,,,
2020-08-29,6638.0,2.3639518699999997,,,2.0,,,,,,,,,,,,,,,,
2020-08-30,3329.0,1.14316737,,,2.0,,,,,,,,,,,,,,,,
2020-08-31,2172.0,0.80489293,,,,,,,,,,,,,,,,,,,
2020-09-01,715.0,0.24201787000000002,,,,,,,,,,,,,,,,,,,
2020-09-02,5140.0,1.84145282,,,2.0,,,,,,,,,,,,,,,,
2020-09-03,2186.0,0.83567665,,,,,,,,,,,,,,,,,,,
2020-09-04,1627.0,0.5587804600000001,,,1.0,,,,,,,,,,,,,,,,
2020-09-05,252.0,0.09577818000000002,,,,,,,,,,,,,,,,,,,
2020-09-06,4338.0,1.4258104000000003,,,,,,,,,,,,,,,,,,,
2020-09-07,1108.0,0.38966209999999996,,,,,,,,,,,,,,,,,,,
2020-09-08,2511.0,0.9142174200000001,,,,,,,,,,,,,,,,,,,
2020-09-09,480.0,0.17147977,,,,,,,,,,,,,,,,,,,
2020-09-10,2158.0,0.759688073,,,,,,,,,,,,,,,,,,,
2020-09-11,2101.0,0.73653577,,,1.0,,,,,,,,,,,,,,,,
2020-09-12,5955.0,2.210056099,,,1.0,,,,,,,,,,,,,,,,
2020-09-13,3125.0,1.0268083099999998,,,4.0,,,,,,,,,,,,,,,,
2020-09-14,1454.0,0.54169277,,,1.0,,,,,,,,,,,,,,,,
2020-09-15,3765.0,1.3194131759999996,,,1.0,,,,,,,,,,,,,,,,
2020-09-16,3620.0,1.3017788600000002,,,3.0,,,,,,,,,,,,,,,,
2020-09-17,2878.0,0.9924540699999999,,,2.0,,,,,,,,,,,,,,,,
2020-09-18,936.0,0.31785637,,,,,,,,,,,,,,,,,,,
2020-09-19,3424.0,1.1246009000000001,,,2.0,,,,,,,,,,,,,,,,
2020-09-20,1017.0,0.36515513,,,,,,,,,,,,,,,,,,,
2020-09-21,2564.0,0.9252961,,,2.0,,,,,,,,,,,,,,,,
2020-09-22,1975.0,0.7096989300000001,,,,,,,,,,,,,,,,,,,
2020-09-23,2575.0,0.8888712999999999,,,,,,,,,,,,,,,,,,,
2020-09-24,2064.0,0.73421217,,,,,,,,,,,,,,,,,,,
2020-09-25,2193.0,0.75533242,,,4.0,,,,,,,,,,,,,,,,
2020-09-26,6689.0,2.5197662600000004,,,2.0,,,,,,,,,,,,,,,,
2020-09-27,6575.0,2.26736494,,,2.0,,,,,,,,,,,,,,,,
2020-09-28,2501.0,0.86123273,,,,,,,,,,,,,,,,,,,
2020-09-29,1859.0,0.6591568,,,,,,,,,,,,,,,,,,,
2020-09-30,696.0,0.23792290099999996,,,,,,,,,,,,,,,,,,,
2020-10-01,2456.0,0.9130799200000003,,,,,,,,,,,,,,,,,,,
2020-10-02,1849.0,0.65935516,,,2.0,,,,,,,,,,,,,,,,
2020-10-03,3109.0,1.05823858,,,2.0,,,,,,,,,,,,,,,,
2020-10-04,8194.0,3.58113658,,,1.0,,,,,,,,,,,,,,,,
2020-10-05,2164.0,0.7507094599999998,,,3.0,,,,,,,,,,,,,,,,
2020-10-06,2242.0,0.77567035,,,,,,,,,,,,,,,,,,,
2020-10-07,900.0,0.31850871999999997,,,,,,,,,,,,,,,,,,,
2020-10-08,5275.0,1.9970620500000003,,,,,,,,,,,,,,,,,,,
2020-10-09,2060.0,0.6844655500000001,,,,,,,,,,,,,,,,,,,
2020-10-10,4731.0,1.5542921409999997,,,2.0,,,,,,,,,,,,,,,,
2020-10-11,2653.0,0.8855784700000001,,,,,,,,,,,,,,,,,,,
2020-10-12,1912.0,0.6795629400000001,,,1.0,,,,,,,,,,,,,,,,
2020-10-13,2113.0,0.7741419,,,1.0,,,,,,,,,,,,,,,,
2020-10-14,3920.0,1.4716182999999998,,,5.0,,,,,,,,,,,,,,,,
2020-10-15,2575.0,0.9119183399999998,,,1.0,,,,,,,,,,,,,,,,
2020-10-16,2452.0,0.88488172,,,1.0,,,,,,,,,,,,,,,,
2020-10-17,6475.0,2.19380497,,,2.0,,,,,,,,,,,,,,,,
2020-10-18,656.0,0.213279407,,,,,,,,,,,,,,,,,,,
2020-10-19,2462.0,0.8852174899999999,,,3.0,,,,,,,,,,,,,,,,
2020-10-20,1651.0,0.5699401000000001,,,1.0,,,,,,,,,,,,,,,,
2020-10-21,969.0,0.35710197,,,,,,,,,,,,,,,,,,,
2020-10-22,1043.0,0.37007614,,,1.0,,,,,,,,,,,,,,,,
2020-10-23,2493.0,0.90163408,,,,,,,,,,,,,,,,,,,
2020-10-24,516.0,3.32371,335.0,2920.0,3.0,,,,,,,,,,,,,,,,
2020-10-25,5824.0,2.87943,216.0,2920.0,3.45177,,76.10138888888889,58.0,129.0,,,,,,,,,,,,8.85
2020-10-26,5039.0,2.69364,137.0,2920.0,2.0,,70.67222222222222,57.0,106.0,,,,,,,,,,,,7.5
2020-10-27,4729.0,0.37942785,,,,,68.5111111111111,47.0,99.0,,,,,,,,,,,,7.43
2020-10-28,6118.0,3.47471,206.0,2920.0,1.49573,,69.04078762306611,51.0,106.0,,,,,,,,,,,,5.6
2020-10-29,5707.0,3.24107,268.0,2920.0,4.0,,67.90694444444445,54.0,123.0,,,,,,,,,,,,7.08
2020-10-30,4842.0,2.75019,278.0,2920.0,4.19291,,70.16990291262135,53.0,114.0,,,,,,,,,,,,6.78
2020-10-31,8568.0,4.86596,1799.0,2920.0,2.62467,,86.51666666666667,57.0,133.0,64.0,,,,,,,,,,,6.08
2020-11-01,7274.0,4.13088,1383.0,2920.0,0.0,,85.80579710144927,59.0,139.0,,,,,,,,,,,,8.77
2020-11-02,4653.0,2.64269,541.0,2920.0,2.08366,,81.63333333333334,65.0,124.0,,,,,,,,,,,,5.87
2020-11-03,11892.0,6.79904,1428.0,2920.0,1.0,,80.9625,57.0,124.0,,,,,,,,,,,,9.03
2020-11-04,7118.0,4.05569,892.0,2920.0,2.0,,86.1625,65.0,121.0,,,,,,,,,,,,6.67
2020-11-05,8123.0,4.61306,849.0,2920.0,3.0,,80.41388888888889,58.0,120.0,,,,,,,,,,,,7.38
2020-11-06,4770.0,2.71353,221.0,2920.0,3.78543,,66.85972222222222,49.0,114.0,,,,,,,,,,,,7.93
2020-11-07,7621.0,4.36575,353.0,2920.0,3.0,,70.63055555555556,53.0,110.0,,,,,,,,,,,,9.35
2020-11-08,14987.0,8.08901,1065.0,2920.0,8.61975,,76.44648318042813,55.0,112.0,,,,,,,,,,,,7.43
2020-11-09,5418.0,3.07703,353.0,2920.0,5.0,,69.16944444444445,53.0,124.0,,,,,,,,,,,,8.08
2020-11-10,6532.0,3.79409,254.0,2920.0,5.0,,66.20972222222223,52.0,104.0,,,,,,,,,,,,9.1
2020-11-11,6270.0,3.48216,188.0,2920.0,3.0,,70.56388888888888,53.0,109.0,,,,,,,,,,,,8.47
2020-11-12,4563.0,0.48070526,,,,,67.5111111111111,51.0,119.0,,,,,,,,,,,,6.35
2020-11-13,5803.0,2.59174,263.0,2920.0,2.0,,66.99861111111112,50.0,112.0,,,,,,,,,,,,8.1
2020-11-14,8950.0,3.29575,251.0,2920.0,5.0,,68.4,53.0,108.0,,,,,,,,,,,,8.45
2020-11-15,11904.0,5.08282,319.0,2920.0,9.08366,,69.7625,51.0,141.0,,,,,,,,,,,,11.4
2020-11-16,4658.0,10.6481,1041.0,2920.0,6.09875,,65.47361111111111,50.0,130.0,,,,,,,,,,,,9.02
2020-11-17,4314.0,2.64518,262.0,2920.0,3.12828,,64.08055555555555,48.0,104.0,,,,,,,,,,,,7.78
2020-11-18,6102.0,2.45007,159.0,2920.0,2.0,,66.57777777777778,48.0,102.0,,,,,,,,,,,,7.3
2020-11-19,4766.0,3.56978,337.0,2920.0,3.3855,,67.20469798657719,53.0,109.0,,,,,,,,,,,,5.72
2020-11-20,2484.0,2.611,258.0,2920.0,4.19554,,63.73426573426573,50.0,103.0,,,,,,,,,,,,6.25
2020-11-21,6298.0,1.41051,215.0,2920.0,2.0,,67.76805555555555,52.0,111.0,,,,,,,,,,,,8.2
2020-11-22,8280.0,3.5822,242.0,2920.0,6.0,,70.19166666666666,51.0,113.0,,,,,,,,,,,,8.67
2020-11-23,7246.0,4.72553,369.0,2920.0,6.68176,,69.2375,52.0,115.0,,,,,,,,,,,,7.65
2020-11-24,7479.0,4.13274,351.0,2920.0,3.24836,,69.38472222222222,55.0,109.0,56.0,,,,,,,,,,,6.47
2020-11-25,6640.0,4.2595,346.0,2676.0,4.0,,65.07222222222222,53.0,128.0,50.0,,,,,,,,,,,8.55
2020-11-26,8700.0,3.77483,255.0,2920.0,10.0,,65.30579710144927,50.0,126.0,,,,,,,,,,,,6.73
2020-11-27,8555.0,7.01179,532.0,2920.0,19.4029,,67.34347826086956,51.0,109.0,53.0,,,,,,,,,,,7.35
2020-11-28,6582.0,4.87155,473.0,2920.0,5.46785,,68.40138888888889,44.0,132.0,57.0,,,,,,,,,,,9.07
2020-11-29,9919.0,3.73817,286.0,2920.0,3.0,,73.09722222222223,55.0,137.0,56.0,,,,,,,,,,,8.03
2020-11-30,6637.0,5.72034,586.0,2920.0,5.0,,68.36944444444444,54.0,114.0,57.0,,,,,,,,,,,7.82
2020-12-01,4084.0,3.80279,242.0,2920.0,3.06201,,64.34583333333333,50.0,101.0,53.0,,,,,,,,,,,7.65
2020-12-02,5502.0,2.43391,138.0,2920.0,1.0105,,63.55277777777778,50.0,107.0,55.0,,,,,,,,,,,2.58
2020-12-03,5198.0,3.01054,166.0,2920.0,3.11483,,62.30612244897959,49.0,107.0,52.0,,,,,,,,,,,4.62
2020-12-04,3893.0,2.95213,167.0,2920.0,5.54429,,67.48374760994264,52.0,123.0,55.0,,,,,,,,,,,
2020-12-05,9453.0,2.21084,218.0,2920.0,3.02362,,74.40972222222223,59.0,112.0,62.0,,,,,,,,,,,6.35
2020-12-06,10605.0,5.39723,448.0,2920.0,4.12598,,71.49166666666666,45.0,121.0,49.0,,,,,,,,,,,7.85
2020-12-07,6625.0,6.17767,572.0,2920.0,6.0,,65.84027777777777,41.0,112.0,43.0,,,,,,,,,,,4.62
2020-12-08,7853.0,3.7624,241.0,2920.0,1.0,,66.59305555555555,47.0,124.0,51.0,,,,,,,,,,,5.63
2020-12-09,7463.0,4.48692,632.0,2920.0,5.32087,,70.63333333333334,50.0,124.0,54.0,,,,,,,,,,,5.25
2020-12-10,4631.0,4.4136,697.0,2920.0,2.0,,61.668055555555554,46.0,113.0,52.0,,,,,,,,,,,4.85
2020-12-11,5397.0,2.49046,154.0,2920.0,2.6939,,60.61616161616162,43.0,114.0,50.0,,,,,,,,,,,5.42
2020-12-12,6717.0,3.06522,171.0,2920.0,1.70112,,61.31666666666667,48.0,99.0,51.0,,,,,,,,,,,5.38
2020-12-13,2899.0,3.8146,190.0,2920.0,5.24377,,62.145833333333336,47.0,111.0,50.0,,,,,,,,,,,5.62
2020-12-14,5165.0,1.64663,196.0,2920.0,1.0,,65.25972222222222,46.0,105.0,54.0,,,,,,,,,,,4.55
2020-12-15,5487.0,2.93349,196.0,2920.0,2.63419,,63.727777777777774,47.0,102.0,52.0,,,,,,,,,,,3.72
2020-12-16,5494.0,3.16961,154.0,2920.0,3.6811,,65.79583333333333,40.0,115.0,54.0,,,,,,,,,,,6.45
2020-12-17,1221.0,3.06709,199.0,2920.0,3.16404,,60.30372492836676,53.0,89.0,56.0,,,,,,,,,,,5.85
2020-12-18,7572.0,1.43194996,35.0,2920.0,4.0,,66.71527777777777,47.0,101.0,52.0,,,,,,,,,,,6.02
2020-12-19,10056.0,4.30051,217.0,2920.0,5.0,,70.16666666666667,53.0,108.0,56.0,,,,,,,,,,,4.95
2020-12-20,4949.0,5.72904,419.0,2920.0,5.21129,,68.78472222222223,56.0,113.0,61.0,,,,,,,,,,,5.55
2020-12-21,6914.0,2.8173,222.0,2920.0,2.03839,,66.16666666666667,52.0,120.0,53.0,,,,,,,,,,,5.78
2020-12-22,4698.0,3.93142,271.0,2920.0,4.70341,,65.60138888888889,50.0,107.0,54.0,,,,,,,,,,,5.05
2020-12-23,5477.0,2.66817,123.0,2920.0,4.0,,68.50833333333334,53.0,126.0,56.0,,,,,,,,,,,5.97
2020-12-24,4861.0,3.1342,489.0,2920.0,4.15092,,68.74027777777778,54.0,111.0,56.0,,,,,,,,,,,6.05
2020-12-25,12829.0,5.473801579999999,248.0,2920.0,5.26706,,75.70277777777778,60.0,122.0,61.0,,,,,,,,,,,5.67
2020-12-26,1607.0,11.3341,1045.0,2920.0,5.75656,,74.09444444444445,61.0,143.0,67.0,,,,,,,,,,,4.0
2020-12-27,12081.0,3.9983628600000003,333.0,2920.0,4.0,,66.39877300613497,54.0,99.0,56.0,,,,,,,,,,,3.78
2020-12-28,3450.0,10.5131,771.0,2920.0,9.021,,65.83257918552036,51.0,101.0,53.0,,,,,,,,,,,
2020-12-29,6545.0,1.95918,136.0,2920.0,4.0,,63.0875,48.0,107.0,51.0,,,,,,,,,,,5.38
2020-12-30,5320.0,3.71704,179.0,2920.0,3.12828,,65.14027777777778,46.0,110.0,55.0,,,,,,,,,,,4.7
2020-12-31,6764.0,3.02111,213.0,2920.0,3.0,,69.60972222222222,50.0,116.0,54.0,,,,,,,,,,,4.22
2021-01-01,13847.0,4.82011214,305.0,2920.0,5.0,,69.54583333333333,50.0,120.0,52.0,,,,,,,,,,,6.25
2021-01-02,6886.0,11.5185,979.0,2914.0,8.10531,,66.6125,50.0,119.0,53.0,,,,,,,,,,,6.98
2021-01-03,8091.0,3.92396,220.0,2914.0,5.0,,71.2375,48.0,113.0,56.0,,,,,,,,,,,5.75
2021-01-04,7943.0,4.6025,306.0,2914.0,3.0981,,67.8638888888889,46.0,119.0,50.0,,,,,,,,,,,6.58
2021-01-05,8963.0,10.71492,3968.0,7774.0,22.0,,69.77777777777777,45.0,140.0,53.0,,,,,,303.7,,,,,4.78
2021-01-06,4871.0,3.13855,1222.0,2902.0,4.13156,,64.66805555555555,47.0,115.0,47.0,,,,,,,,,,,5.5
2021-01-07,2892.0,2.77194,212.0,2902.0,1.0,,62.90939597315436,51.0,103.0,56.0,,,,,,,,,,,5.28
2021-01-08,4355.0,1.64228,150.0,2902.0,3.09383,,64.83333333333333,49.0,113.0,53.0,,,,,,,,,,,5.42
2021-01-09,7623.0,2.48362,175.0,2902.0,3.11975,,71.83194444444445,50.0,104.0,57.0,,,,,,,,,,,6.6
2021-01-10,4072.0,4.32412,291.0,2902.0,6.0,,67.03333333333333,53.0,119.0,56.0,,,,,,,,,,,5.52
2021-01-11,3096.0,2.33014,266.0,2902.0,2.05052,,67.26811594202898,49.0,108.0,53.0,,,,,,,,,,,5.4
2021-01-12,4623.0,1.75848,150.0,2902.0,3.0,,67.85833333333333,49.0,132.0,58.0,,,,,,,,,,,5.65
2021-01-13,5454.0,2.63151,373.0,2902.0,3.0,,66.93194444444444,53.0,126.0,55.0,,,,,,,,,,,5.45
2021-01-14,7799.0,3.8859818300000004,225.0,2902.0,19.0,,68.20972222222223,48.0,141.0,54.0,,,,,,,,,,,5.6
2021-01-15,4067.0,1.95794,988.0,2902.0,1.0,,65.26527777777778,53.0,103.0,57.0,,,,,,,,,,,4.87
2021-01-16,8031.0,2.30964,163.0,2902.0,1.0,,71.8638888888889,48.0,115.0,56.0,,,,,,,,,,,5.48
2021-01-17,11444.0,4.61492,708.0,2902.0,6.56824,,70.77638888888889,51.0,105.0,56.0,,,,,,,,,,,6.48
2021-01-18,5761.0,6.5536,1009.0,2902.0,3.29232,,67.18888888888888,49.0,105.0,54.0,,,,,,,,,,,
2021-01-19,8901.0,4.2015068399999995,254.0,2902.0,20.0,,62.84047267355982,50.0,137.0,54.0,,,,,,,,,,,
2021-01-20,2833.0,2.39787,1781.0,2902.0,2.58333,,61.7,39.0,110.0,43.0,,,,,,,,,,,
2021-01-21,8498.0,4.12545708,2150.0,5106.0,23.0,0.0,68.00972222222222,48.0,150.0,50.0,,,,,,300.049,,,,,
2021-01-22,3286.0,2.25744,1097.0,2881.0,3.00394,,63.02676056338028,50.0,96.0,51.0,,,,,,,,,,,
2021-01-23,4962.0,1.90512,158.0,2881.0,4.0,0.0,64.78055555555555,53.0,102.0,54.0,,,,,,,,,,,8.52
2021-01-24,9953.0,8.48793,1153.0,5762.0,11.91929,0.0,66.34873949579831,48.0,114.0,50.0,,,,,,,,,,,7.57
2021-01-25,4350.0,5.67001,935.0,2881.0,4.61319,,59.455555555555556,46.0,95.0,48.0,,,,,,,,,,,7.05
2021-01-26,9072.0,4.38865698,133.0,2881.0,24.0,0.0,65.08194444444445,44.0,142.0,46.0,,,,,,,,,,,5.93
2021-01-27,3190.0,2.69862,904.0,2881.0,5.18996,0.0,63.519561815336466,48.0,142.0,51.0,,,,,,,,,,,5.35
2021-01-28,2362.0,1.81192,468.0,2881.0,1.0,,61.14086471408647,49.0,92.0,51.0,,,,,,,,,,,5.45
2021-01-29,3069.0,1.34154,87.0,2881.0,4.45636,,59.768479776847975,49.0,99.0,50.0,,,,,,,,,,,7.53
2021-01-30,8076.0,1.74295,107.0,2881.0,2.0,,67.49860335195531,49.0,102.0,53.0,,,,,,,,,,,6.08
2021-01-31,6068.0,4.58634,266.0,2881.0,3.66142,,67.60138888888889,53.0,98.0,57.0,,,,,,,,,,,4.68
2021-02-01,9218.0,4.455841229999999,196.0,2881.0,21.0,0.0,63.852367688022284,43.0,144.0,51.0,,,,,,,,,,,5.83
2021-02-02,5724.0,2.85893,917.0,2881.0,3.10171,3548.82,62.51460361613352,47.0,150.0,49.0,,,,,,,,,,,5.77
2021-02-03,5961.0,3.26096,547.0,2881.0,4.23622,0.0,67.21944444444445,46.0,153.0,47.0,,,,,,,,,,,4.8
2021-02-04,5706.0,3.39952,673.0,2881.0,16.0,1182.94,68.06527777777778,56.0,137.0,57.0,,,,,,,,,,,5.32
2021-02-05,5812.0,2.93846,797.0,2881.0,4.0,,64.55167597765363,49.0,106.0,52.0,,,,,,,,,,,4.83
2021-02-06,5075.0,3.30072,208.0,2881.0,4.07087,,64.04463040446304,50.0,100.0,52.0,,,,,,,,,,,5.73
2021-02-07,6606.0,2.88192,254.0,2881.0,1.01083,,67.91933240611961,48.0,105.0,52.0,,,,,,,,,,,6.37
2021-02-08,8242.0,4.052272909999999,349.0,2881.0,21.0,0.0,62.791666666666664,44.0,139.0,47.0,,,,,,,,,,,6.8
2021-02-09,4960.0,2.80052,769.0,2881.0,4.0105,0.0,59.629526462395546,46.0,146.0,49.0,,,,,,,,,,,5.78
2021-02-10,10386.0,4.9271332800000005,535.0,2881.0,23.0,0.0,66.85735512630015,47.0,148.0,47.0,,,,,,,,,,,6.88
2021-02-11,3859.0,3.95254,1013.0,2881.0,4.0,,62.82913165266106,50.0,95.0,52.0,,,,,,,,,,,4.6
2021-02-12,6528.0,2.19158,131.0,2881.0,4.40781,,65.43514644351464,48.0,96.0,53.0,,,,,,,,,,,8.0
2021-02-13,7178.0,3.71394,220.0,2881.0,4.18766,,65.58611111111111,51.0,96.0,54.0,,,,,,,,,,,7.13
2021-02-14,7670.0,4.09856,201.0,2881.0,3.65814,,65.59497206703911,53.0,99.0,55.0,,,,,,,,,,,4.58
2021-02-15,5576.0,4.58945,138.0,2881.0,3.07382,,61.668055555555554,46.0,88.0,50.0,,,,,,,,,,,6.4
2021-02-16,5642.0,3.17334,137.0,2881.0,3.13944,,60.61666666666667,47.0,100.0,49.0,,,,,,,,,,,5.52
2021-02-17,5167.0,3.20441,175.0,2881.0,8.0,,56.287709497206706,46.0,95.0,48.0,,,,,,,,,,,6.77
2021-02-18,6517.0,2.93474,135.0,2881.0,4.1378,,59.388888888888886,44.0,88.0,47.0,,,,,,,,,,,5.5
2021-02-19,4115.0,3.70151,179.0,2881.0,6.60007,,63.00837988826816,50.0,102.0,53.0,,,,,,,,,,,4.93
2021-02-20,8312.0,2.33698,139.0,2881.0,8.0,,70.02916666666667,55.0,102.0,60.0,,,,,,,,,,,5.37
2021-02-21,7020.0,4.7479,284.0,2881.0,12.4639,,68.64027777777778,52.0,108.0,58.0,,,,,,,,,,,4.0
2021-02-22,5575.0,4.03332,365.0,2881.0,5.5561,,68.61570827489481,54.0,104.0,54.0,,,,,,,,,,,3.28
2021-02-23,4846.0,3.19074,355.0,2881.0,3.0,,63.10043668122271,52.0,99.0,,,,,,,,,,,,5.92
2021-02-24,5027.0,2.77318,227.0,3121.0,6.55971,,58.87536231884058,48.0,103.0,49.0,,,,,,,,,,,7.4
2021-02-25,3907.0,5.08717,308.0,5762.0,10.02822,,61.90396341463415,47.0,101.0,49.0,,,,,,,,,,,5.92
2021-02-26,4514.0,2.56378,134.0,2881.0,3.0,,63.5625,50.0,99.0,51.0,,,,,,,,,,,4.13
2021-02-27,11111.0,6.33861,715.0,2881.0,3.15322,,73.77638888888889,58.0,105.0,58.0,,,,,,,,,,,5.82
2021-02-28,6504.0,3.70959,304.0,2881.0,2.69783,,71.64394993045897,57.0,137.0,59.0,,,,,,,,,,,6.8
2021-03-01,7229.0,4.1054,264.0,2881.0,5.21785,,67.16690042075736,54.0,101.0,56.0,,,,,,,,,,,5.18
2021-03-02,7119.0,4.04699,280.0,2881.0,9.00886,,64.55277777777778,46.0,105.0,50.0,,,,,,,,,,,6.15
2021-03-03,4641.0,2.63586,182.0,2881.0,3.36122,,63.44615384615385,49.0,102.0,54.0,,,,,,,,,,,5.02
2021-03-04,5440.0,3.08946,221.0,2881.0,5.2687,,63.87916666666667,46.0,109.0,51.0,,,,,,,,,,,4.1
2021-03-05,4415.0,2.50723,150.0,2881.0,3.0,,61.99441340782123,45.0,103.0,49.0,,,,,,,,,,,5.62
2021-03-06,7034.0,3.9948,312.0,2881.0,2.05184,,66.19327731092437,53.0,117.0,55.0,,,,,,,,,,,6.02
2021-03-07,7448.0,4.25391,320.0,2881.0,3.79003,,69.68194444444444,53.0,103.0,57.0,,,,,,,,,,,6.95
2021-03-08,5435.0,3.08697,238.0,2881.0,5.0,,63.65217391304348,48.0,103.0,50.0,,,,,,,,,,,5.12
2021-03-09,3942.0,3.08697,238.0,2881.0,5.0,,63.67732962447844,51.0,98.0,53.0,,,,,,,,,,,4.77
2021-03-10,8993.0,2.4411021,113.0,2881.0,6.0,,67.86944444444444,50.0,104.0,52.0,,,,,,,,,,,4.92
2021-03-11,4658.0,5.18224,488.0,2881.0,17.0,,61.27916666666667,48.0,95.0,50.0,,,,,,,,,,,5.7
2021-03-12,6305.0,2.60665,141.0,2881.0,3.0,,68.26013986013986,52.0,101.0,54.0,,,,,,,,,,,3.23
2021-03-13,7757.0,3.60582,252.0,2881.0,6.43373,,75.4281729428173,56.0,106.0,59.0,,,,,,,,,,,4.07
2021-03-14,6365.0,8.04738,733.0,5762.0,6.72933,,71.55833333333334,57.0,123.0,59.0,,,,,,,,,,,4.22
2021-03-15,6186.0,3.51323,202.0,2881.0,4.11581,,65.44991212653778,48.0,99.0,50.0,,,,,,,,,,,5.02
2021-03-16,5950.0,3.37902,183.0,2881.0,3.33596,,60.49016853932584,47.0,94.0,48.0,,,,,,,,,,,5.73
2021-03-17,6618.0,3.75867,246.0,2881.0,4.42946,,64.3236111111111,49.0,102.0,52.0,,,,,,,,,,,5.03
2021-03-18,4678.0,2.65698,192.0,2881.0,3.12664,,62.331460674157306,47.0,102.0,48.0,,,,,,,,,,,5.43
2021-03-19,6052.0,3.44799,279.0,2881.0,6.05282,,67.87777777777778,52.0,113.0,52.0,,,,,,,,,,,5.18
2021-03-20,7778.0,4.4223,319.0,2881.0,4.0,,67.85574229691876,55.0,103.0,59.0,,,,,,,,,,,6.22
2021-03-21,8593.0,4.95171,1087.0,2881.0,3.0,,73.03783783783784,53.0,133.0,57.0,,,,,,,,,,,6.62
2021-03-22,7769.0,4.41671,384.0,2881.0,3.40157,,68.11173184357541,52.0,105.0,55.0,,,,,,,,,,,5.3
2021-03-23,5698.0,3.2361,185.0,2881.0,5.1857,,66.31520223152022,47.0,98.0,49.0,,,,,,,,,,,6.08
2021-03-24,5457.0,3.0994,215.0,2881.0,7.3143,,65.56643356643356,50.0,101.0,52.0,,,,,,,,,,,5.22
2021-03-25,11916.0,6.79283,653.0,2881.0,5.0,,77.28333333333333,56.0,112.0,55.0,,,,,,,,,,,3.88
2021-03-26,10684.0,6.12672,618.0,2881.0,2.0,,75.94444444444444,61.0,113.0,62.0,,,,,,,,,,,4.6
2021-03-27,8921.0,5.08841,397.0,2881.0,7.49803,,73.04027777777777,55.0,106.0,56.0,,,,,,,,,,,4.12
2021-03-28,5977.0,3.39704,245.0,2881.0,5.01247,,64.55696202531645,54.0,94.0,55.0,,,,,,,,,,,6.77
2021-03-29,7126.0,4.06004,150.0,2881.0,2.02723,,68.8236111111111,47.0,103.0,51.0,,,,,,,,,,,7.52
2021-03-30,7686.0,4.36886,294.0,2881.0,7.25591,,67.79637377963738,44.0,104.0,54.0,,,,,,,,,,,5.7
2021-03-31,7559.0,4.29305,351.0,2881.0,7.6122,,66.47619047619048,47.0,104.0,51.0,,,,,,,,,,,4.62
2021-04-01,5748.0,3.26903,306.0,2881.0,5.45801,,65.82541899441341,52.0,108.0,53.0,,,,,,,,,,,5.57
2021-04-02,8585.0,4.8759,394.0,2881.0,2.58825,,64.17560975609756,52.0,102.0,53.0,,,,,,,,,,,5.47
2021-04-03,4121.0,2.08097,160.0,2881.0,2.65814,,69.7244094488189,57.0,99.0,58.0,,,,,,,,,,,
2021-04-04,14408.0,11.8244,856.0,2881.0,24.17,0.0,71.83364140480592,55.0,101.0,56.0,,,,,,,,,,,
2021-04-05,3873.0,2.19965,348.0,2881.0,10.0,0.0,64.77731092436974,47.0,132.0,52.0,,,,,,,,,,,6.57
2021-04-06,6804.0,3.87176,253.0,2881.0,5.0,,68.62078651685393,52.0,106.0,53.0,,,,,,,,,,,5.3
2021-04-07,3618.0,2.07165,497.0,2881.0,1.0,0.0,63.8875,51.0,156.0,53.0,,,,,,,,,,,5.87
2021-04-08,5200.0,2.95338,172.0,2881.0,4.4147,,66.72867132867133,51.0,98.0,55.0,,,,,,,,,,,5.25
2021-04-09,4160.0,2.36245,168.0,2881.0,3.67126,,67.83542538354254,52.0,102.0,53.0,,,,,,,,,,,4.02
2021-04-10,3968.0,2.25682,554.0,2881.0,4.0,0.0,69.52998605299861,50.0,157.0,53.0,,,,,,,,,,,4.48
2021-04-11,6036.0,3.42873,237.0,2881.0,3.0,,66.6625,52.0,108.0,55.0,,,,,,,,,,,6.23
2021-04-12,9385.0,4.459736210000001,778.0,2881.0,20.0,0.0,66.86033519553072,47.0,141.0,49.0,,,,,,,,,,,5.97
2021-04-13,5558.0,3.17459,151.0,2881.0,3.06266,,59.96805555555556,48.0,93.0,51.0,,,,,,,,,,,6.03
2021-04-14,5259.0,2.98693,571.0,2881.0,4.79856,0.0,60.27552447552448,46.0,134.0,48.0,,,,,,,,,,,6.1
2021-04-15,8198.0,3.933116900000001,852.0,2881.0,24.0,0.0,64.00698324022346,48.0,151.0,48.0,,,,,,,,,,,6.43
2021-04-16,4007.0,2.28975,145.0,2881.0,3.24573,,63.62150837988827,49.0,107.0,51.0,,,,,,,,,,,5.48
2021-04-17,7337.0,4.16692,902.0,2881.0,4.0,,76.55182072829132,56.0,115.0,61.0,,,,,,,,,,,4.95
2021-04-18,4775.0,2.7185,154.0,2881.0,4.0,,63.83821478382148,52.0,98.0,54.0,,,,,,,,,,,7.23
2021-04-19,5630.0,3.19758,249.0,2881.0,3.05184,,63.82361111111111,47.0,101.0,48.0,,,,,,,,,,,5.13
2021-04-20,5486.0,3.11556,158.0,2881.0,5.34613,,58.63128491620112,44.0,97.0,47.0,,,,,,,,,,,7.2
2021-04-21,5408.0,3.07144,190.0,2881.0,2.10597,,61.39320388349515,45.0,98.0,46.0,,,,,,,,,,,5.48
2021-04-22,4504.0,2.55819,153.0,2881.0,1.75459,,60.8363309352518,44.0,101.0,48.0,,,,,,,,,,,
2021-04-23,4854.0,2.75702,147.0,2881.0,2.0561,,58.9036312849162,45.0,93.0,48.0,,,,,,,,,,,5.18
2021-04-24,6539.0,3.71394,205.0,2881.0,2.20636,,68.87083333333334,55.0,99.0,57.0,,,,,,,,,,,5.02
2021-04-25,2493.0,1.4161,76.0,2881.0,3.01247,,60.53481894150418,48.0,97.0,52.0,,,,,,,,,,,4.7
2021-04-26,11788.0,6.020349303999999,1098.0,2881.0,32.0,0.0,67.06284916201118,47.0,148.0,49.0,,,,,,,,,,,7.78
2021-04-27,5254.0,3.00495,162.0,2881.0,3.2477,,59.701534170153415,46.0,92.0,47.0,,,,,,,,,,,5.82
2021-04-28,4493.0,2.56005,977.0,2881.0,6.27231,0.0,68.59915611814345,47.0,146.0,49.0,,,,,,,,,,,5.93
2021-04-29,3772.0,2.14249,153.0,2881.0,3.0,,63.88687150837989,48.0,106.0,50.0,,,,,,,,,,,5.02
2021-04-30,3618.0,2.05487,172.0,2881.0,3.03937,,66.66108786610879,50.0,105.0,53.0,,,,,,,,,,,5.72
2021-05-01,7561.0,4.2943,320.0,2881.0,7.35696,,70.20781032078104,51.0,109.0,56.0,,,,,,,,,,,6.38
2021-05-02,3684.0,2.09837,119.0,2881.0,5.46391,,69.42280945757997,56.0,107.0,59.0,,,,,,,,,,,5.42
2021-05-03,5284.0,3.00122,360.0,2881.0,3.0,,70.47067039106145,52.0,119.0,53.0,,,,,,,,,,,4.7
2021-05-04,5976.0,3.40511,210.0,2881.0,5.17979,,63.96783216783217,48.0,105.0,49.0,,,,,,,,,,,6.55
2021-05-05,7061.0,4.01033,261.0,2881.0,3.0,,64.23743016759776,47.0,101.0,49.0,,,,,,,,,,,5.7
2021-05-06,4066.0,2.30902,112.0,2881.0,2.0023,,60.97342657342657,47.0,95.0,51.0,,,,,,,,,,,5.22
2021-05-07,4517.0,2.57061,205.0,2881.0,4.0,,63.763966480446925,51.0,101.0,54.0,,,,,,,,,,,4.05
2021-05-08,9017.0,5.1319,342.0,2881.0,7.72375,,71.03085553997195,50.0,109.0,53.0,,,,,,,,,,,5.98
2021-05-09,3600.0,2.04928,139.0,2881.0,4.05217,,66.03916083916084,52.0,96.0,54.0,,,,,,,,,,,4.97
2021-05-10,11071.0,5.510007480000001,1261.0,2881.0,33.0,0.0,75.0254110612855,53.0,151.0,56.0,,,,,,,,,,,5.68
2021-05-11,12077.0,11.3482,862.0,2881.0,18.0,0.0,68.02668539325843,51.0,130.0,52.0,,,,,,,,,,,6.92
2021-05-12,12082.0,6.90406,1064.0,2881.0,5.76542,,68.23595505617978,50.0,141.0,52.0,,,,,,,,,,,6.37
2021-05-13,5633.0,3.19944,235.0,2881.0,4.12106,,65.66056338028169,47.0,110.0,51.0,,,,,,,,,,,5.7
2021-05-14,5930.0,3.38461,259.0,2881.0,3.0,0.0,68.37709497206704,52.0,111.0,54.0,,,,,,,,,,,4.38
2021-05-15,12197.0,6.95377,729.0,2881.0,9.2126,0.0,69.85416666666667,51.0,102.0,54.0,,,,,,,,,,,6.73
2021-05-16,12389.0,21.6904,1452.0,5762.0,50.8136,0.0,65.08240223463687,51.0,98.0,52.0,,,,,,,,,,,7.08
2021-05-17,16086.0,29.0874,2276.0,5762.0,73.416,0.0,68.12201963534362,48.0,144.0,51.0,,,,,,,,,,,4.8
2021-05-18,3426.0,2.01697,120.0,2881.0,6.02592,,61.075,50.0,98.0,51.0,,,,,,,,,,,6.18
2021-05-19,8152.0,5.65758,732.0,2881.0,8.55643,,67.62555720653789,44.0,115.0,48.0,,,,,,,,,,,5.78
2021-05-20,3527.0,2.0207,138.0,2881.0,4.0,,65.46935933147633,55.0,104.0,57.0,,,,,,,,,,,5.5
2021-05-21,5298.0,3.03726,200.0,2881.0,10.4521,,64.59776536312849,49.0,106.0,51.0,,,,,,,,,,,4.42
2021-05-22,7533.0,4.33469,482.0,2881.0,5.22343,0.0,70.29324546952225,53.0,102.0,56.0,,,,,,,,,,,5.1
2021-05-23,6425.0,3.64869,209.0,2881.0,4.30413,,67.70891364902506,48.0,108.0,51.0,,,,,,,,,,,6.97
2021-05-24,6356.0,3.61576,228.0,2881.0,6.0,,66.13249651324965,51.0,111.0,52.0,,,,,,,,,,,4.98
2021-05-25,6285.0,3.26779,173.0,2881.0,3.0,,63.48324022346369,50.0,98.0,51.0,,,,,,,,,,,5.13
2021-05-26,8890.0,5.11699,861.0,2881.0,4.0,0.0,63.71648044692738,48.0,116.0,49.0,,,,,,,,,,,6.8
2021-05-27,7304.0,4.15697,376.0,2881.0,4.06037,,69.75247524752476,52.0,111.0,56.0,,,,,,,,,,,5.58
2021-05-28,7923.0,4.49997,305.0,2881.0,8.0,,68.14345403899722,47.0,100.0,50.0,,,,,,,,,,,5.33
2021-05-29,10459.0,5.95211,386.0,2881.0,3.0,,67.23314606741573,45.0,103.0,50.0,,,,,,,,,,,8.12
2021-05-30,6599.0,3.75681,562.0,2881.0,7.0,,72.03198887343532,52.0,110.0,53.0,,,,,,,,,,,5.08
2021-05-31,4909.0,2.79431,213.0,2881.0,4.0,,65.54027777777777,55.0,105.0,58.0,,,,,,,,,,,5.02
2021-06-01,6612.0,3.75495,302.0,2881.0,6.31988,,68.48531468531469,51.0,115.0,53.0,,,,,,,,,,,6.02
2021-06-02,6789.0,5.22404,538.0,2881.0,31.67,0.0,66.89679218967922,50.0,108.0,52.0,,,,,,,,,,,6.38
2021-06-03,9769.0,5.54822,399.0,2881.0,2.0,,67.4979020979021,48.0,106.0,48.0,,,,,,,,,,,5.23
2021-06-04,3399.0,1.9306,164.0,2881.0,2.01936,,66.33099579242636,52.0,105.0,55.0,,,,,,,,,,,5.92
2021-06-05,7253.0,4.12715,286.0,2881.0,2.0,,71.2258064516129,51.0,105.0,56.0,,,,,,,,,,,6.65
2021-06-06,9460.0,5.40096,993.0,2881.0,3.0,0.0,77.31541725601132,61.0,112.0,63.0,,,,,,,,,,,4.72
2021-06-07,9502.0,5.43886,814.0,2881.0,4.10696,0.0,68.89825581395348,51.0,114.0,54.0,,,,,,,,,,,7.2
2021-06-08,5886.0,3.34298,194.0,2881.0,4.20341,,65.90972222222223,49.0,93.0,53.0,,,,,,,,,,,7.27
2021-06-09,7586.0,4.32909,745.0,2881.0,7.67552,0.0,71.49636363636364,56.0,126.0,60.0,,,,,,,,,,,3.88
2021-06-10,6355.0,3.42562,330.0,2640.0,2.01969,,70.54888268156425,52.0,98.0,55.0,,,,,,,,,,,4.83
2021-06-11,5336.0,2.88316,164.0,2881.0,2.07349,,66.86944444444444,51.0,107.0,55.0,,,,,,,,,,,6.12
2021-06-12,5764.0,2.89,225.0,2881.0,1.59547,,69.49305555555556,54.0,100.0,61.0,,,,,,,,,,,5.02
2021-06-13,8571.0,4.78456,465.0,2881.0,0.76017,,72.31388888888888,59.0,106.0,57.0,,,,,,,,,,,5.37
2021-06-14,4332.0,2.46747,239.0,2881.0,1.0,,65.65555555555555,53.0,99.0,53.0,,,,,,,,,,,6.67
2021-06-15,7256.0,4.13771,414.0,3121.0,5.0,,66.26981707317073,53.0,99.0,,,,,,,,,,,,4.77
2021-06-16,9021.0,5.1375,1115.0,2881.0,1.72867,0.0,68.67651195499296,48.0,123.0,51.0,,,,,,,,,,,8.25
2021-06-17,3024.0,1.71747,90.0,2881.0,1.0,,64.06564245810056,52.0,102.0,54.0,,,,,,,,,,,6.75
2021-06-18,3900.0,2.21519,174.0,2881.0,3.0,,69.11871508379889,53.0,101.0,57.0,,,,,,,,,,,4.57
2021-06-19,12003.0,10.6929,865.0,2881.0,36.1644,0.0,73.36122733612274,60.0,117.0,62.0,,,,,,,,,,,5.9
2021-06-20,9454.0,5.40034,924.0,2881.0,4.04396,0.0,74.15848527349229,60.0,117.0,60.0,,,,,,,,,,,5.23
2021-06-21,4916.0,2.79182,303.0,2881.0,3.14436,,71.30392156862744,53.0,105.0,57.0,,,,,,,,,,,5.77
2021-06-22,3331.0,1.89891,121.0,2881.0,3.43602,0.0,66.51117318435755,52.0,100.0,56.0,,,,,,,,,,,5.7
2021-06-23,9973.0,5.69052,1082.0,2881.0,6.41929,,70.13483146067416,52.0,138.0,54.0,,,,,,,,,,,7.55
2021-06-24,4106.0,2.33201,150.0,2881.0,4.01411,0.0,64.75766016713092,53.0,100.0,57.0,,,,,,,,,,,5.25
2021-06-25,5781.0,3.28333,523.0,2881.0,2.0,,71.98100172711571,58.0,109.0,61.0,,,,,,,,,,,4.82
2021-06-26,6132.0,6.96558,740.0,5762.0,13.0256,0.0,69.31058495821728,57.0,115.0,62.0,,,,,,,,,,,6.1
2021-06-27,8485.0,4.88833,990.0,2881.0,4.0,0.0,74.041782729805,50.0,113.0,56.0,,,,,,,,,,,5.53
2021-06-28,9379.0,5.32639,1208.0,2881.0,5.31102,0.0,70.15481171548117,48.0,140.0,50.0,,,,,,,,,,,6.03
2021-06-29,3665.0,2.08159,174.0,2881.0,3.0,,66.36944444444444,50.0,109.0,55.0,,,,,,,,,,,5.7
2021-06-30,9021.0,5.16422,1155.0,2881.0,6.3353,0.0,70.66564885496183,48.0,127.0,52.0,,,,,,,,,,,5.77
2021-07-01,5249.0,3.17334,366.0,2881.0,3.0,,71.69832402234637,50.0,121.0,53.0,,,,,,,,,,,4.75
2021-07-02,7839.0,4.45772,762.0,2881.0,4.42356,,76.4002808988764,55.0,130.0,56.0,,,,,,,,,,,2.73
2021-07-03,5736.0,2.87633,177.0,2881.0,4.0,,64.94577352472089,51.0,99.0,53.0,,,,,,,,,,,7.37
2021-07-04,12477.0,7.1234,1156.0,2881.0,5.30249,0.0,76.73537604456824,57.0,115.0,58.0,,,,,,,,,,,5.03
2021-07-05,8494.0,4.8324,660.0,2881.0,4.0,0.0,71.47960618846695,53.0,108.0,58.0,,,,,,,,,,,5.58
2021-07-06,5067.0,2.88316,227.0,2881.0,2.6916,,67.17366946778712,50.0,103.0,52.0,,,,,,,,,,,4.97
2021-07-07,9784.0,5.69922,741.0,2881.0,2.0,,70.91444600280505,52.0,115.0,56.0,,,,,,,,,,,7.23
2021-07-08,7037.0,3.99666,474.0,2881.0,3.0,,69.03342618384401,52.0,109.0,55.0,,,,,,,,,,,4.3
2021-07-09,6583.0,3.73879,230.0,2881.0,2.0,,67.06005586592178,52.0,98.0,56.0,,,,,,,,,,,4.67
2021-07-10,4850.0,2.75454,208.0,2881.0,5.0,,68.34540389972145,50.0,99.0,54.0,,,,,,,,,,,3.45
2021-07-11,7160.0,4.09421,626.0,2881.0,7.25492,0.0,68.98326359832636,56.0,107.0,61.0,,,,,,,,,,,4.93
2021-07-12,11226.0,6.37589,831.0,2881.0,3.0,,72.50210378681626,51.0,108.0,53.0,,,,,,,,,,,5.93
2021-07-13,7493.0,4.25577,250.0,2881.0,2.0,,65.28212290502793,50.0,96.0,52.0,,,,,,,,,,,5.03
2021-07-14,9353.0,5.34628,868.0,2881.0,6.00459,0.0,69.00279329608938,50.0,114.0,53.0,,,,,,,,,,,5.7
2021-07-15,6615.0,3.76613,248.0,2881.0,1.64272,,62.48132183908046,50.0,101.0,51.0,,,,,,,,,,,7.07
2021-07-16,5580.0,3.18391,209.0,2881.0,4.0,,65.52941176470588,49.0,101.0,52.0,,,,,,,,,,,4.6
2021-07-17,8976.0,5.10519,587.0,2881.0,4.08202,0.0,74.4608938547486,59.0,105.0,61.0,,,,,,,,,,,5.68
2021-07-18,12380.0,7.11843,1656.0,2881.0,4.03675,0.0,78.57960893854748,55.0,129.0,59.0,,,,,,,,,,,6.38
2021-07-19,10224.0,5.82163,1057.0,2881.0,5.37795,0.0,70.85557299843015,52.0,126.0,57.0,,,,,,,,,,,5.35
2021-07-20,6512.0,3.6984,460.0,2881.0,4.0,,64.82957746478873,50.0,113.0,52.0,,,,,,,,,,,6.67
2021-07-21,9597.0,5.45377,899.0,2881.0,4.0,0.0,67.49090909090908,49.0,130.0,53.0,,,,,,,,,,,5.8
2021-07-22,10225.0,5.20523,406.0,2760.0,3.0,,70.0557880055788,50.0,111.0,59.0,,,,,,,,,,,3.67
2021-07-23,4990.0,3.50702,271.0,2881.0,1.67093,,68.39154929577465,57.0,108.0,58.0,,,,,,,,,,,3.95
2021-07-24,4243.0,2.40968,327.0,2881.0,3.0,,68.43521126760564,55.0,130.0,55.0,,,,,,,,,,,6.52
2021-07-25,5510.0,3.12923,236.0,3001.0,2.02395,,64.8475073313783,52.0,96.0,,,,,,,,,,,,5.42
2021-07-26,11124.0,6.36036,1262.0,2881.0,5.57546,0.0,69.51708766716196,49.0,135.0,51.0,,,,,,,,,,,5.0
2021-07-27,6394.0,3.63129,297.0,2881.0,6.0,,67.65444287729196,51.0,112.0,52.0,,,,,,,,,,,4.82
2021-07-28,6051.0,3.4424,241.0,2881.0,5.72539,,64.62797202797202,46.0,100.0,50.0,,,,,,,,,,,5.95
2021-07-29,2652.0,1.5118,79.0,2881.0,3.0,,60.8463687150838,50.0,97.0,52.0,,,,,,,,,,,6.45
2021-07-30,4354.0,2.47306,176.0,2881.0,3.69291,,67.08519553072625,51.0,103.0,52.0,,,,,,,,,,,4.88
2021-07-31,11153.0,6.36036,1240.0,2881.0,2.72671,0.0,75.19665271966527,53.0,126.0,57.0,,,,,,,,,,,4.83
2021-08-01,11418.0,6.49706,1108.0,2881.0,1.0,0.0,72.67224546722454,52.0,119.0,58.0,,,,,,,,,,,6.73
2021-08-02,7816.0,4.4428,1435.0,2881.0,3.08333,,75.070323488045,53.0,137.0,55.0,,,,,,,,,,,5.37
2021-08-03,9779.0,5.90303,366.0,2881.0,2.0,,64.46657381615599,49.0,113.0,49.0,,,,,,,,,,,5.72
2021-08-04,8045.0,4.59131,545.0,2881.0,3.0,0.0,62.82913165266106,49.0,114.0,51.0,,,,,,,,,,,5.38
2021-08-05,4595.0,2.61535,145.0,2881.0,2.0,,62.61506276150627,46.0,96.0,50.0,,,,,,,,,,,4.63
2021-08-06,4777.0,2.71291,179.0,2881.0,0.0,,64.14444444444445,50.0,103.0,52.0,,,,,,,,,,,5.82
2021-08-07,10117.0,5.78248,785.0,2881.0,6.7628,0.0,72.8249299719888,55.0,112.0,55.0,,,,,,,,,,,4.3
2021-08-08,11727.0,6.6959,1216.0,2881.0,3.0374,0.0,74.82743988684582,54.0,138.0,60.0,,,,,,,,,,,7.17
2021-08-09,9263.0,5.27731,1491.0,2881.0,7.0,0.0,77.04314329738058,56.0,144.0,57.0,,,,,,,,,,,4.03
2021-08-10,4593.0,2.60852,168.0,2881.0,4.70243,,64.5572625698324,47.0,113.0,52.0,,,,,,,,,,,6.53
2021-08-11,7982.0,4.53601,789.0,2881.0,5.65453,0.0,72.68854748603351,54.0,122.0,56.0,,,,,,,,,,,3.75
2021-08-12,2876.0,1.63358,144.0,2881.0,2.0,,64.77083333333333,51.0,104.0,57.0,,,,,,,,,,,5.65
2021-08-13,6657.0,3.79285,675.0,2881.0,4.00886,,72.55133614627286,51.0,118.0,54.0,,,,,,,,,,,6.13
2021-08-14,11605.0,6.59586,1129.0,2881.0,6.72211,0.0,75.5768688293371,59.0,117.0,64.0,,,,,,,,,,,4.18
2021-08-15,10815.0,6.20253,1040.0,2881.0,5.37467,0.0,73.47206703910615,52.0,114.0,55.0,,,,,,,,,,,6.3
2021-08-16,11145.0,5.31018,1051.0,2881.0,6.04626,0.0,68.98457223001402,51.0,118.0,51.0,,,,,,,,,,,6.05
2021-08-17,4587.0,2.60541,139.0,2881.0,6.0,,61.66717791411043,47.0,97.0,50.0,,,,,,,,,,,6.32
2021-08-18,2922.0,1.65968,86.0,2881.0,2.0,,60.31703910614525,48.0,95.0,51.0,,,,,,,,,,,4.57
2021-08-19,9850.0,4.18965,1061.0,2881.0,3.77854,0.0,69.72964669738863,52.0,113.0,54.0,,,,,,,,,,,6.77
2021-08-20,9496.0,5.42209,434.0,2881.0,3.53445,,68.39583333333333,49.0,109.0,53.0,,,,,,,,,,,5.97
2021-08-21,12449.0,4.09816,1127.0,2881.0,4.0,0.0,73.41011235955057,57.0,121.0,58.0,,,,,,,,,,,5.0
2021-08-22,10335.0,4.10875,837.0,2881.0,4.71982,0.0,70.67461430575035,56.0,103.0,60.0,,,,,,,,,,,5.08
2021-08-23,8502.0,3.61265,854.0,2881.0,2.0,0.0,69.12605042016807,52.0,120.0,56.0,,,,,,,,,,,4.52
2021-08-24,4784.0,2.71726,177.0,2881.0,2.0,,63.809192200557106,50.0,108.0,55.0,,,,,,,,,,,6.25
2021-08-25,11864.0,5.37209,1085.0,2881.0,6.02756,0.0,67.71294851794072,46.0,121.0,47.0,,,,,,,,,,,5.48
2021-08-26,9314.0,5.50224,380.0,2881.0,7.51542,,70.87451737451738,52.0,106.0,52.0,,,,,,,,,,,
2021-08-27,4417.0,2.50848,145.0,2881.0,3.04724,,59.125698324022345,47.0,104.0,49.0,,,,,,,,,,,4.6
2021-08-28,3844.0,2.18785,166.0,2881.0,5.0,,64.36348122866895,52.0,99.0,56.0,,,,,,,,,,,4.5
2021-08-29,11863.0,4.51576,1069.0,2881.0,4.0,0.0,71.27591036414566,53.0,121.0,57.0,,,,,,,,,,,5.52
2021-08-30,8259.0,3.04642,1116.0,2881.0,3.0,0.0,69.47272727272727,50.0,133.0,54.0,,,,,,,,,,,6.1
2021-08-31,6873.0,3.90345,224.0,2881.0,2.0,,67.0336605890603,49.0,99.0,51.0,,,,,,,,,,,6.23
2021-09-01,11622.0,5.01657,1416.0,2881.0,2.0,0.0,73.03212290502793,50.0,127.0,52.0,,,,,,,,,,,5.7
2021-09-02,6363.0,3.61887,240.0,2881.0,6.0,,64.22625698324022,49.0,103.0,50.0,,,,,,,,,,,5.4
2021-09-03,6796.0,3.88543,228.0,2881.0,6.27493,,68.04621848739495,48.0,98.0,52.0,,,,,,,,,,,4.88
2021-09-04,13785.0,6.10117,1014.0,2881.0,4.01476,0.0,71.0418410041841,52.0,113.0,57.0,,,,,,,,,,,6.48
2021-09-05,5954.0,6.763,542.0,5762.0,2.05644,,69.87640449438203,55.0,110.0,59.0,,,,,,,,,,,5.17
2021-09-06,12584.0,8.59086,2578.0,5762.0,7.1332,0.0,70.37743732590529,50.0,121.0,53.0,,,,,,,,,,,6.35
2021-09-07,10906.0,8.75944,2028.0,5762.0,6.0,0.0,66.74337517433752,50.0,122.0,51.0,,,,,,,,,,,4.85
2021-09-08,3442.0,3.90966,186.0,5762.0,11.0059,,61.382147838214784,48.0,98.0,52.0,,,,,,,,,,,5.43
2021-09-09,12647.0,11.36108,1916.0,5762.0,10.0,0.0,66.53986013986014,48.0,112.0,49.0,,,,,,,,,,,5.78
2021-09-10,2378.0,2.70048,248.0,5762.0,4.0,,67.32733224222586,54.0,111.0,55.0,,,,,,,,,,,5.73
2021-09-11,10821.0,12.43986,1324.0,5762.0,6.15354,,77.14726507713885,56.0,113.0,61.0,,,,,,,,,,,5.48
2021-09-12,14304.0,13.41966,2542.0,5762.0,4.02888,0.0,80.7116991643454,59.0,117.0,61.0,,,,,,,,,,,4.95
2021-09-13,9047.0,7.59308,1902.0,5762.0,13.18372,0.0,70.80925666199158,50.0,120.0,52.0,,,,,,,,,,,5.8
2021-09-14,8733.0,8.8415,990.0,5762.0,4.0,0.0,67.20115774240232,53.0,104.0,52.0,,,,,,,,,,,6.5
2021-09-15,11276.0,8.90184,2024.0,5762.0,2.0,0.0,67.38655462184875,49.0,111.0,52.0,,,,,,,,,,,7.15
2021-09-16,3585.0,4.07496,178.0,5762.0,5.5433,,61.39020979020979,48.0,104.0,51.0,,,,,,,,,,,7.07
2021-09-17,4096.0,4.6752,226.0,5762.0,8.0,,64.28172942817294,50.0,108.0,53.0,,,,,,,,,,,7.9
2021-09-18,9554.0,8.72134,1434.0,5762.0,8.0,0.0,72.2457627118644,55.0,111.0,56.0,,,,,,,,,,,7.22
2021-09-19,10619.0,8.90516,1820.0,5762.0,12.33596,0.0,75.48463687150839,59.0,106.0,63.0,,,,,,,,,,,8.87
2021-09-20,11624.0,9.432,2070.0,5762.0,8.0,0.0,68.87290502793296,47.0,117.0,52.0,,,,,,,,,,,8.8
2021-09-21,5416.0,6.15158,278.0,5762.0,2.0,,63.55104895104895,52.0,96.0,54.0,,,,,,,,,,,7.32
2021-09-22,11198.0,8.65394,2014.0,5762.0,10.20604,0.0,69.02870090634441,51.0,123.0,53.0,,,,,,,,,,,8.18
2021-09-23,9979.0,11.3972,874.0,5762.0,3.38188,,73.30446927374301,49.0,111.0,51.0,,,,,,,,,,,8.08
2021-09-24,5499.0,6.24602,270.0,5762.0,10.0046,,64.05146036161335,49.0,107.0,51.0,,,,,,,,,,,6.02
2021-09-25,8668.0,7.89454,1140.0,5762.0,6.0,0.0,69.01256983240224,53.0,107.0,55.0,,,,,,,,,,,7.93
2021-09-26,11668.0,9.30448,1546.0,5762.0,8.5,0.0,69.5292479108635,55.0,106.0,57.0,,,,,,,,,,,8.88
2021-09-27,20412.0,9.26706,1626.0,5762.0,2.0,0.0,69.65966386554622,53.0,117.0,55.0,,,,,,,,,,,8.0
2021-09-28,13995.0,7.96536,552.0,3001.0,5.70112,0.0,72.58155080213903,52.0,109.0,55.0,,,,,,,,,,,6.77
2021-09-29,10070.0,5.61583,558.0,2881.0,5.0,0.0,65.87132867132867,49.0,118.0,52.0,,,,,,,,,,,7.87
2021-09-30,9677.0,7.81756,1440.0,5762.0,7.3412,0.0,64.50558659217877,48.0,114.0,50.0,,,,,,,,,,,5.82
2021-10-01,4915.0,2.82289,380.0,2881.0,1.0,,65.6094839609484,48.0,113.0,48.0,,,,,,,,,,,6.62
2021-10-02,7677.0,4.40304,176.0,2881.0,9.71293,,65.76237623762377,48.0,107.0,54.0,,,,,,,,,,,7.27
2021-10-03,7548.0,2.26589,539.0,2881.0,3.0,0.0,69.22813688212928,57.0,100.0,57.0,,,,,,,,,,,7.4
2021-10-04,8715.0,3.59469,790.0,2881.0,2.0,0.0,68.2111888111888,50.0,111.0,51.0,,,,,,,,,,,7.62
2021-10-05,4760.0,2.70359,99.0,2881.0,3.52362,,62.48951048951049,50.0,96.0,51.0,,,,,,,,,,,7.67
2021-10-06,5561.0,3.15843,113.0,2881.0,3.0,,62.89121338912134,50.0,97.0,50.0,,,,,,,,,,,6.8
2021-10-07,9252.0,5.25991,313.0,2881.0,6.38714,,67.19749652294854,50.0,105.0,52.0,,,,,,,,,,,5.72
2021-10-08,8178.0,4.64475,298.0,2881.0,1.0,,66.60277777777777,53.0,97.0,55.0,,,,,,,,,,,7.72
2021-10-09,14872.0,8.45438,479.0,2881.0,12.6358,,65.45555555555555,54.0,96.0,57.0,,,,,,,,,,,7.67
2021-10-10,6370.0,3.61762,168.0,2881.0,5.05545,,62.01675977653631,50.0,93.0,52.0,,,,,,,,,,,7.35
2021-10-11,4995.0,5.69176,328.0,5762.0,4.0,,63.475592747559276,48.0,100.0,51.0,,,,,,,,,,,7.58
2021-10-12,3876.0,4.40304,176.0,5762.0,7.58006,,62.81958041958042,49.0,100.0,52.0,,,,,,,,,,,6.9
2021-10-13,6231.0,7.15446,300.0,5762.0,8.64436,,66.6895104895105,53.0,101.0,55.0,,,,,,,,,,,5.7
2021-10-14,10042.0,11.66562,2018.0,5762.0,2.0,,75.83147632311977,58.0,127.0,60.0,,,,,,,,,,,7.33
2021-10-15,3371.0,3.8351,268.0,5762.0,2.0,,68.55369595536959,55.0,113.0,57.0,,,,,,,,,,,6.68
2021-10-16,6421.0,7.29366,432.0,5762.0,6.08202,,70.81983240223464,57.0,105.0,57.0,,,,,,,,,,,7.32
2021-10-17,8407.0,9.55918,666.0,5762.0,10.0,,71.24052478134111,58.0,119.0,62.0,,,,,,,,,,,8.6
2021-10-18,7738.0,8.78868,418.0,5762.0,7.2979,,67.74651810584959,54.0,101.0,56.0,,,,,,,,,,,8.08
2021-10-19,7714.0,8.77128,1074.0,5762.0,5.57152,,77.08225806451613,56.0,115.0,57.0,,,,,,,,,,,7.05
2021-10-20,13529.0,13.62926,1422.0,5762.0,4.17782,0.0,73.40890125173853,54.0,109.0,54.0,,,,,,,,,,,6.45
2021-10-21,5138.0,5.96392,294.0,5762.0,4.0,,66.25,51.0,118.0,53.0,,,,,,,,,,,7.82
2021-10-22,5017.0,5.69798,430.0,5762.0,10.0,,68.77405857740585,56.0,108.0,59.0,,,,,,,,,,,5.17
2021-10-23,11207.0,9.08568,888.0,5520.0,18.36286,,76.40389972144847,51.0,118.0,57.0,,,,,,,,,,,5.75
2021-10-24,6252.0,5.9428,478.0,5762.0,3.0,,76.12315930388219,57.0,113.0,61.0,,,,,,,,,,,7.8
2021-10-25,6502.0,7.1321,962.0,5762.0,6.0,,76.68194444444444,58.0,117.0,64.0,,,,,,,,,,,5.75
2021-10-26,7647.0,8.69672,1424.0,5762.0,9.45998,,78.50323043790381,58.0,138.0,60.0,,,,,,,,,,,9.53
2021-10-27,6715.0,8.08156,728.0,5762.0,48.714,,74.40585774058577,55.0,112.0,58.0,,,,,,,,,,,7.12
2021-10-28,6549.0,11.1996,1173.0,8643.0,21.04035,,74.52729885057471,56.0,110.0,63.0,,,,,,,,,,,7.83
2021-10-29,7268.0,8.263,1044.0,5762.0,0.0,,75.93888888888888,62.0,108.0,58.0,,,,,,,,,,,10.07
2021-10-30,6020.0,3.691561,319.0,4077.0,6.47375,0.0,67.59097525473071,55.0,103.0,,,,,,,,,,,,7.7
2021-10-31,10917.0,4.68798,953.0,2881.0,9.29528,0.0,71.32378223495702,51.0,114.0,55.0,,,,,,,,,,,7.43
2021-11-01,3100.0,1.76656,101.0,2881.0,4.51969,,68.0487012987013,56.0,97.0,59.0,,,,,,,,,,,6.43
2021-11-02,12638.0,5.69147,1417.0,2881.0,5.56955,0.0,75.51748251748252,50.0,129.0,54.0,,,,,,,,,,,6.2
2021-11-03,13159.0,6.90388,1361.0,2881.0,3.0,0.0,76.2120765832106,57.0,111.0,59.0,,,,,,,,,,,6.43
2021-11-04,9294.0,5.29035,755.0,2881.0,5.0,,74.97496522948539,53.0,113.0,56.0,,,,,,,,,,,6.48
2021-11-05,4947.0,2.80984,102.0,2881.0,5.38451,,64.97765363128492,52.0,101.0,53.0,,,,,,,,,,,8.4
2021-11-06,10170.0,5.78559,336.0,2881.0,5.14469,,72.71368124118477,55.0,102.0,56.0,,,,,,,,,,,8.63
2021-11-07,9581.0,0.65396201,,,1.0,0.0,68.10432190760059,53.0,109.0,55.0,,,,,,,,,,,3.68
2021-11-08,9327.0,3.41618,609.0,2881.0,6.02297,0.0,62.319718309859155,46.0,114.0,49.0,,,,,,,,,,,6.7
2021-11-09,5268.0,4.44282,609.0,2881.0,4.10564,,61.72841225626741,50.0,102.0,50.0,,,,,,,,,,,7.98
2021-11-10,12112.0,2.90988,125.0,2881.0,6.02461,0.0,69.71448663853727,48.0,122.0,54.0,,,,,,,,,,,6.33
2021-11-11,5876.0,5.16558,1078.0,2881.0,8.0,,69.42039106145252,55.0,115.0,60.0,,,,,,,,,,,6.4
2021-11-12,5362.0,3.34733,276.0,2881.0,3.0,,69.7122905027933,53.0,112.0,54.0,,,,,,,,,,,8.62
2021-11-13,6706.0,3.04534,278.0,2881.0,4.22343,,75.40585774058577,61.0,114.0,62.0,,,,,,,,,,,6.67
2021-11-14,8695.0,3.82081,544.0,2881.0,5.0,0.0,67.87808417997097,51.0,103.0,56.0,,,,,,,,,,,8.82
2021-11-15,13696.0,3.63121,598.0,2881.0,5.0,0.0,68.39609483960949,52.0,110.0,54.0,,,,,,,,,,,6.42
2021-11-16,9160.0,6.21615,1012.0,2881.0,3.0,0.0,70.8515406162465,51.0,115.0,53.0,,,,,,,,,,,5.85
2021-11-17,5900.0,3.61874,854.0,2881.0,2.7605,,70.93888888888888,55.0,114.0,58.0,,,,,,,,,,,5.65
2021-11-18,5253.0,3.35913,549.0,2881.0,2.0,,67.82714054927303,55.0,111.0,57.0,,,,,,,,,,,8.35
2021-11-19,8030.0,2.98755,368.0,2881.0,1.08301,,73.20310296191819,56.0,117.0,57.0,,,,,,,,,,,5.82
2021-11-20,6376.0,4.56521,642.0,2881.0,5.0,,70.9023709902371,52.0,110.0,57.0,,,,,,,,,,,8.15
2021-11-21,4110.0,3.62384,260.0,2881.0,6.41109,,69.87465181058496,53.0,111.0,56.0,,,,,,,,,,,6.6
2021-11-22,8899.0,2.33138,180.0,2881.0,7.36319,,70.05970149253731,52.0,106.0,53.0,,,,,,,,,,,7.23
2021-11-23,4878.0,5.06418,320.0,2881.0,5.0,,65.26666666666667,52.0,101.0,55.0,,,,,,,,,,,4.45
2021-11-24,6906.0,2.77007,133.0,2881.0,7.0,,63.018055555555556,46.0,94.0,52.0,,,,,,,,,,,9.57
2021-11-25,3391.0,3.92209,176.0,2881.0,6.30184,,61.62083333333333,47.0,94.0,55.0,,,,,,,,,,,8.25
2021-11-26,3082.0,1.94116,106.0,2881.0,6.0,,61.322916666666664,53.0,91.0,53.0,,,,,,,,,,,9.4
2021-11-27,5164.0,1.3519418999999995,66.0,2881.0,1.0,,68.20434782608696,51.0,101.0,,,,,,,,,,,,7.95
2021-11-28,10283.0,2.93784,235.0,2881.0,3.17881,0.0,71.96058394160583,51.0,107.0,55.0,,,,,,,,,,,5.78
2021-11-29,8772.0,3.81832,877.0,2881.0,5.1437,0.0,69.45594405594406,53.0,115.0,54.0,,,,,,,,,,,6.97
2021-11-30,10841.0,3.98698,755.0,2881.0,3.15518,0.0,80.20555555555555,58.0,120.0,59.0,,,,,,,,,,,6.47
2021-12-01,8417.0,5.19869,1494.0,2881.0,3.0,0.0,71.26944444444445,53.0,113.0,55.0,,,,,,,,,,,7.38
2021-12-02,3867.0,2.77394,763.0,2881.0,4.0,,65.96373779637378,53.0,93.0,56.0,,,,,,,,,,,7.67
2021-12-03,6036.0,2.19593,99.0,2881.0,4.29199,,70.0278940027894,56.0,117.0,59.0,,,,,,,,,,,6.7
2021-12-04,11996.0,3.43743,308.0,2881.0,18.0,0.0,77.31869918699186,58.0,122.0,61.0,,,,,,,,,,,6.55
2021-12-05,8353.0,5.41347,1240.0,2881.0,13.3018,0.0,72.38857938718662,59.0,106.0,63.0,,,,,,,,,,,8.3
2021-12-06,5462.0,3.79131,577.0,2881.0,3.30413,,68.08228730822873,53.0,107.0,56.0,,,,,,,,,,,7.47
2021-12-07,4359.0,3.10437,149.0,2881.0,4.29199,,68.6354748603352,54.0,113.0,55.0,,,,,,,,,,,7.72
2021-12-08,11548.0,2.94219,380.0,2881.0,7.0,0.0,70.67088607594937,55.0,133.0,55.0,,,,,,,,,,,6.37
2021-12-09,4343.0,5.04698,712.0,2881.0,3.78281,,66.16111111111111,55.0,103.0,56.0,,,,,,,,,,,6.12
2021-12-10,3941.0,2.36991,120.0,2881.0,3.06299,,62.12290502793296,52.0,96.0,52.0,,,,,,,,,,,8.27
2021-12-11,7989.0,2.24253,77.0,2881.0,3.23983,,62.03496503496503,47.0,102.0,51.0,,,,,,,,,,,8.25
2021-12-12,5746.0,4.53725,207.0,2881.0,3.0,,65.50906555090656,51.0,103.0,54.0,,,,,,,,,,,8.97
2021-12-13,4508.0,3.2709,180.0,2881.0,5.02559,,70.4036312849162,55.0,107.0,57.0,,,,,,,,,,,6.72
2021-12-14,4578.0,2.56005,181.0,2881.0,5.0,,69.41331269349845,55.0,110.0,59.0,,,,,,,,,,,7.63
2021-12-15,7637.0,2.59982,233.0,2881.0,5.11549,,71.35425383542538,58.0,105.0,60.0,,,,,,,,,,,6.38
2021-12-16,5370.0,4.33717,328.0,2881.0,3.2044,,66.23184357541899,53.0,100.0,54.0,,,,,,,,,,,6.28
2021-12-17,4272.0,3.05901,134.0,2881.0,6.0,,66.47698744769875,53.0,103.0,54.0,,,,,,,,,,,7.07
2021-12-18,5400.0,2.43143,160.0,2881.0,3.0,,71.91573033707866,57.0,112.0,60.0,,,,,,,,,,,8.15
2021-12-19,10461.0,3.05715,230.0,2881.0,4.0,0.0,72.93846153846154,54.0,119.0,56.0,,,,,,,,,,,8.85
2021-12-20,10090.0,5.01849,966.0,2881.0,4.0,0.0,73.46861924686192,53.0,118.0,56.0,,,,,,,,,,,6.73
2021-12-21,8129.0,4.4599,1015.0,2881.0,5.65781,0.0,67.24722222222222,54.0,118.0,54.0,,,,,,,,,,,7.57
2021-12-22,3109.0,2.65819,721.0,2881.0,6.30315,,66.51388888888889,50.0,100.0,52.0,,,,,,,,,,,8.47
2021-12-23,5247.0,1.76594,75.0,2881.0,5.62205,,67.84916201117318,55.0,114.0,56.0,,,,,,,,,,,6.62
2021-12-24,5098.0,2.98693,162.0,2881.0,8.0,,72.16480446927375,58.0,103.0,59.0,,,,,,,,,,,7.77
2021-12-25,4865.0,2.89994,177.0,2881.0,5.0,,72.72105997210599,54.0,108.0,61.0,,,,,,,,,,,8.77
2021-12-26,4269.0,2.76572,240.0,2881.0,7.01214,,70.32027972027971,58.0,119.0,59.0,,,,,,,,,,,9.43
2021-12-27,6027.0,2.42459,222.0,2881.0,10.0171,,70.8015873015873,52.0,116.0,56.0,,,,,,,,,,,8.28
2021-12-28,4575.0,3.42313,538.0,2881.0,2.04593,,73.57222222222222,57.0,106.0,57.0,,,,,,,,,,,7.78
2021-12-29,4284.0,2.59857,234.0,2881.0,3.39042,,74.46853146853147,56.0,114.0,59.0,,,,,,,,,,,6.12
2021-12-30,5461.0,2.43329,318.0,2881.0,3.58432,,80.73109243697479,62.0,115.0,65.0,,,,,,,,,,,7.9
2021-12-31,5913.0,3.11307,618.0,2881.0,5.04298,,75.21927374301676,60.0,119.0,65.0,,,,,,,,,,,9.42
2022-01-01,8008.0,3.35789,280.0,2881.0,3.18406,,81.42259414225941,62.0,118.0,64.0,,,,,,,,,,,7.15
2022-01-02,6203.0,4.55776,606.0,2881.0,3.05184,,73.36944444444444,59.0,107.0,59.0,,,,,,,,,,,8.17
2022-01-03,7920.0,3.52877,245.0,2875.0,4.0,0.0,69.62237762237763,54.0,113.0,56.0,,,,,,,,,,,7.13
2022-01-04,4335.0,3.29419,625.0,2875.0,3.09154,,70.51666666666667,57.0,108.0,59.0,,,,,,,,,,,7.63
2022-01-05,9857.0,2.48859,268.0,2875.0,3.7231,0.0,72.02374301675978,55.0,117.0,56.0,,,,,,,,,,,7.9
2022-01-06,8694.0,4.58377,918.0,2875.0,3.69882,,71.95658263305322,52.0,110.0,59.0,,,,,,,,,,,7.47
2022-01-07,3334.0,4.93742,399.0,2875.0,2.0,,65.3486750348675,54.0,102.0,56.0,,,,,,,,,,,6.73
2022-01-08,11060.0,1.89332,131.0,2875.0,2.70505,0.0,75.5974930362117,56.0,114.0,60.0,,,,,,,,,,,6.9
2022-01-09,14873.0,5.18644,1170.0,2875.0,4.1706,0.0,77.9267175572519,60.0,111.0,63.0,,,,,,,,,,,8.23
2022-01-10,4742.0,9.34813,1108.0,2875.0,19.3753,,70.43837535014005,53.0,98.0,54.0,,,,,,,,,,,8.78
2022-01-11,10664.0,2.69302,111.0,2875.0,3.04757,0.0,70.6866295264624,54.0,118.0,60.0,,,,,,,,,,,7.4
2022-01-12,11105.0,4.71047,934.0,2875.0,6.0,0.0,69.10863509749304,52.0,108.0,52.0,,,,,,,,,,,6.83
2022-01-13,5785.0,5.06198,828.0,2875.0,14.1063,,69.27576601671309,51.0,107.0,53.0,,,,,,,,,,,5.48
2022-01-14,7207.0,3.2243,261.0,2875.0,5.75755,,69.10277777777777,51.0,110.0,55.0,,,,,,,,,,,6.85
2022-01-15,6107.0,4.09297,229.0,2875.0,8.16437,,67.1927374301676,48.0,101.0,49.0,,,,,,,,,,,8.85
2022-01-16,8410.0,3.51261,137.0,2875.0,3.46293,0.0,75.73537604456824,59.0,112.0,60.0,,,,,,,,,,,6.22
2022-01-17,9492.0,2.78913,920.0,2875.0,4.0,0.0,70.74198047419804,52.0,113.0,57.0,,,,,,,,,,,7.97
2022-01-18,9935.0,4.09551,908.0,2875.0,3.57907,,75.98018292682927,54.0,122.0,59.0,,,,,,,,,,,7.7
2022-01-19,11364.0,5.70729,889.0,2875.0,3.31791,0.0,71.15159944367177,51.0,118.0,55.0,,,,,,,,,,,6.32
2022-01-20,5994.0,4.41488,1041.0,2875.0,4.0,,75.85376044568245,55.0,117.0,62.0,,,,,,,,,,,6.77
2022-01-21,5349.0,3.42686,597.0,2875.0,3.09482,,67.76388888888889,47.0,99.0,48.0,,,,,,,,,,,7.35
2022-01-22,10341.0,3.03788,138.0,2875.0,2.77789,0.0,74.6159217877095,58.0,113.0,63.0,,,,,,,,,,,8.93
2022-01-23,10994.0,4.12736,789.0,2875.0,3.2851,0.0,71.58181818181818,55.0,112.0,58.0,,,,,,,,,,,9.08
2022-01-24,14228.0,4.80441,871.0,2875.0,5.7523,0.0,73.54253835425384,49.0,121.0,50.0,,,,,,,,,,,8.52
2022-01-25,5771.0,6.11028,1254.0,2875.0,3.4977,,63.922222222222224,52.0,97.0,53.0,,,,,,,,,,,6.1
2022-01-26,10522.0,3.25474,136.0,2875.0,1.125,,69.51680672268908,48.0,108.0,49.0,,,,,,,,,,,7.45
2022-01-27,7739.0,5.9925,464.0,2875.0,3.0,0.0,65.79934747145188,52.0,113.0,53.0,,,,,,,,,,,7.92
2022-01-28,4890.0,2.50335,701.0,2875.0,6.0269,,59.93194444444445,48.0,94.0,51.0,,,,,,,,,,,8.38
2022-01-29,8709.0,2.77691,171.0,2875.0,3.07382,0.0,65.9085794655415,52.0,105.0,53.0,,,,,,,,,,,9.0
2022-01-30,12136.0,3.57842,588.0,2875.0,2.0,0.0,68.07122905027933,50.0,121.0,51.0,,,,,,,,,,,10.0
2022-01-31,2758.0,4.86829,987.0,2875.0,2.0,,67.33472222222223,53.0,106.0,55.0,,,,,,,,,,,7.63
2022-02-01,616.0,1.56834,129.0,2875.0,2.0899,,63.016666666666666,52.0,98.0,54.0,,,,,,,,,,,11.67
2022-02-02,9470.0,0.6524777119999999,27.0,2875.0,2.38681,0.0,66.66900420757364,46.0,120.0,47.0,,,,,,,,,,,8.95
2022-02-03,14080.0,3.86966,966.0,2875.0,4.0,0.0,67.66295264623956,49.0,113.0,50.0,,,,,,,,,,,7.38
2022-02-04,3113.0,6.17678,1006.0,2875.0,5.44357,,59.2625,45.0,92.0,49.0,,,,,,,,,,,7.52
2022-02-05,11036.0,1.78085,64.0,2875.0,3.0,0.0,69.30876216968011,53.0,115.0,56.0,,,,,,,,,,,9.42
2022-02-06,2734.0,4.54449,828.0,2875.0,4.22343,,64.5216,52.0,100.0,53.0,,,,,,,,,,,8.78
2022-02-07,13028.0,1.7074910799999998,92.0,2875.0,4.0,0.0,70.94281729428172,48.0,113.0,51.0,,,,,,,,,,,6.33
2022-02-08,2671.0,3.84871,1649.0,2875.0,5.0,,60.72083333333333,49.0,100.0,52.0,,,,,,,,,,,7.93
2022-02-09,12711.0,1.9502548700000002,82.0,2875.0,3.61089,0.0,67.87219101123596,48.0,121.0,49.0,,,,,,,,,,,8.57
2022-02-10,7078.0,5.53332,1141.0,2875.0,8.0,,68.89305555555555,53.0,107.0,55.0,,,,,,,,,,,6.18
2022-02-11,15040.0,5.322801290999999,340.0,2875.0,15.0,,73.6437587657784,58.0,114.0,60.0,,,,,,,,,,,6.72
2022-02-12,6562.0,8.49601,637.0,2875.0,16.7772,,67.83403068340307,55.0,102.0,56.0,,,,,,,,,,,9.33
2022-02-13,4411.0,3.72698,245.0,2875.0,14.0318,,63.06685236768802,49.0,102.0,50.0,,,,,,,,,,,8.23
2022-02-14,10628.0,2.51158,182.0,2875.0,6.54134,0.0,69.52653631284916,52.0,107.0,54.0,,,,,,,,,,,7.27
2022-02-15,4281.0,4.55515,843.0,2875.0,2.0,,63.95125348189415,53.0,101.0,55.0,,,,,,,,,,,7.4
2022-02-16,6600.0,2.46374,113.0,2875.0,3.34875,,65.95118549511855,51.0,104.0,53.0,,,,,,,,,,,6.4
2022-02-17,8462.0,3.72139,186.0,2875.0,2.0,0.0,66.53353658536585,51.0,108.0,53.0,,,,,,,,,,,7.83
2022-02-18,7079.0,3.50274,698.0,2875.0,4.12139,,69.9375,51.0,110.0,54.0,,,,,,,,,,,7.03
2022-02-19,5775.0,4.03208,493.0,2875.0,4.0,,71.65138888888889,54.0,128.0,55.0,,,,,,,,,,,9.35
2022-02-20,12014.0,3.29202,654.0,2875.0,3.21096,0.0,73.29050279329608,56.0,109.0,61.0,,,,,,,,,,,6.67
2022-02-21,9196.0,5.45172,875.0,2875.0,3.10433,0.0,74.89818688981869,53.0,119.0,54.0,,,,,,,,,,,8.97
2022-02-22,8553.0,4.36803,865.0,2875.0,3.0,0.0,68.24305555555556,56.0,110.0,57.0,,,,,,,,,,,7.12
2022-02-23,6886.0,3.84946,677.0,2875.0,3.67356,0.0,65.3875,52.0,105.0,53.0,,,,,,,,,,,7.47
2022-02-24,5088.0,3.28911,426.0,2875.0,5.35203,,63.708333333333336,52.0,100.0,53.0,,,,,,,,,,,7.35
2022-02-25,9010.0,2.88938,139.0,2875.0,7.0,,70.66151685393258,51.0,113.0,53.0,,,,,,,,,,,6.73
2022-02-26,7596.0,5.13439,357.0,2875.0,3.07349,,72.04881450488145,53.0,112.0,56.0,,,,,,,,,,,7.43
2022-02-27,8884.0,4.33469,411.0,2875.0,3.06463,0.0,69.29203539823008,51.0,110.0,52.0,,,,,,,,,,,8.32
2022-02-28,9850.0,3.94828,627.0,2875.0,2.19521,0.0,70.62222222222222,53.0,112.0,56.0,,,,,,,,,,,7.07
2022-03-01,13087.0,3.93923,978.0,2875.0,6.42028,0.0,77.71708683473389,57.0,127.0,57.0,,,,,,,,,,,6.7
2022-03-02,13247.0,6.22336,1335.0,2875.0,5.0,,80.1698956780924,55.0,122.0,57.0,,,,,,,,,,,5.73
2022-03-03,3623.0,7.53102,1187.0,2875.0,6.71096,0.0,70.8702928870293,51.0,110.0,56.0,,,,,,,,,,,8.0
2022-03-04,3036.0,5.25515,766.0,2875.0,5.11975,,66.14444444444445,53.0,103.0,57.0,,,,,,,,,,,6.57
2022-03-05,3977.0,2.7359,203.0,2875.0,3.0,0.0,70.3861111111111,55.0,113.0,56.0,,,,,,,,,,,8.68
2022-03-06,4189.0,4.55295,493.0,2875.0,6.0,0.0,70.83240223463687,58.0,108.0,60.0,,,,,,,,,,,7.25
2022-03-07,4341.0,4.27394,616.0,2875.0,6.21358,,68.93888888888888,56.0,105.0,57.0,,,,,,,,,,,5.22
2022-03-08,3477.0,4.34587,262.0,2875.0,4.35925,0.0,67.10445682451254,51.0,114.0,53.0,,,,,,,,,,,8.48
2022-03-09,9682.0,9.98172,1570.0,5750.0,6.6332,0.0,70.56963788300835,51.0,108.0,53.0,,,,,,,,,,,7.25
2022-03-10,12414.0,5.90364,725.0,2875.0,10.0,,72.58379888268156,55.0,112.0,58.0,,,,,,,,,,,7.73
2022-03-11,10864.0,6.27398,434.0,2875.0,27.0,,67.16666666666667,53.0,111.0,58.0,,,,,,,,,,,7.75
2022-03-12,9338.0,5.20212,375.0,2875.0,28.2146,0.0,66.97913769123782,53.0,111.0,58.0,,,,,,,,,,,6.32
2022-03-13,8238.0,3.67692,547.0,2875.0,3.0,,68.97240259740259,52.0,104.0,56.0,,,,,,,,,,,7.65
2022-03-14,9871.0,11.21202,900.0,5750.0,10.0,0.0,70.24166666666666,55.0,114.0,56.0,,,,,,,,,,,6.48
2022-03-15,11346.0,4.83184,917.0,2875.0,3.0,0.0,67.90125173852573,52.0,113.0,55.0,,,,,,,,,,,7.82
2022-03-16,12218.0,5.94147,783.0,2875.0,4.1916,0.0,72.15159944367177,51.0,110.0,53.0,,,,,,,,,,,7.45
2022-03-17,7784.0,4.45958,215.0,2875.0,3.0,,69.23333333333333,55.0,105.0,58.0,,,,,,,,,,,5.63
2022-03-18,4700.0,2.675,117.0,2875.0,3.0,,67.93006993006993,50.0,99.0,52.0,,,,,,,,,,,7.85
2022-03-19,12902.0,5.7174,824.0,2875.0,4.71686,0.0,71.55,52.0,106.0,56.0,,,,,,,,,,,6.82
2022-03-20,6241.0,3.5443,163.0,2875.0,5.30282,,66.50627615062761,51.0,103.0,52.0,,,,,,,,,,,8.42
2022-03-21,8568.0,4.13752,505.0,2875.0,3.09383,0.0,68.71648044692738,52.0,107.0,54.0,,,,,,,,,,,6.85
2022-03-22,11569.0,5.64961,828.0,2875.0,5.0,0.0,68.15244755244755,48.0,114.0,51.0,,,,,,,,,,,8.58
2022-03-23,7099.0,4.03146,339.0,2875.0,5.27001,,69.516713091922,50.0,118.0,53.0,,,,,,,,,,,7.6
2022-03-24,8809.0,3.77945,723.0,2875.0,4.67356,0.0,70.68201438848921,54.0,111.0,56.0,,,,,,,,,,,5.63
2022-03-25,8670.0,4.93555,363.0,2875.0,5.51345,,71.0111111111111,52.0,113.0,54.0,,,,,,,,,,,6.82
2022-03-26,6791.0,2.91485,125.0,2875.0,5.03215,,67.09631147540983,55.0,92.0,57.0,,,,,,,,,,,8.75
2022-03-27,9356.0,4.36696,636.0,2875.0,4.71424,0.0,71.73346693386773,55.0,110.0,58.0,,,,,,,,,,,
2022-03-28,8716.0,4.95606,360.0,2875.0,5.0,,69.72942817294282,55.0,104.0,58.0,,,,,,,,,,,7.45
2022-03-29,15064.0,6.98631,1475.0,2875.0,3.55545,0.0,76.581589958159,56.0,121.0,57.0,,,,,,,,,,,6.88
2022-03-30,9806.0,5.60042,263.0,2875.0,4.55807,,68.83611111111111,54.0,104.0,56.0,,,,,,,,,,,7.85
2022-03-31,11211.0,5.34464,624.0,2875.0,5.0,0.0,68.54685314685315,51.0,128.0,54.0,,,,,,,,,,,6.17
2022-04-01,7902.0,4.50929,258.0,2875.0,3.04265,,71.03927068723702,55.0,111.0,56.0,,,,,,,,,,,7.15
2022-04-02,4363.0,2.47803,114.0,2875.0,4.0,,61.57843137254902,44.0,91.0,48.0,,,,,,,,,,,8.15
2022-04-03,10708.0,5.10165,605.0,2875.0,4.10663,0.0,68.57601115760112,55.0,101.0,57.0,,,,,,,,,,,8.38
2022-04-04,12595.0,5.82695,807.0,2875.0,5.74606,0.0,68.50974930362116,51.0,115.0,54.0,,,,,,,,,,,7.7
2022-04-05,11759.0,4.67033,738.0,2875.0,4.54232,0.0,69.20416666666667,55.0,111.0,58.0,,,,,,,,,,,7.6
2022-04-06,8978.0,5.09897,361.0,2875.0,3.23097,,68.47346368715084,52.0,111.0,54.0,,,,,,,,,,,7.33
2022-04-07,10468.0,5.95646,924.0,2875.0,6.10761,,75.8645251396648,57.0,115.0,56.0,,,,,,,,,,,6.87
2022-04-08,7910.0,4.40552,261.0,2755.0,10.1299,,66.47008547008546,53.0,104.0,57.0,,,,,,,,,,,4.4
2022-04-09,11626.0,6.59337,512.0,2875.0,12.2133,,70.21666666666667,55.0,114.0,56.0,,,,,,,,,,,9.58
2022-04-10,5170.0,2.43329,138.0,3114.0,6.42749,,63.26969696969697,53.0,104.0,,,,,,,,,,,,7.33
2022-04-11,8832.0,3.98853,409.0,2875.0,4.0,0.0,63.64975450081833,52.0,101.0,53.0,,,,,,,,,,,5.77
2022-04-12,12475.0,5.80784,838.0,2875.0,8.64304,0.0,70.61020036429872,51.0,109.0,54.0,,,,,,,,,,,
2022-04-13,7266.0,4.1346,276.0,2875.0,4.10171,,68.93055555555556,54.0,105.0,56.0,,,,,,,,,,,7.08
2022-04-14,7566.0,4.31107,323.0,2875.0,5.4206,,69.975,55.0,114.0,56.0,,,,,,,,,,,7.1
2022-04-15,11270.0,5.11405,831.0,2875.0,6.47867,0.0,70.61944444444444,53.0,114.0,54.0,,,,,,,,,,,6.73
2022-04-16,6697.0,3.83572,192.0,2875.0,7.4101,,67.98333333333333,55.0,106.0,57.0,,,,,,,,,,,9.05
2022-04-17,6059.0,3.44115,149.0,2875.0,10.1148,,65.85555555555555,54.0,100.0,55.0,,,,,,,,,,,8.62
2022-04-18,12505.0,6.23271,747.0,2875.0,3.0,0.0,69.32357043235704,51.0,107.0,53.0,,,,,,,,,,,7.6
2022-04-19,7221.0,4.12839,217.0,2875.0,6.0,,67.16944444444445,50.0,102.0,51.0,,,,,,,,,,,5.12
2022-04-20,8319.0,3.50739,756.0,2875.0,3.0,0.0,66.77083333333333,50.0,114.0,51.0,,,,,,,,,,,7.33
2022-04-21,9689.0,3.51153,711.0,2875.0,3.76115,0.0,70.47226386806597,55.0,108.0,57.0,,,,,,,,,,,5.93
2022-04-22,10137.0,4.52151,729.0,2875.0,5.42159,0.0,67.73277074542898,52.0,107.0,56.0,,,,,,,,,,,6.87
2022-04-23,9527.0,5.42706,366.0,2875.0,2.2208,,72.26388888888889,55.0,108.0,57.0,,,,,,,,,,,8.33
2022-04-24,9057.0,3.64902,811.0,2875.0,7.59678,0.0,70.07377049180327,51.0,114.0,52.0,,,,,,,,,,,9.03
2022-04-25,4756.0,2.7011,195.0,2875.0,3.41962,,67.31388888888888,52.0,105.0,54.0,,,,,,,,,,,8.8
2022-04-26,14516.0,6.96279,1331.0,2875.0,10.5673,0.0,77.69444444444444,52.0,123.0,55.0,,,,,,,,,,,7.48
2022-04-27,11346.0,6.44362,655.0,2875.0,12.2264,,75.65694444444445,57.0,113.0,61.0,,,,,,,,,,,
2022-04-28,10233.0,4.91131,613.0,2875.0,4.05479,0.0,70.40694444444445,55.0,110.0,57.0,,,,,,,,,,,
2022-04-29,7284.0,4.15511,358.0,2875.0,5.79035,,69.90947075208913,55.0,116.0,56.0,,,,,,,,,,,
2022-04-30,9206.0,5.22822,354.0,2875.0,4.30577,,67.07112970711297,45.0,98.0,53.0,,,,,,,,,,,9.0
2022-05-01,12746.0,5.24419,808.0,2875.0,8.0082,0.0,67.71210013908205,49.0,110.0,51.0,,,,,,,,,,,9.37
2022-05-02,6133.0,3.49335,250.0,2875.0,6.21063,,63.88194444444444,50.0,97.0,53.0,,,,,,,,,,,7.45
2022-05-03,13349.0,5.55951,945.0,2875.0,10.3576,0.0,69.67732962447845,51.0,108.0,56.0,,,,,,,,,,,7.38
2022-05-04,5964.0,3.39579,382.0,2875.0,3.12762,,76.43036211699165,56.0,118.0,58.0,,,,,,,,,,,7.05
2022-05-05,9359.0,5.32577,639.0,2875.0,7.77789,,72.98472222222222,51.0,113.0,54.0,,,,,,,,,,,9.25
2022-05-06,10619.0,4.57337,877.0,2875.0,3.62927,0.0,69.42926045016077,53.0,116.0,54.0,,,,,,,,,,,7.73
2022-05-07,7322.0,4.15822,279.0,2875.0,3.0,,70.92215568862275,56.0,106.0,58.0,,,,,,,,,,,
2022-05-08,8474.0,3.83227,571.0,2875.0,7.0,0.0,68.71648044692738,57.0,103.0,59.0,,,,,,300.049,,,,,7.28
2022-05-09,7562.0,4.29927,203.0,2875.0,6.45112,,65.64444444444445,50.0,101.0,55.0,,,,,,,,,,,7.77
2022-05-10,7820.0,2.42154,655.0,2875.0,3.75098,0.0,62.9929873772791,47.0,117.0,50.0,,,,,,,,,,,7.23
2022-05-11,10242.0,4.6022,697.0,2875.0,3.69357,0.0,65.59027777777777,45.0,102.0,52.0,,,,,,,,,,,8.82
2022-05-12,6916.0,3.92769,231.0,2875.0,12.4282,,70.62521008403361,52.0,105.0,53.0,,,,,,,,,,,6.62
2022-05-13,6072.0,3.44861,261.0,2875.0,5.0,,74.74545454545455,57.0,115.0,59.0,,,,,,,,,,,6.28
2022-05-14,7860.0,4.46393,343.0,2875.0,7.62041,,72.58356545961003,56.0,110.0,57.0,,,,,,,,,,,8.33
2022-05-15,6553.0,3.81957,283.0,2875.0,3.47146,,71.70555555555555,59.0,118.0,61.0,,,,,,,,,,,8.3
2022-05-16,13662.0,6.0108,1405.0,2875.0,5.27854,0.0,72.27272727272727,52.0,127.0,55.0,,,,,,,,,,,8.13
2022-05-17,10084.0,4.69889,568.0,2875.0,7.36713,0.0,67.13509749303621,50.0,103.0,54.0,,,,,,,,,,,7.42
2022-05-18,10590.0,6.02233,651.0,2873.0,12.0256,,74.43431221020093,51.0,115.0,51.0,,,,,,,,,,,7.12
2022-05-19,9065.0,5.14806,273.0,2875.0,10.3238,,70.05,54.0,105.0,59.0,,,,,,,,,,,7.73
2022-05-20,11700.0,6.64494,452.0,2875.0,9.2851,,65.8375,51.0,98.0,55.0,,,,,,,,,,,5.02
2022-05-21,11298.0,6.25037,474.0,2875.0,2.0,,67.55369595536959,51.0,101.0,54.0,,,,,,,,,,,9.4
2022-05-22,10698.0,5.69611,633.0,2875.0,22.0666,0.0,69.73611111111111,50.0,113.0,53.0,,,,,,,,,,,7.58
2022-05-23,9218.0,5.23505,387.0,2875.0,4.73261,,70.90138888888889,50.0,104.0,60.0,,,,,,,,,,,7.07
2022-05-24,8858.0,3.98999,766.0,2875.0,7.76969,0.0,73.16388888888889,57.0,116.0,59.0,,,,,,,,,,,8.33
2022-05-25,6300.0,3.57786,374.0,2875.0,5.35761,,72.325,53.0,111.0,58.0,,,,,,,,,,,7.58
2022-05-26,7751.0,4.4136,238.0,2875.0,5.77756,,72.17573221757323,58.0,108.0,59.0,,,,,,,,,,,7.95
2022-05-27,5851.0,3.32309,202.0,2875.0,3.25295,,66.59610027855153,50.0,103.0,52.0,,,,,,,,,,,6.25
2022-05-28,9203.0,5.27358,359.0,2875.0,6.0,,74.10181311018131,58.0,109.0,60.0,,,,,,,,,,,7.38
2022-05-29,9029.0,3.12616,665.0,2875.0,3.68045,0.0,67.69166666666666,53.0,105.0,55.0,,,,,,,,,,,8.07
2022-05-30,8860.0,5.03683,254.0,2875.0,6.04495,,72.85833333333333,57.0,105.0,59.0,,,,,,,,,,,6.85
2022-05-31,6445.0,3.6605,234.0,2875.0,6.0,,71.9789156626506,55.0,101.0,59.0,,,,,,,,,,,8.23
2022-06-01,6182.0,3.51075,146.0,2875.0,7.34744,,68.0460251046025,54.0,99.0,56.0,,,,,,,,,,,7.18
2022-06-02,10899.0,6.19756,322.0,2875.0,4.03281,,73.18041958041958,55.0,109.0,61.0,,,,,,,,,,,7.15
2022-06-03,11675.0,4.62009,648.0,2875.0,3.05938,0.0,70.68296089385476,55.0,108.0,58.0,,,,,,,,,,,6.97
2022-06-04,4743.0,3.34422,186.0,2875.0,4.76017,,66.34027777777777,51.0,101.0,55.0,,,,,,,,,,,8.8
2022-06-05,5452.0,4.02959,236.0,2875.0,6.51017,,68.11944444444444,51.0,113.0,52.0,,,,,,,,,,,7.97
2022-06-06,8401.0,4.1046,818.0,2875.0,7.4836,0.0,76.42717086834733,61.0,131.0,64.0,,,,,,,,,,,7.18
2022-06-07,10973.0,6.32742,1371.0,2875.0,8.29659,,82.19359331476323,54.0,143.0,57.0,,,,,,,,,,,7.33
2022-06-08,5612.0,3.19136,156.0,2875.0,2.1916,,69.97862595419848,52.0,98.0,59.0,,,,,,,,,,,7.67
2022-06-09,5859.0,3.32744,300.0,2875.0,6.0,,72.1281690140845,57.0,109.0,59.0,,,,,,,,,,,7.35
2022-06-10,8459.0,4.8293,337.0,2875.0,7.0,,72.87465181058496,58.0,106.0,61.0,,,,,,,,,,,
2022-06-11,9266.0,5.28414,366.0,2875.0,9.74245,,73.43611111111112,49.0,109.0,54.0,,,,,,,,,,,
2022-06-12,10922.0,4.6059,735.0,2875.0,10.0,0.0,73.26536312849161,54.0,107.0,55.0,,,,,,,,,,,
2022-06-13,5842.0,3.3175,152.0,2875.0,5.48556,,67.15694444444445,48.0,99.0,53.0,,,,,,,,,,,
2022-06-14,11872.0,4.61871,1233.0,2875.0,8.12861,0.0,72.40389972144847,50.0,115.0,57.0,,,,,,,,,,,
2022-06-15,8240.0,3.0126058699999994,72.0,912.0,3.0,,67.06113537117903,57.0,101.0,59.0,,,,,,,,,,,
2022-06-16,1430.0,0.5492236,,,,,,,,,,,,,,,,,,,
2022-06-17,4642.0,1.614626,,,2.0,,,,,,,,,,,,,,,,
2022-06-18,3736.0,1.47010225,559.0,,2.0,0.0,,,,,,,,,,,,,,,
2022-06-19,3066.0,1.1284159900000001,551.0,,3.0,0.0,,,,,,,,,,,,,,,
2022-06-20,10325.0,4.31932,985.0,2875.0,4.11024,0.0,76.2262996941896,61.0,118.0,62.0,,,,,,,,,,,
2022-06-21,5748.0,2.02644683,36.0,2875.0,1.0,,62.946666666666665,55.0,94.0,56.0,,,,,,,,,,,
2022-06-22,12032.0,5.8292,987.0,2875.0,10.0528,0.0,79.67254901960784,55.0,121.0,60.0,,,,,,,,,,,
2022-06-23,6502.0,3.71269,206.0,2875.0,2.72211,,71.45138888888889,58.0,109.0,60.0,,,,,,,,,,,6.52
2022-06-24,4883.0,2.77318,227.0,2875.0,4.0,,68.56066945606695,49.0,107.0,57.0,,,,,,,,,,,7.6
2022-06-25,6207.0,3.53125,208.0,2875.0,8.65453,,69.16666666666667,55.0,109.0,57.0,,,,,,,,,,,6.67
2022-06-26,5952.0,3.39269,173.0,2875.0,6.11877,,67.95833333333333,54.0,107.0,55.0,,,,,,,,,,,8.88
2022-06-27,12552.0,5.41975,1030.0,2875.0,6.00755,0.0,75.63194444444444,57.0,121.0,59.0,,,,,,,,,,,7.57
2022-06-28,11114.0,6.34669,1273.0,2875.0,24.3327,,80.80528511821974,53.0,123.0,55.0,,,,,,,,,,,6.93
2022-06-29,4017.0,2.28354,160.0,2875.0,3.0,,73.65037037037037,51.0,107.0,60.0,,,,,,,,,,,7.52
2022-06-30,10132.0,4.44216,770.0,2875.0,6.50722,0.0,71.7125,51.0,115.0,56.0,,,,,,,,,,,8.07
2022-07-01,4526.0,2.57061,152.0,2875.0,3.0,,67.75630252100841,54.0,100.0,56.0,,,,,,,,,,,7.23
2022-07-02,7575.0,4.30237,275.0,2875.0,2.23917,,66.76527777777778,51.0,99.0,57.0,,,,,,,,,,,7.67
2022-07-03,12368.0,5.32523,936.0,2875.0,8.10531,0.0,74.67083333333333,56.0,127.0,57.0,,,,,,,,,,,9.85
2022-07-04,7606.0,4.31977,258.0,2875.0,7.11024,,74.74861111111112,57.0,110.0,58.0,,,,,,,,,,,6.68
2022-07-05,2739.0,1.55529,90.0,2875.0,3.06037,,66.75079365079365,53.0,105.0,56.0,,,,,,,,,,,7.62
2022-07-06,10126.0,3.79854,1002.0,2875.0,4.0,0.0,74.19925512104282,54.0,123.0,57.0,,,,,,,,,,,
2022-07-07,9318.0,3.29449,721.0,2875.0,4.51148,0.0,70.5125,46.0,109.0,54.0,,,,,,,,,,,7.3
2022-07-08,7836.0,4.54657,237.0,2875.0,9.78084,,68.2375,48.0,104.0,52.0,,,,,,,,,,,7.97
2022-07-09,10984.0,4.22951,720.0,2875.0,4.30479,0.0,75.8465829846583,59.0,105.0,60.0,,,,,,,,,,,6.75
2022-07-10,4490.0,2.55011,193.0,2875.0,4.0,,66.05416666666666,53.0,106.0,56.0,,,,,,,,,,,9.38
2022-07-11,7309.0,4.16878,320.0,2875.0,8.53839,,70.41944444444445,51.0,107.0,52.0,,,,,,,,,,,7.12
2022-07-12,10105.0,4.63773,1291.0,2875.0,8.75787,0.0,76.75694444444444,51.0,141.0,56.0,,,,,,,,,,,7.57
2022-07-13,4219.0,2.39601,127.0,2875.0,5.0,,66.46388888888889,52.0,104.0,57.0,,,,,,,,,,,4.98
2022-07-14,4951.0,2.76448,222.0,2875.0,2.37041,,69.53846153846153,53.0,109.0,58.0,,,,,,,,,,,7.78
2022-07-15,7536.0,4.29181,268.0,2875.0,3.63386,,71.80027932960894,56.0,109.0,57.0,,,,,,,,,,,6.42
2022-07-16,11329.0,5.00981,1044.0,2875.0,16.0174,0.0,77.60555555555555,57.0,117.0,59.0,,,,,,,,,,,8.02
2022-07-17,5309.0,3.01986,183.0,2875.0,8.70407,,69.2125,51.0,110.0,54.0,,,,,,,,,,,7.75
2022-07-18,12175.0,5.66475,974.0,2875.0,15.3711,0.0,74.52958579881657,55.0,127.0,57.0,,,,,,,,,,,8.55
2022-07-19,9124.0,4.08524,690.0,2875.0,10.645,0.0,68.88194444444444,54.0,137.0,55.0,,,,,,,,,,,7.42
2022-07-20,5689.0,3.40201,144.0,2875.0,8.0,,64.55,48.0,97.0,53.0,,,,,,,,,,,8.32
2022-07-21,3567.0,2.54638,141.0,2875.0,6.78806,,68.03055555555555,49.0,107.0,53.0,,,,,,,,,,,6.62
2022-07-22,2123.0,2.24313,715.0,2875.0,5.25164,0.0,71.24703891708968,47.0,123.0,52.0,,,,,,,,,,,7.17
2022-07-23,8347.0,4.36513,223.0,2875.0,13.6316,,65.53203342618384,50.0,99.0,51.0,,,,,,,,,,,9.97
2022-07-24,818.0,4.35496,745.0,2875.0,7.27133,0.0,67.49444444444444,51.0,107.0,52.0,,,,,,,,,,,7.27
2022-07-25,3745.0,4.58999,679.0,2875.0,8.0,0.0,69.30489510489511,54.0,109.0,57.0,,,,,,,,,,,6.23
2022-07-26,3771.0,3.29513,197.0,2875.0,11.0968,,66.45833333333333,48.0,100.0,56.0,,,,,,,,,,,7.33
2022-07-27,3463.0,3.51634,395.0,2875.0,9.28445,,74.73611111111111,55.0,116.0,56.0,,,,,,,,,,,5.92
2022-07-28,4050.0,3.81584,189.0,2875.0,12.0,,70.25138888888888,50.0,100.0,51.0,,,,,,,,,,,6.5
2022-07-29,7092.0,4.88771,263.0,2875.0,8.52854,,69.10694444444445,54.0,102.0,56.0,,,,,,,,,,,7.1
2022-07-30,6250.0,3.80341,245.0,2875.0,16.4528,,66.20694444444445,53.0,100.0,57.0,,,,,,,,,,,9.12
2022-07-31,4248.0,4.51679,662.0,2875.0,5.00886,0.0,70.17361111111111,53.0,112.0,54.0,,,,,,,,,,,6.55
2022-08-01,9913.0,7.25694,1287.0,2875.0,9.0,0.0,77.40529247910864,55.0,121.0,56.0,,,,,,,,,,,7.23
2022-08-02,3274.0,2.41092,206.0,2875.0,10.0404,,69.16388888888889,50.0,108.0,52.0,,,,,,,,,,,7.52
2022-08-03,8109.0,4.84607,373.0,2875.0,14.0,,70.81350482315112,54.0,105.0,56.0,,,,,,,,,,,7.38
2022-08-04,7227.0,5.00266,443.0,2875.0,8.0,,75.15833333333333,59.0,111.0,60.0,,,,,,,,,,,4.07
2022-08-05,7957.0,5.79801,277.0,2875.0,5.41634,,,,,,,,,,,,,,,,6.35
2022-08-06,1672.0,3.60922,1032.0,2875.0,8.0,0.0,,,,,,,,,,,,,,,7.75
2022-08-07,2351.0,3.66128,759.0,2875.0,8.01706,0.0,,,,,,,,,,,,,,,8.35
2022-08-08,4292.0,4.6431,817.0,2875.0,6.78839,0.0,,,,,,,,,,,,,,,6.72
2022-08-09,2221.0,2.19095,177.0,2875.0,6.0,,,,,,,,,,,,,,,,7.47
2022-08-10,3019.0,3.27463,119.0,2875.0,2.01444,,,,,,,,,,,,,,,,6.02
2022-08-11,3560.0,5.63814,1116.0,2875.0,11.5203,0.0,,,,,,,,,,,,,,,6.27
2022-08-12,2088.0,2.77504,146.0,2875.0,3.71161,,,,,,,,,,,,,,,,7.55
2022-08-13,4332.0,3.9562,750.0,2875.0,6.03642,0.0,,,,,,,,,,,,,,,8.05
2022-08-14,3100.0,3.41195,172.0,2875.0,5.37467,,,,,,,,,,,,,,,,7.58
2022-08-15,3553.0,4.92015,995.0,2875.0,14.0,0.0,,,,,,,,,,,,,,,7.23
2022-08-16,3674.0,5.01074,335.0,2258.0,13.5479,,,,,,,,,,,,,,,,5.68
2022-08-17,6929.0,2.49653821,,,2.0,,,,,,,,,,,,,,,,
2022-08-18,3805.0,1.3975749199999998,,,3.0,,,,,,,,,,,,,,,,
2022-08-19,2389.0,0.82457818,,,1.0,,,,,,,,,,,,,,,,
2022-08-20,4316.0,1.49618073,,,4.0,,,,,,,,,,,,,,,,
2022-08-21,3864.0,1.36513936,,,2.0,,,,,,,,,,,,,,,,
2022-08-22,2752.0,1.0403746600000001,,,2.0,,,,,,,,,,,,,,,,
2022-08-23,2854.0,1.05250907,,,3.0,,,,,,,,,,,,,,,,
2022-08-24,3924.0,1.3304121299999998,,,1.0,,,,,,,,,,,,,,,,
2022-08-25,6909.0,2.3757681300000013,,,1.0,,,,,,,,,,,,,,,,
2022-08-26,7257.0,2.5976916000000014,,,2.0,,,,,,,,,,,,,,,,
2022-08-27,2236.0,0.7903905200000001,,,1.0,,,,,,,,,,,,,,,,
2022-08-28,2338.0,0.8852679600000001,,,2.0,,,,,,,,,,,,,,,,
2022-08-29,2357.0,0.8602449600000002,,,4.0,,,,,,,,,,,,,,,,
2022-08-30,4715.0,1.67775137,,,4.0,,,,,,,,,,,,,,,,
2022-08-31,2681.0,0.98149894,,,2.0,,,,,,,,,,,,,,,,
2022-09-01,4058.0,1.4730670660000003,,,2.0,,,,,,,,,,,,,,,,
2022-09-02,1019.0,0.35899105,,,3.0,,,,,,,,,,,,,,,,
2022-09-03,3038.0,1.10203842,,,2.0,,,,,,,,,,,,,,,,
2022-09-04,4232.0,1.4246673900000002,,,2.0,,,,,,,,,,,,,,,,
2022-09-05,2403.0,0.9621561099999998,,,2.0,,,,,,,,,,,,,,,,
2022-09-06,3489.0,1.2351419,,,1.0,,,,,,,,,,,,,,,,
2022-09-07,7309.0,3.0663,541.0,2875.0,7.76148,0.0,66.69166666666666,52.0,112.0,55.0,,,,,,,,,,,6.37
2022-09-08,3521.0,2.01635,85.0,2875.0,8.27198,,60.977777777777774,49.0,96.0,51.0,,,,,,,,,,,7.43
2022-09-09,6496.0,3.69716,250.0,2875.0,17.7205,,68.83472222222223,55.0,105.0,56.0,,,,,,,,,,,6.77
2022-09-10,9468.0,7.01901,637.0,2875.0,28.0,0.0,72.4263888888889,54.0,121.0,56.0,,,,,,,,,,,8.55
2022-09-11,5810.0,3.31688,187.0,2875.0,15.0,,66.1740947075209,53.0,104.0,54.0,,,,,,,,,,,7.78
2022-09-12,5420.0,3.08324,114.0,2875.0,12.0,,63.34027777777778,48.0,100.0,50.0,,,,,,,,,,,9.57
2022-09-13,4145.0,2.35375,82.0,2875.0,6.17257,,64.96629213483146,53.0,99.0,54.0,,,,,,,,,,,7.5
2022-09-14,7768.0,3.45983,559.0,2875.0,13.1106,0.0,68.04050279329608,55.0,110.0,56.0,,,,,,,,,,,7.42
2022-09-15,8387.0,4.7684,489.0,2875.0,7.24705,,72.70138888888889,49.0,113.0,58.0,,,,,,,,,,,7.97
2022-09-16,17849.0,10.1911,2861.0,2875.0,8.21752,,89.75313807531381,60.0,132.0,59.0,,,,,,,,,,,6.7
2022-09-17,6632.0,3.76675,298.0,2875.0,2.63747,,70.40168539325843,55.0,111.0,57.0,,,,,,,,,,,
2022-09-18,6345.0,2.40974,397.0,2234.0,4.52067,0.0,71.23732718894009,57.0,110.0,59.0,,,,,,,,,,,
2022-09-19,1988.0,0.72964458,,,5.0,,,,,,,,,,,,,,,,
2022-09-20,1573.0,0.60899938,,,1.0,,,,,,,,,,,,,,,,
2022-09-21,2191.0,0.85317371,,,3.0,,,,,,,,,,,,,,,,
2022-09-22,4851.0,1.8215562699999999,,,5.0,0.0,,,,,,,,,,,,,,,
2022-09-23,2704.0,3.58754,855.0,2875.0,6.7126,,71.34583333333333,56.0,122.0,57.0,,,,,,,,,,,6.9
2022-09-24,4835.0,2.92977,177.0,2875.0,13.7716,,69.45694444444445,54.0,105.0,56.0,,,,,,,,,,,8.47
2022-09-25,3399.0,4.45647,384.0,2875.0,16.0,0.0,72.69305555555556,59.0,112.0,60.0,,,,,,,,,,,9.05
2022-09-26,3760.0,4.6975,857.0,2875.0,17.0,,71.97361111111111,53.0,116.0,55.0,,,,,,,,,,,7.2
2022-09-27,4282.0,3.61203,142.0,2875.0,8.11975,,68.6659528907923,51.0,100.0,54.0,,,,,,,,,,,7.47
2022-09-28,4225.0,5.19093,551.0,2875.0,22.7096,0.0,,,,,,,,,,,,,,,6.67
2022-09-29,9877.0,8.87912,1446.0,5750.0,39.0584,0.0,71.5513888888889,51.0,119.0,55.0,,,,,,,,,,,7.53
2022-09-30,4601.0,2.62529,195.0,2875.0,12.543,,72.74295774647888,57.0,101.0,60.0,,,,,,,,,,,6.75
2022-10-01,10259.0,4.38302,712.0,2875.0,6.229,0.0,72.62638888888888,51.0,103.0,53.0,,,,,,,,,,,8.97
2022-10-02,8787.0,4.02009,481.0,2875.0,4.56594,0.0,67.14861111111111,52.0,111.0,53.0,,,,,,,,,,,8.82
2022-10-03,13273.0,6.73601,1052.0,2875.0,3.06266,0.0,70.31666666666666,52.0,112.0,54.0,,,,,,,,,,,8.15
2022-10-04,3756.0,2.13752,139.0,2875.0,4.75492,,67.78333333333333,54.0,103.0,56.0,,,,,,,,,,,6.4
2022-10-05,4240.0,2.40781,124.0,2875.0,7.28379,,68.40277777777777,55.0,104.0,56.0,,,,,,,,,,,9.48
2022-10-06,11897.0,5.14733,1025.0,2875.0,8.34449,0.0,74.85774058577405,53.0,118.0,58.0,,,,,,,,,,,7.98
2022-10-07,4155.0,2.35997,101.0,2875.0,4.75886,,66.84401114206128,53.0,100.0,57.0,,,,,,,,,,,7.3
2022-10-08,7550.0,4.30175,417.0,2875.0,11.7539,,71.47083333333333,56.0,106.0,57.0,,,,,,,,,,,9.13
2022-10-09,3573.0,2.0294,136.0,2875.0,3.4439,,69.07638888888889,56.0,103.0,58.0,,,,,,,,,,,8.7
2022-10-10,9199.0,4.42817,732.0,2875.0,8.76608,0.0,73.07112970711297,53.0,116.0,56.0,,,,,,,,,,,8.22
2022-10-11,9250.0,3.95513,825.0,2875.0,2.0,0.0,70.00139082058415,50.0,122.0,55.0,,,,,,,,,,,8.48
2022-10-12,8553.0,4.87528,356.0,2875.0,3.51083,,64.291280148423,51.0,94.0,52.0,,,,,,,,,,,6.43
2022-10-13,3525.0,2.00641,107.0,2875.0,4.0,,67.18264014466546,53.0,94.0,56.0,,,,,,,,,,,
2022-10-14,5492.0,3.11928,176.0,2875.0,3.05938,,65.37260677466863,51.0,99.0,54.0,,,,,,,,,,,7.3
2022-10-15,10136.0,3.75549,829.0,2875.0,7.48852,0.0,68.29861111111111,51.0,118.0,53.0,,,,,,,,,,,8.28
2022-10-16,5775.0,3.2796,140.0,2875.0,7.33333,,62.06944444444444,49.0,107.0,52.0,,,,,,,,,,,9.55
2022-10-17,9372.0,4.50547,689.0,2875.0,2.34744,0.0,70.54305555555555,52.0,117.0,55.0,,,,,,,,,,,8.62
2022-10-18,11962.0,5.62148,818.0,2875.0,10.4239,0.0,73.70833333333333,56.0,116.0,58.0,,,,,,,,,,,6.8
2022-10-19,7163.0,3.77843,534.0,2875.0,5.39337,0.0,71.34861111111111,57.0,119.0,58.0,,,,,,,,,,,7.45
2022-10-20,3880.0,2.20338,88.0,2875.0,3.41798,,65.53333333333333,51.0,94.0,56.0,,,,,,,,,,,6.7
2022-10-21,6923.0,3.93639,202.0,2875.0,12.2762,,68.62146892655367,49.0,114.0,57.0,,,,,,,,,,,7.95
2022-10-22,7191.0,3.40574,192.0,2875.0,7.0,,71.75277777777778,53.0,110.0,54.0,,,,,,,,,,,5.75
2022-10-23,6109.0,3.57661,439.0,2755.0,4.53543,,75.39166666666667,50.0,112.0,59.0,,,,,,,,,,,7.32
2022-10-24,8028.0,3.99604,300.0,2875.0,7.65354,,72.60833333333333,56.0,112.0,51.0,,,,,,,,,,,6.28
2022-10-25,8502.0,4.82868,597.0,2875.0,4.23491,,71.90833333333333,50.0,123.0,60.0,,,,,,,,,,,9.0
2022-10-26,10417.0,5.93037,486.0,2875.0,14.0259,,74.97916666666667,58.0,118.0,56.0,,,,,,,,,,,5.92
2022-10-27,6591.0,3.77297,309.0,2875.0,9.04757,,69.98536585365854,53.0,107.0,62.0,,,,,,,,,,,7.07
2022-10-28,3579.0,2.0673,,2875.0,5.49049,,74.58515283842794,60.0,130.0,,,,,,,,,,,,6.38
2022-10-29,9365.0,5.70481,665.0,2875.0,12.4554,,76.72777777777777,57.0,120.0,62.0,,,,,,,,,,,3.48
2022-10-30,4897.0,2.85396,115.0,2875.0,6.45932,,65.34887005649718,49.0,103.0,51.0,,,,,,,,,,,9.58
2022-10-31,3403.0,1.93246,132.0,2875.0,3.08957,,69.8861111111111,55.0,104.0,56.0,,,,,,,,,,,8.52
2022-11-01,4829.0,2.74273,237.0,2875.0,3.46555,,68.55833333333334,55.0,109.0,57.0,,,,,,,,,,,7.58
2022-11-02,7238.0,3.23631,594.0,2875.0,11.2451,0.0,70.85555555555555,56.0,117.0,58.0,,,,,,,,,,,8.18
2022-11-03,9575.0,4.22336,857.0,2875.0,5.0,0.0,71.96944444444445,53.0,128.0,59.0,,,,,,,,,,,8.38
2022-11-04,2880.0,1.63856,124.0,2875.0,9.0,,67.76541353383459,52.0,108.0,56.0,,,,,,,,,,,7.83
2022-11-05,7632.0,2.59654,835.0,2875.0,7.46949,0.0,76.00277777777778,57.0,114.0,63.0,,,,,,,,,,,8.5
2022-11-06,10640.0,0.7013232500000002,,,2.0,0.0,75.51457725947522,58.0,111.0,60.0,,,,,,,,,,,10.93
2022-11-07,3923.0,4.01309,928.0,2875.0,7.09613,,72.82913165266106,61.0,109.0,63.0,,,,,,,,,,,8.87
2022-11-08,4456.0,2.2388,167.0,2875.0,13.2159,,73.6875,62.0,115.0,63.0,,,,,,,,,,,7.88
2022-11-09,10874.0,2.55508,244.0,2875.0,6.42454,0.0,78.1644245142003,59.0,129.0,63.0,,,,,,,,,,,8.42
2022-11-10,8543.0,4.97316,1141.0,2875.0,7.07513,0.0,74.2848948374761,54.0,120.0,58.0,,,,,,,,,,,
2022-11-11,4572.0,3.47214,788.0,2875.0,9.0,,66.5513888888889,53.0,99.0,56.0,,,,,,,,,,,8.37
2022-11-12,5637.0,2.59671,125.0,2875.0,8.68373,,69.70694444444445,58.0,103.0,59.0,,,,,,,,,,,9.17
2022-11-13,9770.0,3.2156,221.0,2875.0,2.47014,0.0,71.09583333333333,56.0,113.0,57.0,,,,,,,,,,,
2022-11-14,9808.0,4.3786,652.0,2875.0,3.0,0.0,71.4013986013986,55.0,116.0,56.0,,,,,,,,,,,7.6
2022-11-15,9928.0,4.52076,819.0,2875.0,19.3921,0.0,67.68333333333334,50.0,109.0,52.0,,,,,,,,,,,7.5
2022-11-16,11616.0,4.71009,628.0,2875.0,12.0,0.0,68.45694444444445,45.0,112.0,46.0,,,,,,,,,,,8.7
2022-11-17,6025.0,5.66086,824.0,2875.0,13.6827,,68.45694444444445,54.0,103.0,57.0,,,,,,,,,,,8.23
2022-11-18,4850.0,3.42189,195.0,2875.0,8.12795,,68.43333333333334,57.0,104.0,59.0,,,,,,,,,,,7.4
2022-11-19,10947.0,2.76945,183.0,2875.0,16.0,0.0,72.81527777777778,54.0,123.0,56.0,,,,,,,,,,,9.23
2022-11-20,4655.0,4.68237,847.0,2875.0,18.4839,,68.69305555555556,56.0,104.0,57.0,,,,,,,,,,,9.17
2022-11-21,3285.0,2.34505,166.0,2875.0,8.0,,68.54194630872483,54.0,97.0,57.0,,,,,,,,,,,8.28
2022-11-22,4756.0,1.9045,136.0,2875.0,3.0,,68.88333333333334,56.0,103.0,57.0,,,,,,,,,,,7.18
2022-11-23,5185.0,2.66258,171.0,2875.0,5.01837,,71.37638888888888,53.0,106.0,59.0,,,,,,,,,,,6.83
2022-11-24,9545.0,2.954,233.0,2875.0,7.14698,0.0,78.99722222222222,62.0,111.0,63.0,,,,,,,,,,,7.63
2022-11-25,8989.0,4.50204,764.0,2875.0,8.40781,,76.54583333333333,62.0,121.0,64.0,,,,,,,,,,,8.55
2022-11-26,10386.0,5.10519,557.0,2875.0,5.17421,0.0,75.74305555555556,56.0,112.0,60.0,,,,,,,,,,,8.35
2022-11-27,8272.0,4.29777,853.0,2875.0,8.51903,0.0,73.86386554621849,57.0,124.0,62.0,,,,,,,,,,,7.9
2022-11-28,11531.0,3.60038,910.0,2875.0,4.75262,0.0,71.90277777777777,55.0,118.0,57.0,,,,,,,,,,,7.98
2022-11-29,9507.0,4.991,920.0,2875.0,3.7956,0.0,74.15138888888889,56.0,119.0,60.0,,,,,,,,,,,8.25
2022-11-30,9696.0,4.25648,874.0,2875.0,13.0,,70.76462395543176,55.0,119.0,58.0,,,,,,,,,,,8.02
2022-12-01,3504.0,5.51529,630.0,2875.0,13.2428,,67.27361111111111,57.0,104.0,58.0,,,,,,,,,,,8.53
2022-12-02,3931.0,1.99025,138.995,2875.0,3.0,,63.23456790123457,56.0,98.0,58.0,,,,,,,,,,,8.17
2022-12-03,5726.0,1.5400182900000001,166.36200000000002,2875.0,5.0,,72.22105263157894,54.0,124.0,56.0,,,,,,,,,,,3.83
2022-12-04,3637.0,3.25226,284.0,2875.0,21.0,,67.23472222222222,55.0,102.0,58.0,,,,,,,,,,,9.55
2022-12-05,3591.0,2.0847,122.0,2875.0,15.0,,64.82638888888889,56.0,95.0,55.0,,,,,,,,,,,7.57
2022-12-06,4287.0,2.05425,136.0,2875.0,11.0,,61.418055555555554,50.0,95.0,51.0,,,,,,,,,,,8.12
2022-12-07,11438.0,2.43453,144.62300000000002,2875.0,9.31923,0.0,69.00972222222222,49.0,115.0,50.0,,,,,,,,,,,7.52
2022-12-08,4712.0,5.06576,849.0,2875.0,6.0,,62.515277777777776,50.0,99.0,53.0,,,,,,,,,,,7.43
2022-12-09,7997.0,2.67625,170.082,2875.0,6.0,0.0,66.76347305389221,49.0,113.0,50.0,,,,,,314.0,,,,,8.13
2022-12-10,2718.0,4.09292,469.0,2875.0,6.51378,,62.891666666666666,49.0,101.0,51.0,,,,,,312.0,,,,,8.6
2022-12-11,6242.0,1.54349,103.024,2875.0,2.11155,0.0,68.3013888888889,57.0,106.0,59.0,,,,,,,,,,,8.72
2022-12-12,11739.0,3.15646,384.0,2875.0,11.0,0.0,67.99861111111112,53.0,115.0,55.0,,,,,,,,,,,7.53
2022-12-13,3205.0,4.78478,882.0,2941.0,19.7763,,63.84444444444444,52.0,102.0,53.0,,,,,,,,,,,8.5
2022-12-14,11221.0,1.82,94.87299999999999,2941.0,4.27362,0.0,65.07938718662953,46.0,108.0,50.0,,,,,,,,,,,8.18
2022-12-15,6471.0,4.96529,859.0,2941.0,6.0,,72.7760497667185,56.0,123.0,57.0,,,,,,,,,,,7.07
2022-12-16,4205.0,3.70089,540.0,2941.0,17.5404,,63.215384615384615,49.0,99.0,54.0,,,,,,,,,,,7.6
2022-12-17,9293.0,2.38793,115.88799999999998,2941.0,4.33005,0.0,68.5310650887574,51.0,102.0,52.0,,,,,,,,,,,9.4
2022-12-18,4235.0,3.82048,648.0,2941.0,4.32808,,66.04305555555555,52.0,104.0,55.0,,,,,,,,,,,8.27
2022-12-19,7491.0,2.40533,192.72000000000006,2941.0,6.16043,,69.175,52.0,114.0,53.0,,,,,,,,,,,5.38
2022-12-20,12572.0,4.25453,314.0,2941.0,5.71391,0.0,68.11805555555556,51.0,111.0,52.0,,,,,,,,,,,9.62
2022-12-21,6010.0,5.65909,796.0,2941.0,12.0,,66.74722222222222,54.0,106.0,57.0,,,,,,,,,,,5.93
2022-12-22,13099.0,3.44178,182.0,2941.0,5.40157,,85.90138888888889,58.0,134.0,58.0,,,,,,,,,,,6.95
2022-12-23,7934.0,7.44403,1946.0,2941.0,3.07152,,81.14478114478115,57.0,117.0,58.0,,,,,,,,,,,6.62
2022-12-24,6176.0,4.59131,780.0,2941.0,3.73688,,69.75100401606426,50.0,101.0,52.0,,,,,,,,,,,
2022-12-25,3126.0,3.50764,183.0,2941.0,11.0,,69.86134453781513,57.0,105.0,58.0,,,,,,,,,,,11.17
2022-12-26,10926.0,1.79328,106.0,2941.0,5.36089,0.0,72.65277777777777,57.0,105.0,58.0,,,,,,,,,,,7.33
2022-12-27,4058.0,4.16538,787.0,2941.0,7.0128,,62.98463687150838,51.0,105.0,52.0,,,,,,,,,,,8.27
2022-12-28,11531.0,2.30467,177.082,2941.0,8.28478,0.0,69.24016853932584,54.0,124.0,56.0,,,,,,,,,,,7.2
2022-12-29,3058.0,4.30713,947.0,2941.0,5.07119,,64.88597842835131,49.0,112.0,55.0,,,,,,,,,,,9.05
2022-12-30,5657.0,1.73673,173.0,2941.0,3.54003,,66.18207282913166,52.0,99.0,53.0,,,,,,,,,,,7.13
2022-12-31,4012.0,3.21249,252.0,2941.0,5.59449,,67.7391910739191,52.0,103.0,56.0,,,,,,,,,,,10.07
2023-01-01,6281.0,2.48548,206.0,2941.0,7.56627,,74.4,56.0,113.0,55.0,,,,,,,,,,,5.75
2023-01-02,7776.0,3.38399,367.0,2935.0,9.67159,0.0,64.7875,50.0,113.0,51.0,,,,,,,,,,,9.75
2023-01-03,11615.0,3.54108,596.0,2935.0,3.0,0.0,66.81372549019608,49.0,117.0,50.0,,,,,,,,,,,8.3
2023-01-04,5375.0,5.42364,806.0,2935.0,6.54528,,61.03506311360449,47.0,96.0,52.0,,,,,,,,,,,7.15
2023-01-05,4798.0,3.0528,176.76199999999997,2935.0,4.77887,,63.022346368715084,52.0,101.0,54.0,,,,,,,,,,,7.53
2023-01-06,5020.0,2.72471,200.24099999999993,2935.0,5.0,,65.95652173913044,54.0,100.0,57.0,,,,,,,,,,,6.53
2023-01-07,9338.0,2.85085,239.52699999999996,2935.0,5.16831,0.0,72.64583333333333,56.0,129.0,57.0,,,,,,,,,,,8.82
2023-01-08,6749.0,4.32385,888.0,2935.0,10.4016,,68.18055555555556,53.0,107.0,54.0,,,,,,,,,,,9.63
2023-01-09,5614.0,3.84629,177.0,2935.0,11.0,,70.06460674157303,58.0,122.0,60.0,,,,,,,,,,,7.88
2023-01-10,6007.0,3.19323,170.0,2935.0,3.15846,,75.14201183431953,54.0,106.0,55.0,,,,,,,,,,,6.07
2023-01-11,6565.0,3.50143,460.0,2935.0,3.0,,70.98326359832636,54.0,107.0,52.0,,,,,,,,,,,7.3
2023-01-12,7030.0,3.80031,337.0,2935.0,5.58793,,68.66388888888889,51.0,107.0,52.0,,,,,,,,,,,6.4
2023-01-13,6203.0,4.01592,386.0,2935.0,2.67651,,64.05166666666666,50.0,98.0,52.0,,,,,,,,,,,6.57
2023-01-14,4534.0,3.57164,167.0,2935.0,13.0,,69.80859375,56.0,115.0,58.0,,,,,,,,,,,
2023-01-15,4548.0,2.59236,147.0,2935.0,21.1585,,68.83798882681565,54.0,101.0,56.0,,,,,,,,,,,8.88
2023-01-16,5857.0,2.56564,135.21499999999997,2935.0,3.55348,,65.92577030812325,52.0,99.0,57.0,,,,,,,,,,,7.87
2023-01-17,13990.0,3.33863,245.52399999999992,2935.0,2.38255,0.0,72.51117318435755,56.0,117.0,57.0,,,,,,,,,,,7.28
2023-01-18,12462.0,6.35508,901.0,2935.0,9.0,0.0,68.96111111111111,51.0,116.0,54.0,,,,,,,,,,,7.58
2023-01-19,14387.0,6.10127,690.0,2935.0,14.0,0.0,70.38461538461539,54.0,113.0,55.0,,,,,,,,,,,7.78
2023-01-20,3573.0,6.82181,864.0,2935.0,6.71063,,66.92887029288703,53.0,104.0,54.0,,,,,,,,,,,7.7
2023-01-21,13429.0,2.01014,171.512,2932.0,3.0,0.0,73.96111111111111,56.0,122.0,58.0,,,,,,,,,,,7.9
2023-01-22,8253.0,5.69717,1135.0,2935.0,6.74016,0.0,66.8061797752809,52.0,112.0,55.0,,,,,,,,,,,9.12
2023-01-23,7843.0,7.07845,1214.0,5870.0,7.11515,0.0,68.55954323001632,56.0,113.0,59.0,,,,,,303.0,,,,,7.27
2023-01-24,3288.0,3.34869,583.0,2935.0,4.03707,,66.19112627986348,54.0,106.0,57.0,,,,,,,,,,,
2023-01-25,9010.0,2.0357435400000004,232.15599999999998,2885.0,12.3307,0.0,68.16666666666667,54.0,112.0,56.0,,,,,,,,,,,8.67
2023-01-26,6793.0,4.72109,515.0,2885.0,7.0,,77.6100981767181,56.0,129.0,58.0,,,,,,,,,,,7.18
2023-01-27,12817.0,5.475040080000001,765.0,2885.0,15.1115,,78.50694444444444,62.0,110.0,61.0,,,,,,,,,,,5.48
2023-01-28,9049.0,6.67539,580.0,2764.0,6.3294,,71.45972222222223,58.0,102.0,62.0,,,,,,,,,,,7.9
2023-01-29,5365.0,5.00577,328.0,2885.0,10.2326,,68.69595536959554,56.0,103.0,59.0,,,,,,,,,,,7.32
2023-01-30,13975.0,3.32943886,387.95400000000006,2885.0,5.36089,0.0,73.01166180758017,54.0,113.0,55.0,,,,,,,,,,,7.3
2023-01-31,9762.0,6.77493,912.0,2885.0,8.36319,,69.40642458100558,53.0,110.0,54.0,,,,,,,,,,,8.5
2023-02-01,3232.0,5.55257,464.0,2885.0,6.0,,65.0013986013986,52.0,102.0,55.0,,,,,,,,,,,7.88
2023-02-02,4904.0,1.83553,109.38500000000002,2885.0,4.32185,,64.82402234636872,54.0,101.0,55.0,,,,,,,,,,,10.05
2023-02-03,8263.0,3.10216566,358.06300000000005,2885.0,6.0,,70.74861111111112,54.0,121.0,58.0,,,,,,,,,,,7.52
2023-02-04,7938.0,4.6926,380.0,2885.0,9.34482,,76.6555090655509,59.0,114.0,60.0,,,,,,,,,,,7.2
2023-02-05,3733.0,4.53104,564.0,2885.0,4.0,,67.05564142194746,49.0,109.0,53.0,,,,,,,,,,,9.12
2023-02-06,7996.0,2.12509,159.161,2885.0,5.0,0.0,69.98461538461538,47.0,113.0,54.0,,,,,,,,,,,8.25
2023-02-07,13555.0,3.66026,617.0,2885.0,3.49245,0.0,71.94166666666666,54.0,117.0,55.0,,,,,,,,,,,8.2
2023-02-08,10036.0,6.51631,1012.0,2885.0,4.0,0.0,71.61666666666666,56.0,116.0,57.0,,,,,,,,,,,7.7
2023-02-09,7781.0,4.69848,710.0,2885.0,5.74409,,70.91527777777777,58.0,117.0,60.0,,,,,,,,,,,8.52
2023-02-10,11364.0,4.644804451,606.3979999999999,2885.0,8.68373,,70.66666666666667,56.0,103.0,56.0,,,,,,,,,,,9.53
2023-02-11,4586.0,6.47779,546.0,2885.0,6.31102,,63.4,51.0,111.0,53.0,,,,,,,,,,,10.12
2023-02-12,6690.0,2.60479,192.0,2885.0,8.0,,66.62083333333334,53.0,100.0,55.0,,,,,,,,,,,8.37
2023-02-13,6016.0,3.82454,230.0,2885.0,9.52362,,67.02664796633941,49.0,99.0,58.0,,,,,,,,,,,7.4
2023-02-14,3677.0,3.41692,165.0,2885.0,3.0,,65.6927374301676,55.0,101.0,56.0,,,,,,,,,,,8.75
2023-02-15,6485.0,2.51584047,300.468,2885.0,9.17782,,68.32531824611033,53.0,112.0,55.0,,,,,,,,,,,8.98
2023-02-16,3716.0,3.70337,263.0,2885.0,5.54692,,65.79583333333333,54.0,98.0,59.0,,,,,,,,,,,7.55
2023-02-17,4416.0,2.13255,164.29399999999998,2885.0,5.0,,73.19598765432099,57.0,123.0,59.0,,,,,,,,,,,7.5
2023-02-18,11451.0,2.778231289999999,483.0,2885.0,5.0,0.0,76.01805555555555,62.0,112.0,63.0,,,,,,,,,,,7.5
2023-02-19,10360.0,5.34354,959.0,2885.0,9.0,0.0,75.88055555555556,58.0,117.0,61.0,,,,,,,,,,,10.02
2023-02-20,10080.0,4.59493,837.0,2885.0,10.7162,0.0,73.97916666666667,58.0,127.0,60.0,,,,,,,,,,,9.38
2023-02-21,5705.0,4.16429,1011.0,2885.0,5.0,,67.225,52.0,110.0,57.0,,,,,,,,,,,7.78
2023-02-22,3382.0,3.23983,197.0,2885.0,11.2861,,67.89305555555555,53.0,100.0,60.0,,,,,,,,,,,7.07
2023-02-23,2016.0,1.96043,160.0,2885.0,4.0,,66.6136034732272,55.0,106.0,56.0,,,,,,,,,,,7.95
2023-02-24,3672.0,1.13897,92.0,2885.0,5.0,,67.73809523809524,53.0,115.0,58.0,,,,,,,,,,,7.72
2023-02-25,10647.0,2.6084729500000003,332.8180000000001,2885.0,8.0,0.0,77.93611111111112,59.0,121.0,61.0,,,,,,,,,,,5.3
2023-02-26,4115.0,4.27172,1096.0,2885.0,6.4626,,67.5125,56.0,122.0,59.0,,,,,,,,,,,11.0
2023-02-27,2110.0,2.35438,178.0,2885.0,8.33071,,64.2948402948403,55.0,99.0,56.0,,,,,,,,,,,7.88
2023-02-28,3690.0,0.7787774799999999,96.93999999999998,2885.0,3.0,,65.53611111111111,54.0,101.0,55.0,,,,,,,,,,,7.23
2023-03-01,8266.0,2.09589,105.62,2885.0,10.0,0.0,73.52027972027972,59.0,121.0,60.0,,,,,,,,,,,7.05
2023-03-02,11123.0,2.65618,789.0,2885.0,7.0,0.0,75.18715083798882,54.0,115.0,60.0,,,,,,,,,,,6.2
2023-03-03,6446.0,5.24409,775.0,2885.0,4.0,,72.67222222222222,62.0,109.0,64.0,,,,,,,,,,,8.45
2023-03-04,7589.0,3.67603,261.0,2885.0,7.59383,0.0,73.96527777777777,58.0,120.0,59.0,,,,,,,,,,,9.88
2023-03-05,10129.0,3.14979,816.0,2885.0,6.64567,,74.18888888888888,57.0,109.0,59.0,,,,,,,,,,,9.8
2023-03-06,5441.0,5.79242,563.0,2885.0,5.13123,,68.93333333333334,55.0,104.0,57.0,,,,,,,,,,,8.23
2023-03-07,8203.0,3.09319,133.0,2885.0,13.5695,0.0,68.775,56.0,104.0,57.0,,,,,,300.0,,,,,7.88
2023-03-08,11552.0,3.81171,518.0,2885.0,4.11713,0.0,71.41562064156206,57.0,109.0,58.0,,,,,,296.0,,,,,7.15
2023-03-09,7299.0,5.6031,695.0,2869.0,5.46194,,72.5048951048951,59.0,107.0,61.0,,,,,,,,,,,7.37
2023-03-10,10065.0,4.17313,352.0,2869.0,4.0,0.0,76.2063227953411,59.0,114.0,63.0,,,,,,,,,,,9.05
2023-03-11,5371.0,4.17713,919.0,2847.0,5.0,,80.5954356846473,64.0,111.0,63.0,,,,,,,,,,,
2023-03-12,5635.0,6.26342,607.0,5694.0,5.04101,,78.16152716593245,63.0,111.0,65.0,,,,,,,,,,,8.93
2023-03-13,4734.0,2.68867,308.0,2847.0,5.21883,,73.21896792189679,56.0,111.0,58.0,,,,,,,,,,,7.87
2023-03-14,11537.0,6.01674,704.0,2847.0,33.2585,0.0,70.37569832402235,56.0,112.0,57.0,,,,,,,,,,,9.63
2023-03-15,8809.0,6.47531,757.0,2847.0,7.13287,0.0,69.46638655462185,55.0,116.0,56.0,,,,,,,,,,,9.52
2023-03-16,10677.0,4.50929,963.0,2847.0,8.63878,0.0,74.89170182841069,56.0,117.0,58.0,,,,,,,,,,,8.78
2023-03-17,7954.0,4.55776,836.0,2847.0,7.0,0.0,79.88300835654596,62.0,120.0,64.0,,,,,,292.0,,,,,5.98
2023-03-18,14393.0,11.30585,5549.0,4654.0,13.856950000000001,,84.83333333333333,60.0,145.0,62.0,,,,,,292.0,,,,,10.87
2023-03-19,5792.0,3.29762,216.0,2824.0,4.51345,0.0,76.16944444444445,62.0,111.0,64.0,,,,,,,,,,,9.07
2023-03-20,12676.0,10.38122,2242.0,5648.0,14.18372,0.0,74.61764705882354,55.0,125.0,60.0,,,,,,,,,,,7.7
2023-03-21,4029.0,2.28851,198.0,2824.0,2.0,,68.92737430167598,59.0,100.0,60.0,,,,,,,,,,,8.68
2023-03-22,2737.0,1.2734508960000002,144.15200000000002,2824.0,4.0,,68.39837398373983,60.0,103.0,61.0,,,,,,,,,,,10.77
2023-03-23,5162.0,2.61846,260.013,2824.0,4.33661,,73.87173913043478,61.0,109.0,63.0,,,,,,,,,,,
2023-03-24,5259.0,2.99315,196.0,2824.0,3.0,,72.44832402234637,59.0,108.0,62.0,,,,,,,,,,,8.35
2023-03-25,10671.0,6.07639,728.0,2824.0,11.0,,82.87222222222222,63.0,117.0,65.0,,,,,,,,,,,6.12
2023-03-26,4555.0,2.61846,201.0,2824.0,3.32579,,70.51666666666667,58.0,114.0,60.0,,,,,,,,,,,9.92
2023-03-27,9368.0,5.32826,701.0,2824.0,3.50033,,78.74337517433752,61.0,115.0,62.0,,,,,,,,,,,7.42
2023-03-28,3919.0,2.22575,201.0,2824.0,5.11122,,71.42917251051894,62.0,117.0,63.0,,,,,,,,,,,8.65
2023-03-29,6098.0,3.49273,501.0,2824.0,4.38878,,76.35006973500697,63.0,116.0,63.0,,,,,,,,,,,6.27
2023-03-30,12782.0,6.0298,1852.0,2824.0,3.0,0.0,86.52106741573034,63.0,127.0,64.0,,,,,,,,,,,7.83
2023-03-31,5012.0,2.8465,296.0,2824.0,5.0,,79.75453277545327,66.0,108.0,70.0,,,,,,,,,,,8.52
2023-04-01,5839.0,3.31626,236.11999999999995,2824.0,6.41995,,74.74720670391062,58.0,103.0,62.0,,,,,,,,,,,9.45
2023-04-02,9525.0,3.7511,1006.0,2824.0,8.29265,0.0,77.84861111111111,62.0,122.0,65.0,,,,,,,,,,,9.12
2023-04-03,11429.0,4.60187,1136.0,2824.0,2.38386,0.0,82.22657342657342,67.0,115.0,67.0,,,,,,,,,,,7.95
2023-04-04,12041.0,5.21923,1096.0,2824.0,2.0,0.0,81.28725038402457,66.0,123.0,68.0,,,,,,,,,,,7.65
2023-04-05,9696.0,4.60553,974.0,2824.0,5.27329,0.0,82.99449541284403,64.0,115.0,70.0,,,,,,,,,,,8.77
2023-04-06,7105.0,4.03518,349.0,2824.0,4.0,,78.79637377963738,67.0,113.0,68.0,,,,,,,,,,,8.05
2023-04-07,12178.0,6.91773,621.806,2706.0,15.5961,,78.4125,66.0,114.0,63.0,,,,,,,,,,,9.98
2023-04-08,3882.0,2.22016,220.0,2824.0,2.75098,,74.22638888888889,62.0,106.0,65.0,,,,,,,,,,,8.58
2023-04-09,5243.0,2.97761,246.0,2941.0,2.07546,,77.39730134932533,63.0,108.0,,,,,,,,,,,,9.7
2023-04-10,9869.0,4.33138,1065.0,2824.0,4.0,0.0,82.55539971949509,63.0,120.0,65.0,,,,,,,,,,,9.05
2023-04-11,9417.0,3.76609,1000.0,2824.0,3.6647,0.0,79.21448467966574,66.0,127.0,66.0,,,,,,,,,,,7.58
2023-04-12,10358.0,4.6194,968.0,2824.0,3.0,0.0,81.9860529986053,65.0,119.0,71.0,,,,,,,,,,,6.78
2023-04-13,10559.0,5.15275,725.0,2824.0,3.41043,0.0,78.89901823281907,62.0,114.0,68.0,,,,,,,,,,,7.13
2023-04-14,4851.0,2.76386,268.0,2824.0,4.0,,76.92156862745098,62.0,108.0,64.0,,,,,,,,,,,7.48
2023-04-15,13830.0,5.85922,1542.0,2824.0,7.2477,0.0,84.31888111888112,68.0,132.0,70.0,,,,,,,,,,,8.33
2023-04-16,3919.0,2.22575,245.0,2824.0,3.0,,78.67832167832168,62.0,123.0,67.0,,,,,,,,,,,7.5
2023-04-17,2968.0,1.69075,230.0,2824.0,1.0,,78.63179916317992,65.0,113.0,68.0,,,,,,,,,,,6.17
2023-04-18,4476.0,2.57123,229.0,2941.0,2.0,,78.35072463768115,64.0,107.0,68.0,,,,,,,,,,,7.78
2023-04-19,2116.0,1.12841,158.0,2941.0,4.0,,75.92929292929293,67.0,106.0,,,,,,,,,,,,7.52
2023-04-20,11678.0,3.66334,964.0,2824.0,4.38747,0.0,79.39971949509116,62.0,123.0,68.0,,,,,,,,,,,8.03
2023-04-21,11483.0,5.89129,1025.0,2824.0,8.0,0.0,82.46013986013986,57.0,123.0,70.0,,,,,,,,,,,7.67
2023-04-22,10507.0,4.85748,951.0,2824.0,14.2936,0.0,82.55648535564853,66.0,118.0,67.0,,,,,,,,,,,8.92
2023-04-23,6115.0,3.51013,541.0,2824.0,4.0,,84.47412587412587,72.0,114.0,73.0,,,,,,,,,,,8.0
2023-04-24,15029.0,7.59234,2214.0,2824.0,5.25262,0.0,90.65629420084866,70.0,126.0,72.0,,,,,,,,,,,5.85
2023-04-25,8040.0,4.56646,305.0,2824.0,13.3383,,78.43654114365411,65.0,109.0,67.0,,,,,,,,,,,7.83
2023-04-26,8401.0,3.51362,874.0,2824.0,3.44324,0.0,79.9704641350211,63.0,118.0,67.0,,,,,,,,,,,6.2
2023-04-27,4226.0,2.40595,254.0,2824.0,5.16109,,77.75732217573221,62.0,116.0,63.0,,,,,,,,,,,6.63
2023-04-28,6780.0,3.85312,1000.0,2824.0,17.0164,,85.91036414565826,67.0,131.0,69.0,,,,,,,,,,,6.32
2023-04-29,13521.0,7.45086,1065.221,2824.0,22.6047,0.0,82.38687150837988,67.0,116.0,68.0,,,,,,,,,,,8.32
2023-04-30,13476.0,5.89707,1049.0,2824.0,5.7395,0.0,80.94297635605007,63.0,112.0,66.0,,,,,,,,,,,10.38
2023-05-01,10049.0,5.71227,676.0,2824.0,4.17946,,79.46563814866761,64.0,113.0,68.0,,,,,,,,,,,7.43
2023-05-02,5437.0,3.08759,183.0,2824.0,3.02953,,74.84444444444445,60.0,102.0,65.0,,,,,,,,,,,6.23
2023-05-03,4734.0,2.68867,195.0,2824.0,6.0,,74.53221288515407,59.0,109.0,64.0,,,,,,,,,,,7.65
2023-05-04,6621.0,3.76054,275.0,2824.0,2.72638,,77.03225806451613,63.0,109.0,68.0,,,,,,,,,,,6.9
2023-05-05,8262.0,4.0842,718.0,2824.0,2.76476,0.0,82.22408963585434,67.0,117.0,71.0,,,,,,,,,,,5.75
2023-05-06,7663.0,4.35208,612.0,2824.0,2.53281,,81.79748603351955,70.0,116.0,72.0,,,,,,,,,,,6.67
2023-05-07,6323.0,3.59712,542.0,2824.0,2.0,,84.17221135029354,69.0,115.0,72.0,,,,,,,,,,,6.35
2023-05-08,11616.0,6.66856,1819.0,2824.0,7.78675,,89.32993197278911,68.0,134.0,71.0,,,,,,,,,,,
2023-05-09,9136.0,5.21517,926.0,2824.0,5.56955,,84.20338983050847,67.0,117.0,69.0,,,,,,,,,,,6.93
2023-05-10,5360.0,3.05093,225.0,2824.0,4.0,,77.08263305322129,62.0,105.0,63.0,,,,,,,,,,,8.65
2023-05-11,11058.0,5.22529,856.0,2824.0,8.62172,0.0,77.92005610098177,59.0,118.0,62.0,,,,,,,,,,,7.5
2023-05-12,7092.0,4.04388,698.0,2824.0,6.02723,,80.2296918767507,63.0,116.0,67.0,,,,,,,,,,,7.28
2023-05-13,11858.0,5.39442,1397.0,2824.0,15.188,0.0,85.60754189944134,63.0,125.0,69.0,,,,,,,,,,,7.15
2023-05-14,8405.0,3.60683,1179.0,2824.0,3.04003,0.0,83.69887955182072,68.0,142.0,69.0,,,,,,,,,,,6.42
2023-05-15,13796.0,6.72716,1942.0,2824.0,10.5121,0.0,86.94125874125874,66.0,133.0,68.0,,,,,,,,,,,6.92
2023-05-16,6457.0,3.67168,463.0,2824.0,3.0,,78.46944444444445,59.0,109.0,65.0,,,,,,,,,,,8.72
2023-05-17,11209.0,5.55911,1191.0,2824.0,8.0,0.0,83.44241573033707,68.0,119.0,69.0,,,,,,,,,,,6.38
2023-05-18,9260.0,3.66304,717.0,2824.0,3.0,0.0,75.48535564853556,59.0,109.0,64.0,,,,,,,,,,,8.08
2023-05-19,9807.0,5.58986,2286.0,2824.0,3.78609,,91.17134831460675,67.0,144.0,68.0,,,,,,,,,,,4.98
2023-05-20,13307.0,7.6205,1443.0,2824.0,15.6588,,87.06013986013986,71.0,128.0,71.0,,,,,,,,,,,6.08
2023-05-21,12741.0,5.20254,1077.0,2824.0,8.69619,0.0,83.39106145251397,64.0,111.0,66.0,,,,,,,,,,,7.13
2023-05-22,8954.0,5.0853,1250.0,2824.0,12.0,,85.27656477438137,67.0,136.0,68.0,,,,,,,,,,,7.3
2023-05-23,14343.0,7.28911,1903.0,2824.0,6.61877,0.0,90.58333333333333,68.0,123.0,71.0,,,,,,,,,,,7.32
2023-05-24,9472.0,3.36971,640.0,2824.0,3.0,0.0,77.92638036809817,61.0,103.0,67.0,,,,,,,,,,,
2023-05-25,5976.0,3.39393,413.0,2824.0,2.0,,76.1711079943899,61.0,115.0,64.0,,,,,,,,,,,8.62
2023-05-26,4086.0,2.32082,244.0,2824.0,4.2313,,78.49210903873744,64.0,107.0,67.0,,,,,,,,,,,6.72
2023-05-27,12523.0,5.6063,1320.0,2824.0,11.0,0.0,83.9972027972028,71.0,115.0,71.0,,,,,,,,,,,8.6
2023-05-28,10018.0,4.03358,679.0,2824.0,11.0,0.0,79.59305555555555,66.0,113.0,68.0,,,,,,,,,,,6.85
2023-05-29,10142.0,4.6344,864.0,2824.0,6.6916,0.0,80.64895104895105,60.0,113.0,67.0,,,,,,,,,,,8.08
2023-05-30,11802.0,5.57534,1351.0,2824.0,4.44029,0.0,80.30845070422535,57.0,128.0,63.0,,,,,,,,,,,7.5
2023-05-31,12746.0,6.42569,1200.0,2824.0,14.336,0.0,81.37587657784012,65.0,116.0,65.0,,,,,,,,,,,5.9
2023-06-01,8602.0,4.52684,688.0,2824.0,8.0,0.0,75.06862745098039,47.0,126.0,60.0,,,,,,,,,,,8.12
2023-06-02,10052.0,4.75663,948.0,2824.0,7.33858,0.0,81.12867132867133,61.0,117.0,63.0,,,,,,,,,,,7.68
2023-06-03,11032.0,4.6719,1207.0,2824.0,9.30741,0.0,83.89044943820225,61.0,119.0,67.0,,,,,,,,,,,7.58
2023-06-04,6956.0,3.25766,627.0,2824.0,13.0,0.0,76.25246826516221,63.0,115.0,64.0,,,,,,,,,,,7.97
2023-06-05,10051.0,5.02805,1149.0,2824.0,8.0,0.0,82.39466292134831,64.0,120.0,66.0,,,,,,,,,,,6.78
2023-06-06,7041.0,4.02027,565.0,2824.0,6.0,,77.2284122562674,61.0,122.0,62.0,,,,,,,,,,,8.13
2023-06-07,6347.0,3.61141,852.0,2824.0,6.10925,,81.02797202797203,58.0,120.0,62.0,,,,,,,,,,,7.33
2023-06-08,8979.0,4.31232,744.0,2824.0,4.0,0.0,79.2764705882353,57.0,114.0,65.0,,,,,,,,,,,7.7
2023-06-09,6547.0,3.71829,396.0,2824.0,8.32513,,80.03437967115097,66.0,122.0,67.0,,,,,,,,,,,6.68
2023-06-10,9738.0,4.06278,774.0,2824.0,5.3166,0.0,77.58625525946704,55.0,111.0,59.0,,,,,,,,,,,8.17
2023-06-11,7292.0,4.15076,401.0,2824.0,10.0361,,77.1484593837535,58.0,121.0,66.0,,,,,,,,,,,8.5
2023-06-12,9527.0,5.42209,1347.0,2824.0,7.13812,,86.4013986013986,65.0,134.0,66.0,,,,,,,,,,,6.7
2023-06-13,14851.0,6.42426,1420.0,2824.0,7.72999,0.0,83.34361851332399,61.0,118.0,67.0,,,,,,,,,,,6.73
2023-06-14,8379.0,3.9486,650.0,2824.0,4.77329,0.0,78.05790960451978,58.0,113.0,65.0,,,,,,,,,,,7.58
2023-06-15,9438.0,4.47853,1021.0,2824.0,8.20243,0.0,78.85352112676057,61.0,125.0,64.0,,,,,,,,,,,7.08
2023-06-16,9014.0,5.1375,566.0,2824.0,6.70702,,80.39861111111111,65.0,115.0,68.0,,,,,,,,,,,5.87
2023-06-17,15509.0,8.80794,956.7569999999998,2824.0,8.09908,,76.36363636363636,61.0,118.0,64.0,,,,,,,,,,,8.58
2023-06-18,9223.0,4.2013,872.0,2824.0,3.02756,0.0,81.98461538461538,67.0,117.0,69.0,,,,,,,,,,,7.22
2023-06-19,12424.0,5.48079,931.0,2824.0,5.29626,0.0,80.65140845070422,62.0,112.0,69.0,,,,,,,,,,,7.48
2023-06-20,8039.0,4.58572,568.0,2824.0,6.70276,,84.1678445229682,70.0,117.0,71.0,,,,,,,,,,,
2023-06-21,9024.0,5.12507,1058.0,2824.0,13.0,,85.4027972027972,71.0,120.0,72.0,,,,,,,,,,,8.23
2023-06-22,11744.0,5.81021,773.0,2824.0,5.59219,0.0,78.59691011235955,55.0,112.0,66.0,,,,,,,,,,,7.33
2023-06-23,10279.0,4.43966,773.0,2824.0,15.2851,0.0,76.63534361851332,59.0,114.0,64.0,,,,,,,,,,,8.37
2023-06-24,8275.0,4.69943,430.0,2824.0,4.0,,76.42797202797203,61.0,111.0,64.0,,,,,,,,,,,8.65
2023-06-25,9639.0,4.99085,945.0,2824.0,18.0299,0.0,75.26388888888889,58.0,111.0,62.0,,,,,,,,,,,8.23
2023-06-26,11269.0,5.40328,853.0,2824.0,7.31726,0.0,80.51966292134831,62.0,110.0,65.0,,,,,,,,,,,6.8
2023-06-27,5939.0,3.37777,232.0,2824.0,4.02559,,75.7016806722689,62.0,110.0,66.0,,,,,,,,,,,6.78
2023-06-28,11236.0,5.19137,700.0,2824.0,9.0,0.0,76.17721518987342,61.0,109.0,65.0,,,,,,,,,,,6.28
2023-06-29,4910.0,2.80114,249.0,2824.0,4.0082,,75.77653631284916,60.0,110.0,65.0,,,,,,,,,,,6.65
2023-06-30,8450.0,4.80196,2767.0,2824.0,2.0,,95.3211781206171,71.0,143.0,69.0,,,,,,,,,,,5.43
2023-07-01,10995.0,6.25845,1066.0,2824.0,8.60302,,85.59943977591037,69.0,127.0,70.0,,,,,,,,,,,6.3
2023-07-02,10001.0,4.07564,1047.0,2824.0,4.02362,0.0,83.54305555555555,65.0,114.0,68.0,,,,,,,,,,,6.22
2023-07-03,11366.0,6.49146,1856.0,2824.0,5.41634,,92.05890603085554,72.0,133.0,71.0,,,,,,,,,,,6.67
2023-07-04,13389.0,6.08279,1290.0,2824.0,16.6719,0.0,83.61805555555556,67.0,119.0,70.0,,,,,,,,,,,6.4
2023-07-05,5970.0,3.39517,210.0,2824.0,1.0,,74.44055944055944,63.0,104.0,66.0,,,,,,,,,,,6.4
2023-07-06,4488.0,2.1282,217.63800000000003,2824.0,3.0,,74.22833333333334,60.0,103.0,65.0,,,,,,,,,,,5.78
2023-07-07,7907.0,4.49065,274.0,2824.0,10.562,,73.46368715083798,62.0,106.0,63.0,,,,,,,,,,,8.77
2023-07-08,13162.0,7.55152,778.0,2824.0,12.4491,,79.2993006993007,64.0,119.0,66.0,,,,,,,,,,,6.67
2023-07-09,10656.0,5.03635,782.0,2824.0,12.1965,0.0,77.14125874125874,60.0,114.0,63.0,,,,,,,,,,,7.87
2023-07-10,5627.0,3.20255,178.0,2824.0,3.0,,74.27489481065919,60.0,104.0,62.0,,,,,,,,,,,8.6
2023-07-11,9201.0,5.26301,1114.0,2824.0,6.0,,81.92676056338028,64.0,131.0,69.0,,,,,,,,,,,7.15
2023-07-12,8014.0,4.55465,377.0,2824.0,3.0,,77.67601683029453,62.0,110.0,66.0,,,,,,,,,,,7.4
2023-07-13,12453.0,7.15695,1125.0,2824.0,7.28839,,85.63892806770099,65.0,119.0,70.0,,,,,,,,,,,5.4
2023-07-14,15849.0,9.20437,1014.0,2824.0,10.0305,,86.58888888888889,63.0,118.0,69.0,,,,,,,,,,,2.83
2023-07-15,12803.0,7.27129,726.245,2824.0,4.0187,0.0,76.81780250347705,63.0,107.0,66.0,,,,,,,,,,,7.03
2023-07-16,8181.0,3.44958,712.0,2824.0,10.1237,,75.12361111111112,60.0,113.0,63.0,,,,,,,,,,,8.68
2023-07-17,6276.0,7.12838,656.0,5648.0,8.01312,,74.27754532775454,57.0,112.0,61.0,,,,,,,,,,,7.17
2023-07-18,7044.0,4.00287,675.0,2824.0,6.65125,,79.72105997210599,65.0,120.0,66.0,,,,,,,,,,,7.52
2023-07-19,5681.0,3.23175,239.02800000000002,2824.0,4.08694,0.0,76.64747191011236,65.0,103.0,68.0,,,,,,,,,,,6.97
2023-07-20,4767.0,5.22719,1503.0,2824.0,18.7454,0.0,74.18248175182482,62.0,105.0,67.0,,,,,,,,,,,6.02
2023-07-21,2535.0,1.35707,322.0,2372.5080000000003,4.0,,82.32389937106919,70.0,130.0,69.0,,,,,,,,,,,6.37
2023-07-22,8285.0,4.71434,672.0,2824.0,4.73163,,81.5118549511855,65.0,120.0,70.0,,,,,,,,,,,7.27
2023-07-23,4297.0,6.14909,1189.0,2824.0,13.0,,,,,,,,,,,,,,,,7.92
2023-07-24,9544.0,5.42022,1128.0,2824.0,5.7313,,81.27725856697819,67.0,122.0,68.0,,,,,,,,,,,7.7
2023-07-25,5540.0,2.62547941,289.98999999999995,2385.6059999999993,3.0,,,,,,,,,,,,,,,,7.18
2023-07-26,10237.0,4.706273189999998,472.22299999999996,2542.1859999999992,7.0,0.0,,,,,,,,,,,,,,,7.58
2023-07-27,3469.0,1.5672778499999998,147.13299999999998,2376.356,4.0,,,,,,,,,,,,,,,,6.53
2023-07-28,11862.0,5.311494059999999,465.587,2528.9109999999987,2.0,,,,,,,,,,,,,,,,6.75
2023-07-29,7704.0,3.419168950000001,366.26599999999996,2426.303,2.0,,,,,,,,,,,,,,,,8.85
2023-07-30,9907.0,5.63646,904.0,2824.0,13.0,,79.53472222222223,63.0,124.0,65.0,,,,,,,,,,,7.73
2023-07-31,12093.0,6.9227,960.0,2824.0,23.7339,,78.10504201680672,63.0,113.0,64.0,,,,,,,,,,,8.02
2023-08-01,6396.0,3.63254,245.0,2824.0,6.17093,,75.85,62.0,115.0,65.0,,,,,,,,,,,6.9
2023-08-02,4939.0,2.81357,271.0,2824.0,5.0,,76.29915730337079,59.0,109.0,65.0,,,,,,,,,,,8.17
2023-08-03,3082.0,4.68203,344.0,2824.0,5.78707,,,,,,,,,,,,,,,,6.75
2023-08-04,11500.0,6.53123,594.034,2824.0,16.1496,,77.07573632538569,62.0,127.0,67.0,,,,,,,,,,,
2023-08-05,6279.0,3.56605,418.0,2824.0,8.08235,,81.14804469273743,66.0,118.0,67.0,,,,,,,,,,,
2023-08-06,5155.0,2.9279,407.0,2824.0,15.0,,81.3723849372385,58.0,117.0,66.0,,,,,,,,,,,8.28
2023-08-07,8505.0,2.80811,1114.0,2824.0,17.6598,0.0,83.13884992987377,63.0,137.0,70.0,,,,,,,,,,,8.62
2023-08-08,8786.0,5.01571,627.0,2824.0,13.4206,,83.726507713885,69.0,111.0,73.0,,,,,,,,,,,
2023-08-09,4115.0,1.8912606499999998,189.496,2824.0,4.0,,,,,,,,,,,,,,,,8.45
2023-08-10,6246.0,2.7650655390000014,282.0789999999999,2824.0,4.01148,,,,,,,,,,,,,,,,
2023-08-11,8623.0,4.9051,578.0,2824.0,7.0,,78.29237288135593,59.0,115.0,65.0,,,,,,,,,,,
2023-08-12,6561.0,4.88273,362.0,2824.0,8.0,,,,,,,,,,,,,,,,6.3
2023-08-13,8821.0,3.8952,769.0,2824.0,6.76608,0.0,81.09217877094972,63.0,115.0,66.0,,,,,,,,,,,6.75
2023-08-14,5041.0,2.87136,569.0,2824.0,1.71883,,77.87464788732395,59.0,117.0,69.0,,,,,,,,,,,6.35
2023-08-15,8574.0,4.81003,698.0,2824.0,5.0,,83.04583333333333,67.0,120.0,64.0,,,,,,,,,,,8.48
2023-08-16,3246.0,1.8492,273.0,2405.6849999999986,4.0,,78.2447013487476,50.0,111.0,,,,,,,,,,,,7.9
2023-08-17,3015.0,1.37999735,149.14000000000001,2412.277,4.0,,,,,,,,,,,,,,,,
2023-08-18,2883.0,1.3076759200000003,132.963,2467.276999999999,4.0,,,,,,,,,,,,,,,,
2023-08-19,3843.0,1.75938122,177.17299999999997,2432.0549999999994,2.0,,,,,,,,,,,,,,,,
2023-08-20,8836.0,3.285,867.0,2824.0,5.35499,0.0,83.25277777777778,70.0,115.0,73.0,,,,,,,,,,,8.03
2023-08-21,11694.0,5.63138,1140.0,2824.0,11.7451,0.0,82.19020979020979,65.0,121.0,68.0,,,,,,,,,,,6.65
2023-08-22,5321.0,3.02173,256.0,2824.0,3.67684,,77.64615384615385,65.0,129.0,66.0,,,,,,,,,,,7.53
2023-08-23,4108.0,2.33325,197.0,2824.0,4.70669,,75.36005625879044,57.0,115.0,67.0,,,,,,,,,,,7.82
2023-08-24,9421.0,3.77495,830.0,2824.0,3.0,0.0,80.01128349788435,65.0,120.0,66.0,,,,,,,,,,,6.23
2023-08-25,2465.0,1.39995,115.0,2824.0,3.0,,74.7132867132867,46.0,109.0,56.0,,,,,,,,,,,8.05
2023-08-26,5008.0,3.69343,300.079,2824.0,8.0,,,,,,,,,,,,,,,,8.48
2023-08-27,11231.0,4.36811,1042.0,2824.0,3.0,0.0,80.17304964539007,65.0,119.0,67.0,,,,,,,,,,,6.02
2023-08-28,11013.0,5.89246,2034.0,2824.0,4.33333,0.0,89.58461538461539,68.0,130.0,68.0,,,,,,,,,,,6.28
2023-08-29,4343.0,2.46684,174.0,2824.0,5.0,,76.68156424581005,65.0,113.0,67.0,,,,,,,,,,,8.62
2023-08-30,12379.0,7.09047,2417.0,2824.0,8.02723,,93.67226890756302,69.0,134.0,69.0,,,,,,,,,,,5.92
2023-08-31,4081.0,2.32455,239.0,2824.0,7.0,,76.43977591036415,64.0,112.0,67.0,,,,,,,,,,,8.92
2023-09-01,10396.0,4.12062,688.0,2824.0,4.61877,0.0,77.37693389592124,64.0,108.0,66.0,,,,,,,,,,,7.92
2023-09-02,5603.0,3.18204,287.823,2824.0,5.0,,76.23098591549295,56.0,104.0,61.0,,,,,,,,,,,7.17
2023-09-03,12397.0,5.25013,1386.0,2824.0,28.0443,0.0,82.27855153203343,65.0,126.0,68.0,,,,,,,,,,,8.8
2023-09-04,4342.0,2.04064536,307.0,2824.0,5.0,0.0,79.80085653104925,69.0,112.0,70.0,,,,,,,,,,,8.68
2023-09-05,10456.0,6.03103,1934.0,2824.0,12.0,0.0,88.8244382022472,63.0,138.0,75.0,,,,,,,,,,,6.72
2023-09-06,10433.0,4.44043,1161.0,2824.0,10.0,,82.71888111888111,63.0,120.0,72.0,,,,,,,,,,,7.45
2023-09-07,6175.0,3.51572,555.0,2824.0,12.3396,0.0,80.96652719665272,63.0,108.0,71.0,,,,,,,,,,,7.13
2023-09-08,10001.0,3.08264,934.0,2824.0,11.3783,0.0,81.18092566619916,62.0,113.0,66.0,,,,,,,,,,,6.65
2023-09-09,10728.0,4.26668,1261.0,2824.0,18.0112,,82.42361111111111,62.0,124.0,66.0,,,,,,,,,,,8.07
2023-09-10,6571.0,7.52108,1126.0,5648.0,15.03084,0.0,82.93258426966293,64.0,116.0,69.0,,,,,,,,,,,8.27
2023-09-11,8534.0,3.84572,825.0,2824.0,17.5253,0.0,80.4327731092437,53.0,121.0,66.0,,,,,,,,,,,7.53
2023-09-12,8607.0,4.15771,794.0,2824.0,4.02395,0.0,79.88966480446928,62.0,112.0,67.0,,,,,,,,,,,8.17
2023-09-13,9433.0,5.39226,2348.0,2824.0,6.37566,,91.96805555555555,73.0,138.0,72.0,,,,,,,,,,,6.32
2023-09-14,6575.0,3.74252,351.0,2824.0,6.76509,,79.94027777777778,67.0,110.0,69.0,,,,,,,,,,,6.82
2023-09-15,8684.0,4.96786,761.0,2824.0,5.69587,,84.90896358543418,64.0,119.0,71.0,,,,,,,,,,,6.83
2023-09-16,5950.0,3.39952,609.0,2824.0,3.0,,82.41944444444445,66.0,127.0,68.0,,,,,,,,,,,6.15
2023-09-17,13575.0,5.73864,2115.0,2824.0,5.70636,0.0,87.38148667601683,69.0,137.0,70.0,,,,,,,,,,,8.3
2023-09-18,4625.0,2.79555,236.0,2824.0,3.0,,74.73775671406003,60.0,117.0,66.0,,,,,,,,,,,7.28
2023-09-19,6184.0,3.53374,725.0,2824.0,5.54593,,79.72222222222223,65.0,132.0,67.0,,,,,,,,,,,8.02
2023-09-20,12917.0,7.44713,2177.0,2824.0,4.01673,,91.87114845938375,69.0,134.0,73.0,,,,,,,,,,,6.3
2023-09-21,7518.0,4.29057,1646.0,2824.0,0.66404,,87.65972222222223,67.0,129.0,73.0,,,,,,,,,,,7.2
2023-09-22,14164.0,8.11387,1562.0,2824.0,12.7821,,,,,,,,,,,,,,,,6.82
2023-09-23,8990.0,5.48298,515.3190000000001,2824.0,5.0,,,,,,,,,,,,,,,,8.1
2023-09-24,2698.0,2.66941,213.0,2824.0,6.09974,,,,,,,,,,,,,,,,8.15
2023-09-25,9561.0,4.11323,853.0,2824.0,4.0,0.0,,,,,,,,,,,,,,,7.88
2023-09-26,6243.0,4.15138,1294.0,2824.0,4.41634,,,,,,,,,,,,,,,,7.35
2023-09-27,7466.0,5.95025,840.0,2824.0,6.0,,,,,,,,,,,,,,,,7.97
2023-09-28,6947.0,5.21461,1033.0,2824.0,5.20013,0.0,,,,,,,,,,,,,,,6.35
2023-09-29,1719.0,5.17975,1320.0,2824.0,10.4147,,,,,,,,,,,,,,,,
2023-09-30,3148.0,4.2887,856.0,2824.0,5.0,,,,,,,,,,,,,,,,
2023-10-01,12609.0,5.42891,989.0,2824.0,6.0,0.0,81.10893854748603,68.0,108.0,69.0,,,,,,264.954,,,,,8.28
2023-10-02,5783.0,5.75154,1152.0,2824.0,11.3173,0.0,,,,,,,,,,,,,,,8.6
2023-10-03,7407.0,4.64351,1029.0,2824.0,4.0,,,,,,,,,,,,,,,,
2023-10-04,3580.0,3.14476,449.0,2824.0,7.29101,,,,,,,,,,,,,,,,
2023-10-05,4815.0,2.49667,233.0,2824.0,3.0,,76.46984572230014,67.0,110.0,66.0,,,,,,,,,,,7.62
2023-10-06,23482.0,12.3939,1108.5049999999997,2824.0,10.0,,78.53055555555555,62.0,113.0,68.0,,,,,,,,,,,9.28
2023-10-07,11977.0,6.51197,662.0,2480.0,1.0,,81.81426202321725,67.0,112.0,,,,,,,,,,,,8.5
2023-10-08,3583.0,1.5703711200000001,150.01899999999995,2238.0599999999995,2.0,,,,,,,,,,,,,,,,
2023-10-09,2159.0,0.9946044,106.237,2268.48,4.0,,,,,,,,,,,,,,,,
2023-10-10,1899.0,0.8689692900000001,73.857,2208.4440000000004,1.0,,,,,,,,,,,,,,,,
2023-10-11,8674.0,3.8468147,344.84299999999985,2379.8800000000006,4.0,,,,,,,,,,,,,,,,
2023-10-12,3343.0,1.47841108,142.29999999999998,2261.5889999999995,4.0,,,,,,,,,,,,,,,,
2023-10-13,3067.0,1.4403256899999999,145.344,2270.8680000000013,3.0,,,,,,,,,,,,,,,,
2023-10-14,4736.0,2.1150350999999996,208.609,2242.744,4.0,,78.5,78.0,79.0,,,,,,,,,,,,
2023-10-15,1877.0,0.9538237399999999,85.601,2339.7750000000005,2.0,,,,,,,,,,,,,,,,
2023-10-16,3297.0,1.5882064800000002,132.305,2255.8190000000013,2.0,,,,,,,,,,,,,,,,
2023-10-17,3112.0,1.50416014,142.568,2256.8960000000015,5.0,,,,,,,,,,,,,,,,
2023-10-18,3183.0,1.5183083,143.77900000000002,2257.0290000000014,4.0,,,,,,,,,,,,,,,,
2023-10-19,5171.0,2.3538969200000004,226.02,2370.446,4.0,,,,,,,,,,,,,,,,
2023-10-20,4691.0,2.1486832200000006,197.68200000000002,2278.5870000000014,6.0,,,,,,,,,,,,,,,,
2023-10-21,4483.0,2.000715293,212.666,2269.208000000001,5.0,,,,,,,,,,,,,,,,
2023-10-22,3561.0,1.67563978,194.898,2281.2670000000007,,,73.0,73.0,73.0,,,,,,,,,,,,
2023-10-23,6474.0,2.9724038499999996,307.009,2291.425,5.0,,,,,,,,,,,,,,,,
2023-10-24,4351.0,2.0200474,201.99999999999994,2253.216,5.0,,,,,,,,,,,,,,,,
2023-10-25,3616.0,1.6202495399999999,189.73700000000002,2312.744,8.0,,,,,,,,,,,,,,,,
2023-10-26,2792.0,1.3257630799999998,145.756,2317.416,5.0,,,,,,,,,,,,,,,,
2023-10-27,3454.0,1.5981529799999998,156.88899999999998,2275.116,4.0,,,,,,,,,,,,,,,,
2023-10-28,4048.0,2.1385975999999998,217.62200000000004,2274.908000000001,8.0,,,,,,,,,,,,,,,,
2023-10-29,4905.0,2.20618648,226.38400000000004,2255.295000000001,3.0,,,,,,,,,,,,,,,,
2023-10-30,6325.0,2.8065786600000004,252.44399999999996,2229.4310000000005,4.0,,,,,,,,,,,,,,,,
2023-10-31,7828.0,3.51949604,340.151,2316.8080000000014,5.0,,,,,,,,,,,,,,,,
2023-11-01,4375.0,2.03676841,191.61600000000004,2340.795,5.0,,,,,,,,,,,,,,,,
2023-11-02,7474.0,3.16740299,322.4479999999999,2310.1650000000004,3.0,,,,,,,,,,,,,,,,
2023-11-03,5999.0,2.6996902600000006,285.3250000000001,2298.439999999999,4.0,,,,,,,,,,,,,,,,
2023-11-04,5066.0,2.427896353,231.97000000000008,2271.4260000000004,5.0,,,,,,,,,,,,,,,,
2023-11-05,4664.0,2.1091265399999997,218.85500000000002,2331.4230000000002,14.0,,,,,,,,,,,,,,,,
2023-11-06,9157.0,3.93380753,347.7890000000001,2312.979,3.0,,,,,,,,,,,,,,,,
2023-11-07,6361.0,2.8816298,255.58899999999997,2218.695,4.0,,,,,,,,,,,,,,,,
2023-11-08,8474.0,3.7826723800000006,354.07799999999986,2328.6310000000003,5.0,,,,,,,,,,,,,,,,
2023-11-09,7128.0,3.1755420400000003,270.408,2308.7700000000004,3.0,,,,,,,,,,,,,,,,
2023-11-10,5984.0,2.64971251,229.99300000000005,2270.723,3.0,,,,,,,,,,,,,,,,
2023-11-11,5992.0,2.7343436900000007,293.98600000000005,2328.2370000000014,14.0,,,,,,,,,,,,,,,,
2023-11-12,3540.0,1.7060540799999997,176.167,2306.9210000000007,4.0,,,,,,,,,,,,,,,,
2023-11-13,3901.0,1.78921984,155.35600000000002,2264.9030000000002,4.0,,,,,,,,,,,,,,,,
2023-11-14,3700.0,1.7512104699999997,164.18699999999998,2306.7280000000005,2.0,,,,,,,,,,,,,,,,
2023-11-15,4967.0,2.34842996,230.83500000000004,2310.9050000000007,8.0,,,,,,,,,,,,,,,,
2023-11-16,5840.0,2.6862497000000003,242.089,2256.947000000001,5.0,,,,,,,,,,,,,,,,
2023-11-17,7701.0,3.46926435,350.269,2334.6170000000006,4.0,,,,,,,,,,,,,,,,
2023-11-18,6364.0,2.810156389999999,259.687,2254.3079999999995,5.0,,,,,,,,,,,,,,,,
2023-11-19,4695.0,2.1575432400000008,203.54,2301.3370000000014,5.0,,,,,,,,,,,,,,,,
2023-11-20,4365.0,2.0540113680000003,192.67000000000002,2300.7680000000014,4.0,,,,,,,,,,,,,,,,
2023-11-21,5054.0,2.41233784,231.62699999999998,2260.703000000001,2.0,,,,,,,,,,,,,,,,
2023-11-22,4130.0,1.89600851,204.33499999999995,2363.120000000001,6.0,,,,,,,,,,,,,,,,
2023-11-23,4673.0,2.1050260900000004,189.356,2237.262000000001,4.0,,,,,,,,,,,,,,,,
2023-11-24,5504.0,2.6013828299999995,245.478,2347.448,4.0,,,,,,,,,,,,,,,,
2023-11-25,6137.0,3.50143,261.0,2824.0,3.0,,76.64492753623189,62.0,108.0,65.0,,,,,,,,,,,7.33
2023-11-26,9004.0,5.13501,411.0,2824.0,4.33169,,74.19166666666666,58.0,134.0,61.0,,,,,,,,,,,7.13
2023-11-27,13330.0,7.59689,882.9996,2823.995,5.0,,76.82777777777778,60.0,105.0,61.0,,,,,,,,,,,7.77
2023-11-28,5785.0,3.2883,237.0,2824.0,6.56627,,72.96952104499275,55.0,105.0,60.0,,,,,,,,,,,8.5
2023-11-29,12526.0,7.197970000000001,1283.0,2823.998,5.06988,,85.49720670391062,66.0,123.0,68.0,,,,,,,,,,,6.55
2023-11-30,7440.0,4.25639,614.0,2824.0,3.0,,78.58970792767732,65.0,118.0,67.0,,,,,,,,,,,7.53
2023-12-01,4507.0,2.56688,212.0,2824.0,5.42749,,76.19187675070027,62.0,112.0,68.0,,,,,,,,,,,7.38
2023-12-02,6407.0,3.63129,242.0,2658.0,7.0,,76.17086834733894,56.0,105.0,67.0,,,,,,,,,,,6.98
2023-12-03,17351.0,9.88477,1182.0,2657.996,5.78182,,81.475,66.0,115.0,67.0,,,,,,,,,,,9.23
2023-12-04,13288.0,7.56457,805.9999,2658.004,4.0,,79.96643356643357,66.0,109.0,68.0,,,,,,,,,,,7.63
2023-12-05,7920.0,4.50121,393.0,2824.0,4.0,,77.63483146067416,62.0,111.0,64.0,,,,,,,,,,,7.93
2023-12-06,8685.0,4.93245,729.0,2823.9970000000003,4.0,,76.5104895104895,60.0,125.0,64.0,,,,,,,,,,,6.77
2023-12-07,6807.0,3.87673,444.0,2824.0,4.0,,74.34122562674095,63.0,129.0,64.0,,,,,,,,,,,7.45
2023-12-08,12817.0,10.5714,1296.0,2824.001,5.0,,79.34166666666667,61.0,127.0,64.0,,,,,,,,,,,7.95
2023-12-09,10499.0,5.95025,718.0,2824.0,4.0,,77.45416666666667,61.0,111.0,63.0,,,,,,,,,,,7.63
2023-12-10,9650.0,5.410894,648.9999,2823.998,5.74573,,74.09888579387187,59.0,123.0,62.0,,,,,,,,,,,9.37
2023-12-11,14201.0,9.51196,1377.0,2823.996,8.28248,,81.32995658465991,60.0,124.0,60.0,,,,,,,,,,,8.35
2023-12-12,11621.0,6.807122,709.9998,2824.0,2.0,,72.38333333333334,55.0,108.0,57.0,,,,,,,,,,,7.25
2023-12-13,10714.0,6.10497,469.0,2824.0,7.05577,,71.53556485355648,56.0,106.0,59.0,,,,,,,,,,,7.05
2023-12-14,7590.0,4.31045,306.0,2824.0,7.02953,,70.80555555555556,60.0,99.0,62.0,,,,,,,,,,,7.77
2023-12-15,10650.0,8.29841,615.0,2823.995,3.45407,,71.15126050420169,58.0,103.0,62.0,,,,,,,,,,,7.52
2023-12-16,6266.0,3.5585999999999998,365.9996,2824.0,5.0,,71.84615384615384,52.0,131.0,60.0,,,,,,,,,,,6.25
2023-12-17,8723.0,5.261153,583.9997000000001,2823.996,4.59908,,77.15263908701854,64.0,117.0,64.0,,,,,,,,,,,8.32
2023-12-18,4629.0,2.62902,190.0,2824.0,9.0,,71.54305555555555,62.0,100.0,63.0,,,,,,,,,,,7.92
2023-12-19,10348.0,8.66502,727.9997000000001,2823.9970000000003,4.40682,,73.70266479663394,57.0,122.0,60.0,,,,,,,,,,,7.15
2023-12-20,5147.0,2.94778,224.0,2824.0,5.0,,66.77083333333333,52.0,96.0,54.0,,,,,,,,,,,6.43
2023-12-21,8270.0,4.72553,920.0,2824.0,6.0,,78.18601398601399,58.0,133.0,59.0,,,,,,,,,,,10.5
2023-12-22,10888.0,8.49042,711.0001,2823.997,6.0,,72.58028169014085,59.0,106.0,63.0,,,,,,,,,,,6.68
2023-12-23,6542.0,3.71518,387.0,2824.0,8.30774,,70.46175243393603,54.0,110.0,59.0,,,,,,,,,,,8.57
2023-12-24,6214.0,3.53622,361.0,2824.0,6.0,,72.97331460674157,59.0,103.0,61.0,,,,,,,,,,,8.23
2023-12-25,6756.0,3.83697,250.32999999999998,2824.0,5.0,,72.27777777777777,55.0,102.0,57.0,,,,,,,,,,,11.1
2023-12-26,9679.0,6.3758799999999995,654.0,2824.002,8.0,,74.96513249651325,63.0,105.0,63.0,,,,,,,,,,,7.4
2023-12-27,6349.0,3.65925,313.0,2824.0,8.0,,72.17737430167598,56.0,110.0,61.0,,,,,,,,,,,6.07
2023-12-28,10330.0,6.353519,856.9999,2824.005,5.0,,76.89075630252101,63.0,109.0,63.0,,,,,,,,,,,6.47
2023-12-29,8570.0,5.90737,884.0,2824.0,3.26181,,74.07068965517242,55.0,122.0,60.0,,,,,,,,,,,7.93
2023-12-30,8378.0,7.26942,564.0,2823.997,4.0,,71.94117647058823,58.0,120.0,60.0,,,,,,,,,,,6.82
2023-12-31,11444.0,6.9425799999999995,1008.0,2824.0029999999997,9.1355,,79.52222222222223,57.0,110.0,58.0,,,,,,,,,,,10.1
2024-01-01,18114.0,10.330298800000001,1271.00001,2817.9948,30.4242,,71.33240223463687,54.0,123.0,55.0,,,,,,,,,,,7.67
2024-01-02,5236.0,2.97388,200.0,2818.0,3.12992,,65.05329593267882,53.0,98.0,52.0,,,,,,,,,,,8.3
2024-01-03,10553.0,8.01258,690.9999,2250.2540000000004,4.0,,66.33612273361227,50.0,109.0,51.0,,,,,,146.607,,,,,7.28
2024-01-04,4370.0,2.48424,48.18500000000001,1842.0,2.08432,,63.44615384615385,52.0,96.0,54.0,,,,,,291.998,,,,,7.5
2024-01-05,6966.0,3.95627,129.312,1842.0,4.0,,64.66573426573427,53.0,103.0,55.0,,,,,,,,,,,7.02
2024-01-06,9251.0,5.25369,130.21399999999997,1842.0,5.0,,67.74861111111112,51.0,91.0,54.0,,,,,,,,,,,9.4
2024-01-07,6078.0,3.46601,79.81499999999998,1842.0,5.54724,,63.486111111111114,50.0,99.0,51.0,,,,,,,,,,,5.47
2024-01-08,6712.0,3.82143,82.53699999999999,1842.0,3.71982,,61.97475455820477,50.0,95.0,50.0,,,,,,,,,,,7.67
2024-01-09,5826.0,3.29886,76.0,1842.0,4.0,,65.88515406162465,49.0,96.0,52.0,,,,,,,,,,,5.8
2024-01-10,3618.0,2.05798,112.0,2818.0,3.0,,60.37117903930131,49.0,101.0,50.0,,,,,,,,,,,6.48
2024-01-11,11099.0,8.715969999999999,590.9998,2474.861,4.0,,67.4,49.0,108.0,51.0,,,,,,,,,,,9.0
2024-01-12,7366.0,4.18369,303.4459999999999,2818.0,3.0,,67.62422360248448,54.0,101.0,55.0,,,,,,,,,,,6.47
2024-01-13,4648.0,2.65139,162.0,2818.0,1.0,,66.9263888888889,53.0,102.0,57.0,,,,,,,,,,,6.97
2024-01-14,4877.0,2.77007,198.0,2818.0,,,64.1375,49.0,95.0,51.0,,,,,,,,,,,9.63
2024-01-15,4989.0,2.84091,463.0,2818.0,3.77264,,65.18169209431345,48.0,132.0,50.0,,,,,,,,,,,8.55
2024-01-16,5577.0,3.16713,283.0,2818.0,3.66339,,71.46944444444445,56.0,103.0,56.0,,,,,,,,,,,5.35
2024-01-17,7002.0,3.97678,272.0,2818.0,6.45932,,68.47132867132868,53.0,101.0,55.0,,,,,,,,,,,7.5
2024-01-18,8381.0,6.49208,434.99969999999996,2817.9970000000003,3.75492,,64.99440559440559,50.0,106.0,51.0,,,,,,,,,,,7.63
2024-01-19,4772.0,2.1523239000000003,231.373,2426.6890000000003,5.0,,59.107438016528924,54.0,96.0,55.0,,,,,,,,,,,8.82
2024-01-20,6220.0,2.9296707999999994,327.716,2483.5500000000006,8.0,,,,,,,,,,,,,,,,
2024-01-21,3879.0,1.7601333599999998,191.751,2358.1059999999998,8.0,,,,,,,,,,,,,,,,
2024-01-22,1133.0,0.5163968000000001,46.134,2420.1929999999998,2.0,,,,,,,,,,,,,,,,
2024-01-23,2613.0,1.1706691500000002,108.066,2482.644,2.0,,,,,,,,,,,,,,,,
2024-01-24,2478.0,1.1890805199999999,137.57300000000004,2325.543,5.0,,61.0,61.0,61.0,,,,,,,,,,,,
2024-01-25,1562.0,0.70991066,75.70800000000001,2484.4790000000007,3.0,,,,,,,,,,,,,,,,
2024-01-26,6037.0,2.7618580799999997,265.754,2417.2160000000003,4.0,,,,,,,,,,,,,,,,
2024-01-27,5543.0,2.408112449999999,244.607,2499.199,5.0,,,,,,,,,,,,,,,,
2024-01-28,2786.0,1.2496829900000004,128.132,2359.1560000000004,3.0,,,,,,,,,,,,,,,,
2024-01-29,3067.0,1.3994342499999997,151.20499999999996,2481.3000000000006,4.0,,,,,,,,,,,,,,,,
2024-01-30,5358.0,3.04285,291.0,2818.0,5.0,,71.5219298245614,56.0,108.0,58.0,,,,,,,,,,,7.37
2024-01-31,3136.0,1.78085,220.0,2818.0,5.28281,,70.53682487725041,56.0,106.0,58.0,,,,,,,,,,,6.52
2024-02-01,4551.0,2.59298,193.0,2818.0,6.0,,67.9986013986014,57.0,111.0,59.0,,,,,,,,,,,7.05
2024-02-02,3844.0,2.648287,564.0002,2818.003,3.0,,74.98059964726632,63.0,132.0,61.0,,,,,,,,,,,5.98
2024-02-03,4464.0,3.53436,305.0,2818.0,4.0,,,,,,,,,,,,,,,,7.85
2024-02-04,1356.0,1.89083,192.0,2818.0,6.0,,,,,,,,,,,,,,,,7.85
2024-02-05,4664.0,3.82081,453.0,2818.0,9.44259,,,,,,,,,,,,,,,,
2024-02-06,4885.0,2.76262,241.51600000000002,2402.352,6.0,,,,,,,,,,,,,,,,
2024-02-07,5898.0,3.34981,308.0,2818.0,3.0,,71.56768558951966,58.0,103.0,60.0,,,,,,,,,,,6.55
2024-02-08,4934.0,2.80238,186.0,2818.0,2.0,,68.46293706293706,57.0,102.0,58.0,,,,,,,,,,,7.78
2024-02-09,6580.0,3.73693,243.33199999999994,2818.0,6.01181,,68.43036211699165,55.0,97.0,60.0,,,,,,,,,,,8.05
2024-02-10,12076.0,6.93326,748.0,2818.0,4.0,,74.03501400560224,58.0,118.0,59.0,,,,,,,,,,,8.12
2024-02-11,9435.0,6.44984,622.0002999999999,2817.996,5.75853,,71.56963788300835,55.0,105.0,61.0,,,,,,,,,,,8.42
2024-02-12,8480.0,4.81625,455.0,2818.0,8.57054,,71.91328671328671,56.0,105.0,57.0,,,,,,,,,,,10.1
2024-02-13,9033.0,5.1375,898.0,2818.0,12.0,,79.59171597633136,60.0,128.0,62.0,,,,,,,,,,,7.0
2024-02-14,15755.0,8.96514,883.6680000000001,2818.0,13.5784,,80.01388888888889,63.0,109.0,66.0,,,,,,,,,,,8.63
2024-02-15,10484.0,8.56498,961.0,2818.002,7.0607,,72.74444444444444,56.0,118.0,58.0,,,,,,,,,,,9.48
2024-02-16,8823.0,7.7019,574.0003,2818.0,1.0,,68.88313609467455,53.0,108.0,55.0,,,,,,,,,,,8.13
2024-02-17,7026.0,3.99852,399.0,2818.0,2.7979,,70.74265734265734,54.0,104.0,60.0,,,,,,,,,,,6.05
2024-02-18,11043.0,6.053401,854.3770000000001,2621.5660000000003,26.5968,,67.16402116402116,55.0,103.0,56.0,,,,,,,,,,,11.93
2024-02-19,1788.0,0.81948904,149.72600000000003,2396.052,1.0,,,,,,,,,,,,,,,,
2024-02-20,1556.0,0.7146957599999999,69.599,2381.036,1.0,,,,,,,,,,,,,,,,
2024-02-21,4034.0,1.7745172449999997,163.68700000000004,2492.121000000001,3.0,,,,,,,,,,,,,,,,
2024-02-22,1968.0,0.94043228,101.45100000000001,2347.9020000000005,3.0,,,,,,,,,,,,,,,,
2024-02-23,6178.0,2.74729326,247.105,2428.407000000001,3.0,,,,,,,,,,,,,,,,
2024-02-24,9483.0,4.251333499999999,477.507,2553.099000000002,14.0,,,,,,,,,,,,,,,,
2024-02-25,3608.0,1.5737222800000001,153.05800000000002,2416.318000000001,2.0,,,,,,,,,,,,,,,,
2024-02-26,2431.0,1.1997429599999998,118.11499999999998,2401.9559999999997,2.0,,,,,,,,,,,,,,,,
2024-02-27,4974.0,2.25482523,186.21099999999996,2463.683,3.0,,,,,,,,,,,,,,,,
2024-02-28,3198.0,1.4990019200000002,156.73399999999995,2402.896000000001,3.0,,,,,,,,,,,,,,,,
2024-02-29,3544.0,1.55022184,157.715,2397.0220000000004,2.0,,,,,,,,,,,,,,,,
2024-03-01,3078.0,1.3779906999999996,143.71,2476.863000000001,2.0,,,,,,,,,,,,,,,,
2024-03-02,2940.0,1.3299332499999998,131.493,2395.6910000000003,4.0,,,,,,,,,,,,,,,,
2024-03-03,6807.0,3.88357,406.0,2818.0,3.62533,,75.11304347826086,62.0,112.0,62.0,,,,,,,,,,,8.57
2024-03-04,5522.0,3.13606,198.0,2818.0,5.36877,,67.66386554621849,55.0,102.0,57.0,,,,,,,,,,,8.27
2024-03-05,7773.0,4.41422,427.0,2818.0,4.69587,,72.55648535564853,55.0,108.0,57.0,,,,,,,,,,,7.73
2024-03-06,5529.0,3.14476,256.0,2818.0,3.0,,67.6218487394958,56.0,107.0,57.0,,,,,,,,,,,7.68
2024-03-07,8144.0,4.63978,530.0,2818.0,4.75164,,73.68994413407822,57.0,111.0,60.0,,,,,,,,,,,5.92
2024-03-08,5994.0,3.40449,254.0,2818.0,3.0,,69.84344146685473,59.0,102.0,61.0,,,,,,,,,,,6.7
2024-03-09,12358.0,7.03641,773.0,2818.0,4.09613,,77.69444444444444,60.0,106.0,66.0,,,,,,,,,,,7.55
2024-03-10,11506.0,6.59337,779.0,2818.0,5.47211,,74.31976744186046,54.0,122.0,56.0,,,,,,,,,,,6.95
2024-03-11,13142.0,10.088586,790.6570000000002,2515.0500000000006,22.0,,72.53516295025729,53.0,113.0,56.0,,,,,,,,,,,8.1
2024-03-12,1549.0,0.7065055699999999,92.229,2463.1020000000008,2.0,,,,,,,,,,,,,,,,
2024-03-13,4201.0,1.9129843700000002,210.31600000000003,2464.751,17.0,,,,,,,,,,,,,,,,
2024-03-14,4593.0,2.0433793199999997,226.27900000000002,2379.0610000000006,6.0,,,,,,,,,,,,,,,,
2024-03-15,3561.0,1.6102043000000001,180.59199999999998,2451.6420000000007,4.0,,,,,,,,,,,,,,,,
2024-03-16,9180.0,4.056250249999999,427.44500000000005,2472.3920000000016,3.0,,,,,,,,,,,,,,,,
2024-03-17,5900.0,3.029967430000001,413.7009999999999,2447.155000000001,4.0,,,,,,,,,,,,,,,,
2024-03-18,4379.0,2.0061722500000005,222.781,2449.2570000000005,1.0,,,,,,,,,,,,,,,,
2024-03-19,3571.0,1.6492368500000003,148.09700000000004,2416.599,1.0,,,,,,,,,,,,,,,,
2024-03-20,3048.0,1.4076676000000001,151.685,2457.8289999999997,4.0,,,,,,,,,,,,,,,,
2024-03-21,2120.0,0.9742789999999999,95.43999999999998,2391.9480000000003,2.0,,,,,,,,,,,,,,,,
2024-03-22,2200.0,0.9792127299999998,102.81099999999999,2404.9380000000006,2.0,,,,,,,,,,,,,,,,
2024-03-23,6586.0,2.80356944,271.01,2489.2090000000007,1.0,,,,,,,,,,,,,,,,
2024-03-24,5234.0,2.3555754699999993,209.944,2452.606,2.0,,,,,,,,,,,,,,,,
2024-03-25,4486.0,2.05913681,203.13800000000003,2412.3570000000004,3.0,,,,,,,,,,,,,,,,
2024-03-26,2764.0,1.2761041700000002,143.732,2369.8470000000007,3.0,,,,,,,,,,,,,,,,
2024-03-27,2961.0,1.3245964499999996,126.93099999999998,2429.6850000000013,3.0,,,,,,,,,,,,,,,,
2024-03-28,6894.0,3.0591299230000004,321.36300000000006,2485.1620000000003,7.0,,,,,,,,,,,,,,,,
2024-03-29,4300.0,1.914171983,189.01999999999998,2384.4319999999993,2.0,,,,,,,,,,,,,,,,
2024-03-30,3364.0,1.5437089500000003,136.99899999999997,2438.231,3.0,,,,,,,,,,,,,,,,
2024-03-31,10397.0,5.784967,751.7219999999998,2818.0,24.1486,,70.51130434782608,53.0,108.0,57.0,,,,,,,,,,,6.5
2024-04-01,9379.0,5.38915,836.0,2818.0,5.16371,,77.90416666666667,60.0,116.0,63.0,,,,,,,,,,,6.27
2024-04-02,7343.0,4.95543616,670.000494,2818.00329,3.0,,74.78068965517241,60.0,111.0,62.0,,,,,,,,,,,5.72
2024-04-03,4958.0,2.81605,328.0,2818.0,3.43077,,73.9564606741573,59.0,105.0,63.0,,,,,,,,,,,5.82
2024-04-04,4603.0,2.61411,252.0,2818.0,5.76115,,70.10084033613445,60.0,112.0,63.0,,,,,,,,,,,6.31
2024-04-05,5794.0,3.29078,493.0,2818.0,5.41896,,78.15611814345992,63.0,117.0,67.0,,,,,,,,,,,5.83
2024-04-06,8844.0,5.10581,725.0,2818.0,5.31266,,75.21757322175732,60.0,115.0,65.0,,,,,,,,,,,9.69
2024-04-07,11750.0,6.309404,1062.332,2489.6400000000003,28.5128,,77.27066115702479,60.0,110.0,62.0,,,,,,,,,,,7.61
2024-04-08,4784.0,2.21249767,216.74900000000002,2492.8160000000007,3.0,,,,,,,,,,,,,,,,
2024-04-09,7746.0,3.4447446499999996,334.06999999999994,2468.7680000000005,2.0,,,,,,,,,,,,,,,,
2024-04-10,3095.0,1.4165400900000003,132.83700000000002,2384.4000000000005,2.0,,,,,,,,,,,,,,,,
2024-04-11,5530.0,2.47335087,242.72699999999992,2466.3060000000005,2.0,,,,,,,,,,,,,,,,
2024-04-12,3584.0,1.58021584,152.77199999999996,2443.0580000000004,2.0,,,,,,,,,,,,,,,,
2024-04-13,2838.0,1.252330565,119.09500000000004,2421.426,1.0,,,,,,,,,,,,,,,,
2024-04-14,5249.0,2.98134,347.0,2818.0,4.12598,,69.33100558659218,51.0,112.0,54.0,,,,,,,,,,,7.13
2024-04-15,7424.0,4.22657,536.0,2818.0,4.21325,,74.98194444444445,57.0,106.0,58.0,,,,,,,,,,,6.5
2024-04-16,7487.0,4.25204,510.0,2818.0,7.0,,74.02097902097903,58.0,114.0,60.0,,,,,,,,,,,7.08
2024-04-17,4474.0,2.54079,216.0,2818.0,2.30971,,68.26890756302521,55.0,96.0,58.0,,,,,,,,,,,6.67
2024-04-18,6727.0,3.82019,308.0,2818.0,5.41929,,74.00972222222222,60.0,105.0,62.0,,,,,,,,,,,6.01
2024-04-19,4459.0,2.54265,542.0,2818.0,2.0,,75.66666666666667,58.0,135.0,60.0,,,,,,,,,,,3.95
2024-04-20,10574.0,6.05029,862.0,2818.0,3.0,,73.86312849162012,55.0,118.0,58.0,,,,,,,,,,,7.46
2024-04-21,6267.0,3.56916,335.0,2818.0,8.08661,,69.79583333333333,54.0,109.0,57.0,,,,,,,,,,,8.13
2024-04-22,7356.0,4.17748,521.0,2818.0,5.40289,,73.86134453781513,60.0,129.0,62.0,,,,,,,,,,,5.67
2024-04-23,9902.0,5.75452,1033.0,2818.0,4.0,,77.99025069637884,57.0,123.0,59.0,,,,,,,,,,,6.75
2024-04-24,8912.0,7.61987,901.0002,2817.998,6.0,,75.53221288515407,60.0,115.0,64.0,,,,,,,,,,,7.3
2024-04-25,3262.0,1.85231,139.0,2818.0,3.11352,,65.85474860335195,55.0,103.0,57.0,,,,,,,,,,,7.38
2024-04-26,10634.0,8.164819999999999,972.0,2817.996,6.0,,73.0083916083916,57.0,119.0,61.0,,,,,,,,,,,7.93
2024-04-27,15510.0,8.02749,1089.9019999999996,2818.004,21.3169,,76.04971319311663,59.0,118.0,62.0,,,,,,,,,,,8.12
2024-04-28,6647.0,3.80217,335.0,2818.0,8.62992,,71.5736111111111,56.0,103.0,57.0,,,,,,,,,,,6.39
2024-04-29,6189.0,3.58407,289.0,2818.0,17.0,,67.93045897079277,55.0,101.0,58.0,,,,,,277.999,,,,,6.88
2024-04-30,5189.0,2.94716,265.0,2741.0,6.32283,,69.75664335664335,58.0,104.0,59.0,,,,,,,,,,,6.57
2024-05-01,8563.0,4.86347,529.0,2741.0,11.6217,,71.82541899441341,57.0,103.0,57.0,,,,,,,,,,,7.88
2024-05-02,10598.0,6.02979,726.0,2741.0,2.75722,,79.38128491620111,62.0,108.0,63.0,,,,,,,,,,,4.77
2024-05-03,15355.0,7.0103906400000024,817.9449999999999,2740.998,9.72703,,74.21951219512195,59.0,101.0,62.0,,,,,,,,,,,7.57
2024-05-04,5581.0,3.17645,314.0,2741.0,2.3271,,74.51666666666667,61.0,99.0,63.0,,,,,,,,,,,
2024-05-05,5550.0,3.15222,402.0,2741.0,2.0,,73.66805555555555,58.0,107.0,62.0,,,,,,,,,,,9.38
2024-05-06,7485.0,4.209799,612.9996,2740.9970000000003,3.0,,72.81206171107995,60.0,118.0,63.0,,,,,,,,,,,5.16
2024-05-07,3280.0,1.46281359,152.05299999999994,2331.488,3.0,,67.26053639846744,57.0,94.0,60.0,,,,,,,,,,,8.38
2024-05-08,1769.0,0.7935970999999999,82.82799999999999,2346.5549999999994,3.0,,,,,,,,,,,,,,,,
2024-05-09,2134.0,1.0109642300000004,101.32200000000002,2287.0299999999997,3.0,,,,,,,,,,,,,,,,
2024-05-10,4032.0,1.7841425100000001,178.775,2309.5600000000004,4.0,,,,,,,,,,,,,,,,
2024-05-11,4120.0,1.8245699300000002,178.429,2343.5689999999995,2.0,,,,,,,,,,,,,,,,
2024-05-12,2440.0,1.0701441200000001,111.21799999999999,2389.7579999999994,3.0,,,,,,,,,,,,,,,,
2024-05-13,5043.0,2.2682232900000003,217.45800000000003,2362.1820000000007,3.0,,,,,,,,,,,,,,,,
2024-05-14,3504.0,1.58942444,162.76,2286.6610000000005,5.0,,,,,,,,,,,,,,,,
2024-05-15,3421.0,1.95048,186.0,2741.0,4.0,,67.13472222222222,56.0,114.0,58.0,,,,,,,,,,,6.38
2024-05-16,12132.0,10.60992,1199.0,2740.995,6.0,,77.42618384401115,62.0,132.0,64.0,,,,,,,,,,,5.93
2024-05-17,6786.0,5.64267,562.0002999999999,2741.002,3.0,,71.11944444444444,58.0,113.0,60.0,,,,,,,,,,,6.37
2024-05-18,7466.0,4.25018,534.0,2741.0,7.0,,75.90529247910864,60.0,111.0,61.0,,,,,,,,,,,6.47
2024-05-19,6013.0,3.41506,266.0,2741.0,6.0,,68.5020920502092,54.0,113.0,58.0,,,,,,,,,,,8.23
2024-05-20,7657.0,6.290769,721.0002,2741.0,4.12598,,71.69735006973501,57.0,110.0,60.0,,,,,,,,,,,8.02
2024-05-21,6542.0,2.808168828,313.1429999999999,2741.0,1.05151,,66.4375,53.0,106.0,56.0,,,,,,,,,,,5.38
2024-05-22,5218.0,2.96332,201.0,2741.0,,,64.51949860724234,53.0,102.0,56.0,,,,,,,,,,,7.23
2024-05-23,2561.0,1.45463,103.0,2741.0,,,61.30972222222222,50.0,93.0,53.0,,,,,,,,,,,5.17
2024-05-24,4883.0,2.77318,237.0,2741.0,1.13845,,66.1,50.0,103.0,53.0,,,,,,,,,,,7.88
2024-05-25,6114.0,3.47222,422.0,2741.0,4.0,,70.99444444444444,52.0,109.0,54.0,,,,,,,,,,,6.03
2024-05-26,9550.0,6.391422,930.0,2740.996,6.22605,,76.03760445682451,56.0,112.0,59.0,,,,,,,,,,,5.5
2024-05-27,6874.0,5.296568000000001,865.0,2741.0,2.57513,,74.74025974025975,55.0,128.0,57.0,,,,,,,,,,,8.07
2024-05-28,6106.0,3.47036,388.0,2741.0,2.15748,,75.45670391061452,57.0,106.0,60.0,,,,,,,,,,,5.02
2024-05-29,10272.0,22.55138,1056.9999,2741.005,5.49573,,72.92877094972067,56.0,113.0,61.0,,,,,,,,,,,6.43
2024-05-30,8917.0,5.06418,617.0,2741.0,4.54199,,70.57342657342657,55.0,124.0,57.0,,,,,,,,,,,5.78
2024-05-31,14048.0,8.02812,1299.0,2741.0,9.01444,,79.0388198757764,58.0,120.0,60.0,,,,,,,,,,,5.1
2024-06-01,11398.0,6.42,735.4960000000002,2741.0,19.502,,72.25142045454545,52.0,108.0,55.0,,,,,,,,,,,8.9
2024-06-02,6420.0,3.65118,501.0,2741.0,8.03675,,70.50279329608938,54.0,115.0,56.0,,,,,,285.999,,,,,9.32
2024-06-03,10925.0,5.370462159999999,690.1779999999999,2468.5500000000006,12.1339,,72.6583850931677,57.0,124.0,60.0,,,,,,,,,,,6.57
2024-06-04,3515.0,1.6487643900000002,162.21099999999998,2361.2380000000007,3.0,,,,,,,,,,,,,,,,
2024-06-05,3683.0,1.7193156299999997,156.50599999999994,2377.678000000001,1.0,,,,,,,,,,,,,,,,
2024-06-06,3279.0,1.48898628,153.89700000000002,2368.119000000001,1.0,,,,,,,,,,,,,,,,
2024-06-07,8704.0,4.028808730000001,408.8050000000001,2465.299,3.0,,,,,,,,,,,,,,,,
2024-06-08,5340.0,2.33635655,246.55399999999997,2438.539000000001,2.0,,,,,,,,,,,,,,,,
2024-06-09,2673.0,1.2459364000000002,124.56700000000004,2329.5920000000006,1.0,,,,,,,,,,,,,,,,
2024-06-10,3194.0,1.3915235000000006,137.199,2391.6030000000005,1.0,,,,,,,,,,,,,,,,
2024-06-11,3952.0,1.7652039,172.363,2399.2670000000007,3.0,,,,,,,,,,,,,,,,
2024-06-12,10545.0,4.655904754,460.36299999999994,2423.7900000000004,,,,,,,,,,,,,,,,,
2024-06-13,12225.0,5.53277594,586.0440000000002,2462.585,3.0,,,,,,,,,,,,,,,,
2024-06-14,3690.0,1.5912876300000003,178.792,2361.7970000000005,4.0,,,,,,,,,,,,,,,,
2024-06-15,7790.0,3.513071729999999,351.48400000000004,2429.265,,,,,,,,,,,,,,,,,
2024-06-16,8581.0,5.668779999999999,808.0,2785.0,4.19193,,73.17777777777778,55.0,117.0,57.0,,,,,,,,,,,7.55
2024-06-17,15204.0,8.56436,1237.0,2785.0,2.06037,,80.36189069423929,64.0,115.0,67.0,,,,,,,,,,,7.05
2024-06-18,5920.0,3.36224,387.0,2785.0,3.20833,,72.64804469273743,58.0,109.0,62.0,,,,,,,,,,,7.15
2024-06-19,12218.0,7.01652,1099.0,2785.0,3.10925,,76.70926966292134,60.0,118.0,62.0,,,,,,,,,,,6.38
2024-06-20,5250.0,2.98134,255.0,2785.0,2.0,,67.81527777777778,58.0,97.0,59.0,,,,,,,,,,,8.17
2024-06-21,10759.0,9.324910000000001,840.0001,2785.002,5.10663,,74.09166666666667,56.0,121.0,59.0,,,,,,,,,,,7.05
2024-06-22,6445.0,3.67665,379.0,2785.0,5.0,,69.66944444444445,56.0,106.0,58.0,,,,,,,,,,,7.35
2024-06-23,8877.0,5.397220000000001,947.0,2752.001,4.0,,75.47916666666667,56.0,120.0,57.0,,,,,,279.987,,,,,9.18
2024-06-24,7763.0,4.41484,395.0,2752.0,4.09055,,67.525,52.0,103.0,53.0,,,,,,,,,,,6.78
2024-06-25,6974.0,3.986098,693.9997000000001,2751.996,3.0,,71.07777777777778,52.0,145.0,53.0,,,,,,,,,,,6.97
2024-06-26,5978.0,3.43494,681.0,2752.0,5.0,,69.87777777777778,53.0,153.0,56.0,,,,,,,,,,,7.43
2024-06-27,5515.0,3.14352,303.0,2752.0,4.104,,67.97478991596638,55.0,101.0,57.0,,,,,,,,,,,6.85
2024-06-28,6994.0,3.98423,585.0,2751.999,8.0,,70.59305555555555,50.0,141.0,53.0,,,,,,,,,,,7.53
2024-06-29,13401.0,7.27749927,1343.0003120000001,2751.99986,25.2822,,75.2883008356546,56.0,152.0,57.0,,,,,,,,,,,6.33
2024-06-30,6917.0,4.315417,597.0002,2752.005,3.63484,,68.57097288676236,52.0,110.0,54.0,,,,,,,,,,,7.72
2024-07-01,12586.0,11.65568,868.0,2752.001,5.59777,,72.41061452513966,56.0,110.0,57.0,,,,,,,,,,,7.26
2024-07-02,5917.0,3.36038,240.0,2752.0,5.14075,,68.05710306406685,55.0,109.0,58.0,,,,,,,,,,,7.8
2024-07-03,4870.0,2.76572,202.0,2752.0,1.63517,,68.23333333333333,51.0,102.0,55.0,,,,,,,,,,,6.75
2024-07-04,16208.0,9.2168,1553.0,2752.0,5.59449,,81.04861111111111,58.0,115.0,60.0,,,,,,,,,,,7.75
2024-07-05,6790.0,3.85934,601.0,2752.005,3.0,,73.71805555555555,58.0,138.0,61.0,,,,,,,,,,,6.25
2024-07-06,14411.0,7.81747,1080.7409999999998,2751.996,27.6831,,76.35694444444445,59.0,126.0,62.0,,,,,,,,,,,9.25
2024-07-07,9097.0,5.65199,1003.0,2752.0029999999997,8.12992,,75.09444444444445,55.0,123.0,57.0,,,,,,,,,,,6.5
2024-07-08,12013.0,11.22383,1038.9996999999998,2751.999,6.22638,,74.52173913043478,59.0,123.0,61.0,,,,,,,,,,,7.37
2024-07-09,8868.0,6.218068000000001,836.9996,2751.9970000000003,5.0,,70.22829131652661,54.0,126.0,56.0,,,,,,,,,,,7.1
2024-07-10,5888.0,4.2706859999999995,721.9996,2752.001,3.0,,72.1763888888889,54.0,125.0,56.0,,,,,,,,,,,7.62
2024-07-11,7220.0,4.10602,483.0,2752.0,6.54396,,74.08507670850767,59.0,117.0,62.0,,,,,,,,,,,6.62
2024-07-12,6633.0,3.76737,440.0,2752.0,2.0,,72.1685393258427,56.0,112.0,59.0,,,,,,,,,,,7.67
2024-07-13,6877.0,3.2018192899999995,297.14799999999997,2335.451,1.0,,67.68229166666667,59.0,92.0,63.0,,,,,,,,,,,8.28
2024-07-14,2541.0,1.20853591,143.82100000000008,2303.708,,,,,,,,,,,,,,,,,
2024-07-15,2207.0,1.0717725299999998,109.06700000000004,2343.7090000000007,4.0,,,,,,,,,,,,,,,,
2024-07-16,2576.0,1.2449485299999998,119.21100000000001,2261.9030000000007,4.0,,,,,,,,,,,,,,,,
2024-07-17,10781.0,7.954789999999999,914.0003999999999,2751.998,5.61975,,73.24011299435028,57.0,119.0,57.0,,,,,,,,,,,6.85
2024-07-18,12229.0,10.484390000000001,1149.0001,2752.003,5.0,,80.35055865921788,65.0,120.0,68.0,,,,,,,,,,,4.73
2024-07-19,8077.0,4.63108,706.0,2752.0,5.61089,,78.16340782122904,57.0,115.0,59.0,,,,,,,,,,,8.77
2024-07-20,2032.0,1.17191,230.0,2752.0,3.0,,70.26666666666667,52.0,122.0,56.0,,,,,,,,,,,8.55
2024-07-21,6616.0,3.27711,331.0,2752.0,5.0,,63.729805013927574,49.0,105.0,51.0,,,,,,,,,,,11.35
2024-07-22,6572.0,3.7506,334.0,2752.0,4.0,,65.41596638655462,49.0,112.0,51.0,,,,,,,,,,,6.93
2024-07-23,3436.0,1.95732,92.14300000000001,2752.0,3.0,,59.77731092436975,48.0,94.0,50.0,,,,,,,,,,,8.32
2024-07-24,9441.0,5.38107,1175.0,2752.0,6.43701,,73.92329149232916,48.0,116.0,50.0,,,,,,,,,,,6.43
2024-07-25,4857.0,2.75827,156.76499999999996,2752.0,7.19062,,63.529661016949156,50.0,102.0,52.0,,,,,,,,,,,6.7
2024-07-26,3914.0,1.7697148100000004,164.219,2395.5480000000002,3.0,,,,,,,,,,,,,,,,6.93
2024-07-27,7667.0,4.36762,373.0,2752.0,1.3458,,68.44166666666666,52.0,104.0,54.0,,,,,,,,,,,7.03
2024-07-28,9598.0,5.45875,431.42400000000004,2752.0,3.77231,,65.9888888888889,50.0,96.0,56.0,,,,,,,,,,,8.83
2024-07-29,7669.0,4.36016,419.0,2752.0,6.51214,,68.25416666666666,53.0,105.0,55.0,,,,,,,,,,,7.55
2024-07-30,5865.0,3.33117,223.0,2752.0,4.05282,,69.34825174825176,50.0,106.0,52.0,,,,,,,,,,,6.3
2024-07-31,6385.0,3.63564,584.0,2752.0,3.61417,,75.5104895104895,51.0,115.0,53.0,,,,,,,,,,,5.32
2024-08-01,4557.0,2.58801,251.0,2752.0,6.0,,69.6965034965035,56.0,108.0,59.0,,,,,,,,,,,6.45
2024-08-02,5527.0,3.13917,307.0,2752.0,13.4186,,70.38655462184875,56.0,105.0,59.0,,,,,,,,,,,5.9
2024-08-03,5454.0,3.73817,400.0,2752.0,6.0,,71.00420168067227,54.0,106.0,57.0,,,,,,,,,,,9.05
2024-08-04,6554.0,1.8199283200000003,198.512,2427.322000000001,6.0,,71.31145251396649,55.0,107.0,57.0,,,,,,,,,,,7.98
2024-08-05,9131.0,5.18596,829.0,2752.0,3.06266,,74.54305555555555,53.0,133.0,56.0,,,,,,,,,,,6.43
2024-08-06,7675.0,4.39061,964.0,2752.0,4.02625,,81.65181058495821,55.0,121.0,57.0,,,,,,,,,,,2.3
2024-08-07,5826.0,3.3088,613.0,2752.0,2.0,,77.03347280334728,59.0,127.0,61.0,,,,,,,,,,,4.08
2024-08-08,4604.0,2.62281,217.0,2752.0,6.34974,,67.65138888888889,51.0,98.0,54.0,,,,,,,,,,,8.98
2024-08-09,3492.0,1.98342,201.0,2752.0,6.12467,,68.47619047619048,55.0,117.0,56.0,,,,,,,,,,,5.35
2024-08-10,5828.0,3.31004,289.0,2752.0,1.0,,68.64722222222223,52.0,109.0,59.0,,,,,,,,,,,9.87
2024-08-11,5906.0,3.35975,392.0,2866.0,4.20276,,72.20029027576197,57.0,109.0,,,,,,,,,,,,1.93
2024-08-12,3500.0,2.04245,191.0,2752.0,3.00164,,70.41111111111111,58.0,98.0,61.0,,,,,,,,,,,6.67
2024-08-13,2294.0,1.30302,118.0,2752.0,6.32251,,67.07020872865274,55.0,98.0,57.0,,,,,,,,,,,8.88
2024-08-14,5580.0,3.16899,282.0,2752.0,2.04593,,69.4979079497908,52.0,109.0,54.0,,,,,,,,,,,7.2
2024-08-15,4673.0,2.66941,267.0,2752.0,6.0,,71.4859943977591,57.0,95.0,59.0,,,,,,,,,,,6.82
2024-08-16,11302.0,8.14307,1233.0002,2751.998,3.0,,77.18092566619916,56.0,127.0,59.0,,,,,,,,,,,7.6
2024-08-17,6272.0,3.47844,370.0,2752.0,8.0,,70.95138888888889,55.0,105.0,59.0,,,,,,,,,,,7.82
2024-08-18,9115.0,6.29697,659.0001,2751.999,2.01247,,71.02916666666667,53.0,116.0,54.0,,,,,,,,,,,7.03
2024-08-19,5036.0,2.86017,277.0,2752.0,3.13419,,71.88734353268428,60.0,101.0,61.0,,,,,,,,,,,6.73
2024-08-20,3742.0,2.12509,248.0,2752.0,5.5023,,72.07222222222222,59.0,104.0,62.0,,,,,,,,,,,7.32
2024-08-21,5459.0,3.12736,422.0,2752.0,6.06365,,77.41736694677871,61.0,114.0,62.0,,,,,,,,,,,3.65
2024-08-22,5458.0,3.11804,593.0,2752.0,1.31266,,78.00416666666666,61.0,131.0,62.0,,,,,,,,,,,6.53
2024-08-23,4895.0,2.78436,248.0,2752.0,,,70.52361111111111,59.0,98.0,61.0,,,,,,,,,,,6.98
2024-08-24,4217.0,2.39476,286.0,2752.0,,,72.41388888888889,58.0,104.0,60.0,,,,,,,,,,,9.02
2024-08-25,6567.0,3.73444,449.0,2752.0,4.0,,73.01527777777778,57.0,110.0,58.0,,,,,,,,,,,6.12
2024-08-26,2818.0,1.60065,174.0,2752.0,2.0,,73.85840707964601,60.0,106.0,63.0,,,,,,,,,,,3.3
2024-08-27,3505.0,2.00268,256.0,2752.0,4.61319,,74.58217270194986,59.0,107.0,62.0,,,,,,,,,,,6.92
2024-08-28,3158.0,1.80819,238.0,2752.0,2.1601,,71.26527777777778,54.0,114.0,56.0,,,,,,,,,,,5.17
2024-08-29,3589.0,2.0381,179.0,2752.0,2.07546,,66.05,49.0,124.0,51.0,,,,,,,,,,,8.38
2024-08-30,3481.0,1.98404,224.0,2752.0,3.69783,,66.75833333333334,52.0,119.0,55.0,,,,,,,,,,,7.18
2024-08-31,5856.0,3.34484,246.0,2752.0,2.0,,67.05013927576601,53.0,104.0,57.0,,,,,,,,,,,7.92
2024-09-01,3832.0,2.20338,354.0,2752.0,5.0,,71.80694444444444,54.0,108.0,56.0,,,,,,,,,,,7.8
2024-09-02,5475.0,3.10934,312.0,2752.0,6.70407,,66.24789915966386,51.0,101.0,52.0,,,,,,,,,,,8.73
2024-09-03,4806.0,2.72968,254.0,2752.0,8.14731,,70.27777777777777,56.0,98.0,56.0,,,,,,,,,,,6.13
2024-09-04,2800.0,1.59444,160.0,2752.0,2.0,,70.19413407821229,58.0,100.0,59.0,,,,,,,,,,,6.62
2024-09-05,3775.0,2.16051,217.0,2752.0,5.0,,69.90833333333333,57.0,103.0,60.0,,,,,,,,,,,5.52
2024-09-06,3694.0,2.09775,183.0,2752.0,5.75131,,67.4804469273743,55.0,98.0,57.0,,,,,,,,,,,8.27
2024-09-07,4902.0,2.80549,258.0,2752.0,4.0,,71.05446927374301,53.0,104.0,55.0,,,,,,,,,,,7.13
2024-09-08,2515.0,1.42853,100.0,2752.0,2.0,,64.77916666666667,56.0,103.0,57.0,,,,,,,,,,,8.22
2024-09-09,2538.0,1.44158,106.0,2752.0,3.0,,65.16830294530155,50.0,101.0,52.0,,,,,,,,,,,9.22
2024-09-10,2410.0,1.37385,125.0,2752.0,3.09285,,66.69565217391305,50.0,104.0,51.0,,,,,,,,,,,8.32
2024-09-11,3490.0,1.98466,184.0,2752.0,2.29921,,66.05623100303951,52.0,100.0,53.0,,,,,,,,,,,7.07
2024-09-12,5707.0,3.24107,336.0,2752.0,3.7874,,69.29230769230769,52.0,104.0,54.0,,,,,,,,,,,5.77
2024-09-13,5203.0,2.95524,216.0,2752.0,4.24114,,66.04634831460675,52.0,102.0,53.0,,,,,,,,,,,7.27
2024-09-14,8317.0,4.72366,399.0,2752.0,4.05085,,67.13323983169705,50.0,97.0,52.0,,,,,,,,,,,7.95
2024-09-15,3962.0,2.24999,158.0,2752.0,3.79659,,63.980555555555554,51.0,102.0,53.0,,,,,,,,,,,9.17
2024-09-16,3366.0,1.91196,147.0,2752.0,3.0,,67.29583333333333,53.0,96.0,55.0,,,,,,,,,,,6.6
2024-09-17,3077.0,1.7473,160.0,2752.0,3.0,,70.40896358543418,53.0,100.0,55.0,,,,,,,,,,,7.97
2024-09-18,3849.0,2.19655,184.0,2752.0,5.00853,,70.99047619047619,54.0,101.0,57.0,,,,,,,,,,,6.27
2024-09-19,994.0,0.4629773300000001,40.719,2273.3300000000004,,,65.55483870967743,56.0,90.0,58.0,,,,,,,,,,,6.58
2024-09-20,142.0,0.07263207,7.974,2347.6090000000004,,,,,,,,,,,,,,,,,
2024-09-21,83.0,0.044049,5.196,2608.7789999999995,,,,,,,,,,,,,,,,,
2024-09-22,9.0,0.00301986,,2301.809,,,,,,,,,,,,,,,,,
2024-09-23,26.0,0.01120954,,2047.8559999999998,,,,,,,,,,,,,,,,,
2024-09-24,701.0,0.398299,72.0,2752.0,,,80.47120418848168,72.0,102.0,59.0,,,,,,,,,,,
2024-09-25,3703.0,2.10334,313.0,2752.0,3.0,,76.70555555555555,65.0,112.0,67.0,,,,,,,,,,,6.58
2024-09-26,3572.0,2.02878,269.0,2752.0,2.0,,75.99722222222222,65.0,112.0,66.0,,,,,,,,,,,9.6
2024-09-27,4749.0,2.69737,316.0,2752.0,4.0,,74.47638888888889,64.0,108.0,65.0,,,,,,,,,,,9.95
2024-09-28,3706.0,3.123628,273.0004,2751.998,4.39895,,70.79722222222222,58.0,111.0,59.0,,,,,,,,,,,9.43
2024-09-29,5070.0,2.8458817,418.00001,2751.998,7.32021,,70.64385474860335,58.0,103.0,59.0,,,,,,,,,,,10.43
2024-09-30,3875.0,2.41527,255.0,2751.995,4.0,,69.63076923076923,56.0,102.0,58.0,,,,,,,,,,,10.63
2024-10-01,4356.0,2.270491,286.0001,2751.998,4.71785,,67.07638888888889,55.0,110.0,57.0,,,,,,,,,,,6.62
2024-10-02,6690.0,3.7934710000000003,407.0,2752.0,9.21719,,69.15395894428153,55.0,106.0,57.0,,,,,,,,,,,8.27
2024-10-03,4198.0,2.105209,261.0,2751.999,5.59908,,69.15870786516854,54.0,107.0,56.0,,,,,,,,,,,10.17
2024-10-04,5845.0,3.050306,303.0001,2752.0,9.0,,69.01810584958217,56.0,99.0,57.0,,,,,,,,,,,7.2
2024-10-05,4183.0,2.187848,231.0,2752.002,5.04035,,66.14027777777778,55.0,98.0,58.0,,,,,,,,,,,6.43
2024-10-06,4534.0,2.4103019999999997,234.0,2752.001,9.30906,,66.04608938547486,55.0,96.0,58.0,,,,,,,,,,,1.32
2024-10-07,7632.0,3.937632,466.00010000000003,2751.996,10.1073,,67.69166666666666,54.0,105.0,57.0,,,,,,,,,,,7.5
2024-10-08,6095.0,3.669823,411.0,2752.0069999999996,11.1729,,70.88798701298701,57.0,106.0,59.0,,,,,,,,,,,9.63
2024-10-09,8682.0,5.310238999999999,483.0,2751.9999999999995,12.7612,,71.6055944055944,56.0,108.0,59.0,,,,,,,,,,,6.33
2024-10-10,5203.0,3.755566,379.00030000000004,2751.995,8.61909,,71.0435393258427,57.0,115.0,60.0,,,,,,,,,,,6.58
2024-10-11,3958.0,2.1524330000000003,250.0,2752.0,5.00328,,68.19747899159664,55.0,112.0,58.0,,,,,,,,,,,
2024-10-12,8217.0,4.4564699999999995,720.0,2752.003,9.521,,74.53194444444445,54.0,110.0,57.0,,,,,,,,,,,7.28
2024-10-13,6044.0,3.35541,386.0004,2752.0,10.5712,,70.15833333333333,56.0,106.0,58.0,,,,,,,,,,,7.78
2024-10-14,8408.0,5.0206800000000005,567.0,2752.0,12.6171,,71.7388888888889,57.0,109.0,59.0,,,,,,,,,,,8.3
2024-10-15,6917.0,4.14766,575.0,2752.0,12.52,,70.90833333333333,56.0,124.0,58.0,,,,,,,,,,,9.67
2024-10-16,4546.0,3.109342,280.0,2752.0,5.39304,,69.47222222222223,56.0,108.0,57.0,,,,,,,,,,,8.18
2024-10-17,2813.0,1.61929,180.0,2752.0,3.0,,69.49444444444444,57.0,107.0,59.0,,,,,,,,,,,6.7
2024-10-18,9160.0,5.199639,736.6109999999999,2752.0029999999997,13.5591,,73.16388888888889,58.0,121.0,60.0,,,,,,,,,,,6.15
2024-10-19,6892.0,5.06355,453.0002,2751.998,8.16798,,73.07960893854748,59.0,110.0,60.0,,,,,,,,,,,6.4
2024-10-20,4514.0,2.56378,300.0,2752.0,6.56693,,75.16388888888889,57.0,108.0,59.0,,,,,,,,,,,10.33
2024-10-21,5881.0,3.33987,364.0,2752.0,3.03543,,75.4,55.0,106.0,58.0,,,,,,,,,,,7.48
2024-10-22,5446.0,3.09691,225.0,2752.0,3.52822,,69.36527777777778,57.0,106.0,59.0,,,,,,,,,,,7.42
2024-10-23,5770.0,3.99977,388.9997,2751.999,8.0,,66.22916666666667,53.0,116.0,57.0,,,,,,,,,,,7.65
2024-10-24,7294.0,5.400335,429.90200000000004,2751.996,13.7838,,67.0,55.0,108.0,56.0,,,,,,,,,,,7.02
2024-10-25,4502.0,2.55694,250.0,2752.0,4.69521,,69.00698324022346,55.0,106.0,57.0,,,,,,,,,,,7.12
2024-10-26,11023.0,6.23733,657.0,2752.0,18.6683,,72.40611961057023,54.0,109.0,55.0,,,,,,,,,,,7.45
2024-10-27,6378.0,3.62632,402.0,2752.0,8.0,,74.37638888888888,56.0,115.0,59.0,,,,,,,,,,,6.83
2024-10-28,9213.0,5.965165,582.9996,2752.005,10.0,,71.09282700421942,59.0,115.0,61.0,,,,,,,,,,,8.47
2024-10-29,4622.0,2.62529,280.0,2752.0,7.0,,73.10629370629371,61.0,110.0,64.0,,,,,,,,,,,7.07
2024-10-30,8823.0,5.740226,462.9995,2752.0,10.6345,,72.1361111111111,58.0,110.0,59.0,,,,,,,,,,,7.97
2024-10-31,3958.0,2.25123,215.0,2752.0,4.75131,,70.06039325842697,57.0,99.0,59.0,,,,,,,,,,,6.88
2024-11-01,6138.0,3.49832,347.0,2752.0,4.0,,74.64027777777778,59.0,108.0,62.0,,,,,,,,,,,6.67
2024-11-02,15420.0,7.809350650000002,1032.3650000000005,2546.322999999999,20.0246,,71.85403726708074,61.0,109.0,63.0,,,,,,,,,,,
2024-11-03,3841.0,2.19282,149.56799999999998,2752.0,5.77953,,68.13194444444444,56.0,101.0,57.0,,,,,,,,,,,8.6
2024-11-04,5060.0,2.8813,271.0,2752.0,6.11155,,69.19208211143695,55.0,100.0,57.0,,,,,,,,,,,10.35
2024-11-05,4771.0,2.73279,255.0,2752.0,2.54298,,70.97622377622378,56.0,109.0,57.0,,,,,,,,,,,7.15
2024-11-06,4668.0,2.64704,306.0,2752.0,2.07513,,74.45874125874126,59.0,109.0,62.0,,,,,,,,,,,6.55
2024-11-07,12000.0,6.679734,1176.1339999999998,2751.996,25.5577,,71.53888888888889,58.0,118.0,60.0,,,,,,,,,,,7.2
2024-11-08,9781.0,5.55506,409.0,2752.0,6.34711,,68.70555555555555,56.0,103.0,59.0,,,,,,,,,,,6.95
2024-11-09,14422.0,7.75658,901.0,2752.002,11.0,,74.83333333333333,57.0,112.0,60.0,,,,,,,,,,,8.43
2024-11-10,10641.0,5.791180000000001,600.0,2752.0,9.63058,,72.49722222222222,56.0,109.0,59.0,,,,,,,,,,,7.12
2024-11-11,8235.0,4.67706,392.0,2752.0,3.29003,,69.42777777777778,52.0,101.0,56.0,,,,,,,,,,,10.88
2024-11-12,11963.0,8.51652,800.0,2751.997,19.3848,,72.04895104895105,55.0,140.0,57.0,,,,,,,,,,,6.2
2024-11-13,3040.0,1.72679,156.0,2752.0,2.24016,,65.9958041958042,55.0,107.0,58.0,,,,,,,,,,,6.9
2024-11-14,10999.0,6.184501000000001,781.9998,2752.0,16.5581,,72.80416666666666,57.0,135.0,60.0,,,,,,,,,,,8.13
2024-11-15,5887.0,3.3728,264.0,2752.0,4.18898,,68.69305555555556,54.0,103.0,55.0,,,,,,,,,,,8.63
2024-11-16,7363.0,4.17624,422.0,2752.0,6.0899,,73.54114365411436,57.0,104.0,59.0,,,,,,,,,,,9.02
2024-11-17,12286.0,6.723241,1108.171,2751.998,33.1663,,74.58484848484848,57.0,142.0,60.0,,,,,,,,,,,8.88
2024-11-18,13207.0,7.5701730000000005,1033.6250000000002,2751.999,30.0994,,74.58881118881119,56.0,147.0,62.0,,,,,,,,,139.0,72.0,6.97
2024-11-19,3776.0,2.15181,169.0,2752.0,5.0876,,68.00138888888888,56.0,101.0,58.0,,,,,,,,,,,5.77
2024-11-20,4248.0,2.42832,178.0,2752.0,3.03215,,66.39305555555555,53.0,100.0,57.0,,,,,,,,,,,7.43
2024-11-21,3759.0,2.15367,176.0,2752.0,5.03773,,67.09861111111111,55.0,99.0,57.0,,,,,,,,,,,6.88
2024-11-22,4785.0,2.72098,176.0,2752.0,5.22014,,63.94027777777778,51.0,103.0,54.0,,,,,,,,,,,7.48
2024-11-23,11878.0,6.97302,691.1410000000001,2751.995,25.3547,,68.41388888888889,55.0,112.0,58.0,,,,,,,,,,,6.38
2024-11-24,15760.0,8.93656,1395.0,2751.996,29.6257,,80.40972222222223,51.0,151.0,55.0,,,,,,,,,,,10.38
2024-11-25,7118.0,4.08054,383.0,2752.0,13.04,,73.94166666666666,59.0,104.0,60.0,,,,,,,,,,,6.75
2024-11-26,15691.0,9.721350000000001,1192.0,2752.001,25.0,,75.47638888888889,56.0,143.0,57.0,,,,,,,,,,,5.76
2024-11-27,8356.0,4.74541,354.0,2752.0,5.7687,,69.025,54.0,101.0,57.0,,,,,,,,,,,7.83
2024-11-28,10214.0,5.81977,625.9499999999997,2752.0,16.4623,,71.44166666666666,55.0,103.0,58.0,,,,,,,,,,,8.42
2024-11-29,5920.0,3.36224,246.0,2752.0,8.03904,,68.30277777777778,57.0,100.0,58.0,,,,,,,,,,,7.9
2024-11-30,13504.0,7.63603,1037.28,2752.0,28.2224,,71.44596651445967,55.0,108.0,57.0,,,,,,,,,,,6.88
2024-12-01,3547.0,2.01449,179.0,2752.0,5.04101,,68.52712100139082,54.0,98.0,56.0,,,,,,,,,,,8.28
2024-12-02,4944.0,2.82475,229.0,2752.0,6.70702,,67.81111111111112,58.0,100.0,59.0,,,,,,,,,,,7.85
2024-12-03,3691.0,2.09651,165.0,2752.0,2.0,,67.08194444444445,57.0,100.0,61.0,,,,,,,,,,,5.35
2024-12-04,6606.0,3.77421,323.0,2752.0,7.22277,,72.70972222222223,60.0,112.0,61.0,,,,,,,,,,,7.25
2024-12-05,10711.0,5.968898,884.657,2752.001,19.0,,75.8125,59.0,139.0,60.0,,,,,,,,,,,7.75
2024-12-06,12927.0,7.188634,1000.822,2751.996,14.1017,,74.52222222222223,57.0,136.0,60.0,,,,,,,,,,,7.45
2024-12-07,5059.0,2.89994,327.0,2752.0,4.76706,,73.20972222222223,57.0,107.0,60.0,,,,,,,,,,,8.5
2024-12-08,4785.0,2.71726,451.0,2752.0,2.79856,,78.52777777777777,61.0,115.0,63.0,,,,,,,,,,,
2024-12-09,11869.0,6.64556,950.2639999999996,2751.999,20.7228,,72.78472222222223,55.0,130.0,59.0,,,,,,,,,,,8.48
2024-12-10,9954.0,6.88729,715.0001,2751.995,15.0,,71.51527777777778,56.0,138.0,60.0,,,,,,,,,,,7.53
2024-12-11,10478.0,6.709569999999999,627.0005,2752.004,18.1056,,70.7715877437326,55.0,119.0,58.0,,,,,,,,,,,5.8
2024-12-12,3716.0,2.11825,274.0,2752.0,6.2956,,72.99583333333334,56.0,110.0,59.0,,,,,,,,,,,7.07
2024-12-13,4245.0,2.41092,250.0,2752.0,1.0,,71.70727848101266,58.0,105.0,59.0,,,,,,,,,,,6.93
2024-12-14,5191.0,2.96891,231.77400000000003,2752.0,6.24606,,69.1361111111111,57.0,96.0,59.0,,,,,,,,,,,8.45
2024-12-15,12299.0,7.10787,808.0,2752.005,19.2457,,73.00972222222222,51.0,133.0,54.0,,,,,,,,,,,6.6
2024-12-16,5709.0,3.24231,217.0,2752.0,5.0,,69.5736111111111,59.0,99.0,62.0,,,,,,,,,,,6.98
2024-12-17,13527.0,8.47115,1164.0004,2752.0,17.7664,,75.11838440111421,58.0,138.0,61.0,,,,,,,,,,,4.6
2024-12-18,3640.0,2.1021,177.0,2752.0,4.68274,,71.22777777777777,61.0,101.0,63.0,,,,,,,,,,,7.43
2024-12-19,9370.0,5.445702000000001,844.4269999999999,2752.005,17.5059,,76.25833333333334,57.0,147.0,59.0,,,,,,,,,,,7.9
2024-12-20,4366.0,2.53209,252.0,2752.0,5.12795,,73.40416666666667,58.0,107.0,59.0,,,,,,,,,,,6.87
2024-12-21,13788.0,7.48752,1012.9310000000002,2752.002,26.7402,,74.36527777777778,58.0,115.0,59.0,,,,,,,,,,,7.68
2024-12-22,3488.0,1.98093,123.0,2752.0,6.72441,,65.27222222222223,53.0,97.0,54.0,,,,,,,,,,,11.48
2024-12-23,8699.0,7.301110000000001,780.0,2751.998,5.0,,74.1375,54.0,110.0,57.0,,,,,,,,,,,8.43
2024-12-24,4496.0,2.64021,205.0,2752.0,2.66634,,70.80277777777778,58.0,98.0,63.0,,,,,,,,,,,5.85
2024-12-25,6535.0,3.64931,499.0,2752.0,5.0,,74.93888888888888,56.0,115.0,59.0,,,,,,,,,,,8.08
2024-12-26,10025.0,6.539211899999999,1210.6980000000003,2752.0,23.3291,,73.54026845637584,63.0,118.0,63.0,,,,,,,,,,,7.58
2024-12-27,3425.0,2.07787,196.0,2752.0,3.50689,,73.61111111111111,60.0,104.0,63.0,,,,,,,,,,,8.07
2024-12-28,5572.0,3.03167,282.0,2752.0,5.06102,,72.0875,58.0,103.0,61.0,,,,,,,,,,,5.82
2024-12-29,5263.0,3.00122,351.0,2752.0,3.78084,,72.76388888888889,59.0,107.0,60.0,,,,,,,,,,,6.98
2024-12-30,5825.0,3.31564,268.0,2752.0,4.19816,,71.76527777777778,60.0,108.0,63.0,,,,,,,,,,,7.57
2024-12-31,16307.0,9.2721,1422.0,2752.0,31.1152,,80.9875,57.0,153.0,60.0,,,,,,,,,,,7.75
2025-01-01,11580.0,6.40137,1052.4959999999999,2746.0,17.0187,,73.85138888888889,60.0,115.0,62.0,,,,,,,,,,,7.87
2025-01-02,4078.0,2.36307,233.0,2746.0,5.29101,,70.35694444444445,59.0,109.0,60.0,,,,,,,,,,,5.25
2025-01-03,5296.0,3.02421,212.0,2746.0,7.44193,,66.65972222222223,53.0,102.0,55.0,,,,,,,,,,,8.95
2025-01-04,4151.0,2.35997,212.115,2746.0,4.07316,,63.84027777777778,50.0,116.0,52.0,,,,,,,,,,,9.12
2025-01-05,15843.0,9.08507,1509.0,2746.0,32.0,,75.89305555555555,50.0,157.0,53.0,,,,,,,,,,,8.28
2025-01-06,5641.0,3.20876,325.0,2746.0,4.09908,,71.13472222222222,56.0,99.0,58.0,,,,,,,,,,,6.72
2025-01-07,6602.0,3.75743,302.0,2746.0,9.0,,68.02638888888889,54.0,104.0,57.0,,,,,,,,,,,7.47
2025-01-08,10099.0,5.681822,804.0929999999998,2746.002,16.523,,67.6138888888889,54.0,144.0,56.0,,,,,,,,,,,7.35
2025-01-09,3837.0,2.20152,146.0,2746.0,4.65617,,65.07516339869281,53.0,96.0,55.0,,,,,,,,,,,7.73
2025-01-10,4236.0,2.41403,155.0,2746.0,2.13812,,64.68472222222222,52.0,96.0,55.0,,,,,,,,,,,7.88
2025-01-11,5026.0,2.85458,321.0,2746.0,10.3383,,67.56527777777778,53.0,127.0,56.0,,,,,,,,,,,7.5
2025-01-12,10859.0,6.8052600000000005,880.9040000000001,2746.0,18.3324,,69.425,52.0,142.0,58.0,,,,,,,,,,,7.28
2025-01-13,9101.0,6.377129999999999,969.0,2746.0,7.0,,74.59861111111111,54.0,121.0,57.0,,,,,,,,,,,6.78
2025-01-14,4170.0,2.39352,140.0,2746.0,5.08891,,66.9888888888889,54.0,96.0,56.0,,,,,,,,,,,7.33
2025-01-15,3660.0,2.09154,246.0,2746.0,6.0,,65.8013888888889,54.0,148.0,57.0,,,,,,,,,,,7.31
2025-01-16,12260.0,7.051944000000001,916.0850000000004,2745.998,21.5518,,70.06388888888888,53.0,143.0,55.0,,,,,,,,,,,6.25
2025-01-17,10640.0,7.16047,1063.645,2337.0380000000005,1.0,,74.98333333333333,55.0,131.0,56.0,,,,,,,,,,,6.92
2025-01-18,4082.0,2.31834,169.0,2746.0,,,68.05277777777778,56.0,104.0,57.0,,,,,,,,,,,7.8
2025-01-19,10100.0,5.332606999999999,575.0,2746.0,7.66568,,69.15277777777777,51.0,102.0,53.0,,,,,,,,,,,8.47
2025-01-20,8227.0,6.89722,837.0,2746.002,7.03215,,74.9888888888889,58.0,114.0,61.0,,,,,,,,,,,7.45
2025-01-21,7934.0,6.64433,857.9997000000001,2745.997,6.44718,,69.8013888888889,54.0,125.0,57.0,,,,,,,,,,,7.2
2025-01-22,6408.0,5.248097,653.9998,2746.003,4.63583,,69.8542944785276,56.0,113.0,59.0,,,,,,,,,,,4.85
2025-01-23,1304.0,0.6029227,63.338,2344.1079999999997,3.0,,63.61085972850679,54.0,91.0,55.0,,,,,,,,,,,8.33
2025-01-24,11792.0,5.99499,853.0,2746.0,2.0,,80.21739130434783,61.0,119.0,61.0,,,,,,,,,,,
2025-01-25,8133.0,4.40676,474.0,2746.0,2.0,,73.6986111111111,54.0,107.0,57.0,,,,,,,,,,,8.65
2025-01-26,4590.0,2.62219,252.0,2746.0,10.5633,,69.37246376811594,57.0,107.0,58.0,,,,,,,,,,,5.9
2025-01-27,8365.0,6.17021,914.9999,2746.002,6.30151,,76.85,53.0,121.0,57.0,,,,,,,,,,,9.05
2025-01-28,3117.0,1.77029,361.0,2746.0,5.0,,79.98472222222222,61.0,109.0,62.0,,,,,,,,,,,8.58
2025-01-29,3445.0,1.97845,313.0,2746.0,3.03642,,74.5375,58.0,107.0,61.0,,,,,,,,,,,7.73
2025-01-30,1950.0,1.09299,141.0,2746.0,2.02461,,69.78472222222223,59.0,104.0,61.0,,,,,,,,,,,10.25
2025-01-31,2586.0,1.48632,170.0,2746.0,6.01181,,67.27083333333333,57.0,113.0,57.0,,,,,,,,,,,8.72
2025-02-01,1823.0,1.04018,79.0,2746.0,2.35367,,63.5875,53.0,96.0,54.0,,,,,,,,,,,10.53
2025-02-02,2959.0,1.68081,119.0,2746.0,4.36024,,60.93472222222222,50.0,93.0,52.0,,,,,,,,,,,7.1
2025-02-03,5636.0,5.434517,572.0004,2745.996,4.729,,65.80694444444444,48.0,127.0,51.0,,,,,,,,,,,8.89
2025-02-04,3765.0,2.1487,224.0,2746.0,8.51542,,66.43611111111112,52.0,108.0,54.0,,,,,,,,,,,8.17
2025-02-05,9707.0,10.174330000000001,789.0,2745.999,4.14731,,69.62570621468926,30.0,121.0,54.0,,,,,,,,,,,8.32
2025-02-06,4372.0,2.46747,199.0,2746.0,3.28576,,68.05,51.0,102.0,54.0,,,,,,,,,,,8.35
2025-02-07,9379.0,7.76962,1286.0,2746.004,7.0,,76.32916666666667,52.0,126.0,55.0,,,,,,,,,,,7.7
2025-02-08,6117.0,3.47409,582.0,2746.0,6.0,,76.98353293413173,57.0,114.0,59.0,,,,,,,,,,,8.33
2025-02-09,3337.0,1.89829,180.0,2746.0,6.521,,64.66111111111111,51.0,111.0,53.0,,,,,,,,,,,9.5
2025-02-10,10749.0,9.3504,962.0,2745.996,4.33825,,73.33611111111111,51.0,114.0,54.0,,,,,,,,,,,7.61
2025-02-11,7547.0,5.648258,757.0,2745.995,7.52362,,70.39166666666667,51.0,119.0,52.0,,,,,,,,,,,8.82
2025-02-12,3174.0,1.81068,173.0,2746.0,2.00656,,67.4,51.0,107.0,53.0,,,,,,,,,,,8.35
2025-02-13,5359.0,3.05031,449.0,2746.0,11.3077,,72.67777777777778,57.0,109.0,58.0,,,,,,,,,,,5.32
2025-02-14,8004.0,5.696109,1100.9996,2745.9970000000003,6.10433,,75.93194444444444,54.0,136.0,55.0,,,,,,,,,,,8.85
2025-02-15,5679.0,3.25039,438.0,2746.0,4.0,,69.85555555555555,57.0,107.0,58.0,,,,,,,,,,,6.57
2025-02-16,4180.0,2.37426,351.0,2746.0,6.0,,76.8236111111111,61.0,109.0,65.0,,,,,,,,,,,8.27
2025-02-17,8433.0,7.6633700000000005,1448.0,2746.0,5.27264,,81.43611111111112,60.0,141.0,61.0,,,,,,,,,,,8.43
2025-02-18,8247.0,7.75409,1129.9998,2745.997,4.12434,,80.70138888888889,63.0,131.0,65.0,,,,,,,,,,,7.8
2025-02-19,2324.0,1.33657,179.0,2746.0,3.0,,77.86768802228413,58.0,103.0,58.0,,,,,,,,,,,6.13
2025-02-20,6587.0,5.05361,904.9997,2746.004,5.0,,74.96012759170654,55.0,126.0,56.0,,,,,,,,,,,8.47
2025-02-21,8632.0,6.631270000000001,1051.0,2745.996,5.04035,,77.11527777777778,56.0,126.0,57.0,,,,,,,,,,,7.7
2025-02-22,5749.0,3.12798,381.0,2746.0,7.0,,72.17222222222222,55.0,111.0,56.0,,,,,,,,,,,8.43
2025-02-23,9593.0,5.8564300000000005,1402.0,2746.003,5.48819,,79.05694444444444,54.0,138.0,57.0,,,,,,,,,,,6.5
2025-02-24,7159.0,5.7017,701.0005,2746.003,5.35499,,72.87777777777778,59.0,121.0,61.0,,,,,,,,,,,7.47
2025-02-25,4302.0,2.44323,207.0,2746.0,3.0,,69.73611111111111,53.0,104.0,55.0,,,,,,,,,,,7.12
2025-02-26,6908.0,3.95316,529.0,2746.0,7.18898,,75.55694444444444,56.0,118.0,59.0,,,,,,,,,,,6.17
2025-02-27,7391.0,6.50327,762.0004,2746.001,6.0,,71.51944444444445,58.0,122.0,60.0,,,,,,,,,,,5.37
2025-02-28,4032.0,3.82205,359.0,2746.0,8.0292,,73.81944444444444,56.0,119.0,61.0,,,,,,,,,,,7.17
2025-03-01,10409.0,6.31811,779.0,2746.0,26.6522,,77.58472222222223,61.0,128.0,64.0,,,,,,,,,,,7.17
2025-03-02,2683.0,1.52982,139.0,2746.0,4.71949,,71.62638888888888,56.0,107.0,58.0,,,,,,,,,,,8.77
2025-03-03,1898.0,0.8601274000000001,103.217,2746.0,3.0,,67.69642857142857,56.0,101.0,58.0,,,,,,,,,,,6.62
2025-03-04,1930.0,0.8354461000000001,84.814,2746.0,3.0,,,,,,,,,,,,,,,,
2025-03-05,1143.0,0.574147,47.62899999999999,2746.0,1.6752,,72.15725806451613,62.0,97.0,64.0,,,,,,,,,,,
2025-03-06,5207.0,2.97575,534.0,2746.0,8.0,,79.50277777777778,61.0,121.0,64.0,,,,,,,,,,,6.55
2025-03-07,3117.0,1.77029,156.0,2746.0,2.66306,,72.80779944289694,59.0,101.0,60.0,,,,,,,,,,,7.22
2025-03-08,9842.0,5.58986,845.0,2746.0,6.77526,,78.98472222222222,58.0,126.0,63.0,,,,,,,,,,,8.62
2025-03-09,13439.0,7.7348300000000005,1257.0,2746.0,23.2543,,81.62028985507246,59.0,146.0,65.0,,,,,,,,,,,6.98
2025-03-10,9694.0,6.736912,1356.9999,2746.005,3.04232,,78.0513888888889,54.0,127.0,56.0,,,,,,,,,,,7.72
2025-03-11,5257.0,2.99687,234.0,2746.0,5.13976,,71.78333333333333,57.0,99.0,58.0,,,,,,,,,,,7.48
2025-03-12,4561.0,2.60292,347.0,2746.0,6.26542,,77.73472222222222,62.0,110.0,65.0,,,,,,,,,,,6.0
2025-03-13,5118.0,2.90677,236.0,2746.0,4.61647,,70.96666666666667,52.0,112.0,54.0,,,,,,,,,,,7.78
2025-03-14,7735.0,4.39434,456.0,2746.0,6.59449,,73.13333333333334,58.0,118.0,61.0,,,,,,,,,,,7.2
2025-03-15,10665.0,6.06831,535.0,2746.0,2.0,,73.99583333333334,57.0,106.0,58.0,,,,,,,,,,,8.68
2025-03-16,10237.0,9.431170000000002,676.0005,2745.996,2.60925,,72.98796992481203,60.0,101.0,62.0,,,,,,,,,,,7.65
2025-03-17,7378.0,4.2073,386.0,2746.0,5.0351,,68.24444444444444,56.0,115.0,59.0,,,,,,,,,,,7.52
2025-03-18,5169.0,2.93536,236.0,2746.0,4.0899,,67.78611111111111,54.0,98.0,56.0,,,,,,,,,,,7.97
2025-03-19,3574.0,2.04369,166.0,2746.0,5.33333,,68.0125,57.0,97.0,58.0,,,,,,,,,,,7.43
2025-03-20,15659.0,11.22446,1413.0,2745.997,19.2966,,76.3013888888889,52.0,146.0,54.0,,,,,,,,,,,6.77
2025-03-21,6394.0,3.04348,291.8660000000001,2746.0,3.32546,,75.75048355899419,63.0,101.0,62.0,,,,,,,,,,,7.08
2025-03-22,7020.0,3.98672,418.0,2746.0,2.76509,,74.34016393442623,57.0,109.0,62.0,,,,,,,,,,,0.32
2025-03-23,8365.0,6.5287500000000005,849.0,2746.001,7.51083,,76.59861111111111,59.0,119.0,61.0,,,,,,,,,,,6.45
2025-03-24,10309.0,7.76652,1044.9999,2745.996,5.7149,,76.6763888888889,61.0,119.0,63.0,,,,,,,,,,,8.45
2025-03-25,5023.0,2.85769,235.0,2746.0,2.0,,71.39583333333333,55.0,107.0,57.0,,,,,,,,,,,6.88
2025-03-26,7195.0,5.5258519999999995,905.9997000000001,2746.0029999999997,4.10171,,74.46527777777777,57.0,126.0,60.0,,,,,,,,,,,6.15
2025-03-27,4563.0,2.59174,192.0,2746.0,6.69685,,68.10416666666667,55.0,102.0,58.0,,,,,,,,,,,7.18
2025-03-28,5739.0,3.25909,272.0,2746.0,3.41503,,72.36724960254372,60.0,102.0,64.0,,,,,,,,,,,6.15
2025-03-29,8508.0,4.73423,959.9996,2746.002,6.37533,,75.40917107583775,60.0,127.0,61.0,,,,,,,,,,,
2025-03-30,6155.0,3.51013,346.0,2746.0,16.4147,,69.50277777777778,53.0,124.0,57.0,,,,,,,,,,,7.62
2025-03-31,4561.0,2.59547,163.0,2746.0,9.32283,,64.87916666666666,53.0,96.0,54.0,,,,,,,,,,,7.27
2025-04-01,3007.0,1.73238,101.0,2746.0,2.44751,,59.922222222222224,47.0,93.0,48.0,,,,,,,,,,,8.65
2025-04-02,9076.0,7.598127,876.0,2746.002,7.19718,,71.37638888888888,46.0,127.0,48.0,,,,,,,,,,,8.47
2025-04-03,5250.0,2.98134,273.0,2746.0,3.0,,70.97777777777777,54.0,104.0,55.0,,,,,,,,,,,6.47
2025-04-04,15902.0,10.70374,1874.001,2746.001,15.6362,,82.8236111111111,57.0,159.0,58.0,,,,,,,,,,,5.32
2025-04-05,9138.0,5.22946,1465.0,2746.0,2.04954,,79.37083333333334,56.0,134.0,58.0,,,,,,,,,,,7.93
2025-04-06,8386.0,4.98278,969.0,2745.998,4.0,,76.37777777777778,56.0,121.0,58.0,,,,,,,,,,,7.72
2025-04-07,6787.0,5.406549999999999,674.9996,2745.999,3.0,,70.81388888888888,56.0,130.0,57.0,,,,,,,,,,,8.07
2025-04-08,2995.0,1.70069,100.0,2746.0,1.0,,65.52870090634441,49.0,96.0,52.0,,,,,,,,,,,8.77
2025-04-09,4581.0,2.62281,278.0,2746.0,3.65486,,72.84305555555555,61.0,104.0,59.0,,,,,,,,,,,7.41
2025-04-10,2904.0,1.64912,281.0,2746.0,2.0,,79.29027777777777,64.0,110.0,67.0,,,,,,,,,,,6.82
2025-04-11,2966.0,1.70069,287.0,2746.0,3.08858,,78.14583333333333,61.0,108.0,63.0,,,,,,,,,,,7.3
2025-04-12,6341.0,3.60147,588.0,2746.0,8.0,,82.74166666666666,65.0,119.0,63.0,,,,,,,,,,,8.93
2025-04-13,10320.0,6.022947,769.0,2746.0,21.0,,75.69444444444444,61.0,127.0,63.0,,,,,,,,,,,8.0
2025-04-14,8576.0,7.941120000000001,1039.0003,2746.005,3.5666,,77.70972222222223,62.0,133.0,62.0,,,,,,,,,,,7.25
2025-04-15,8228.0,7.829180000000001,1362.237,4885.47,3.10827,,76.27677329624478,59.0,126.0,60.0,,,,,,,,,,,7.13
2025-04-16,4539.0,3.54368,533.0,2746.0,4.56037,,78.9625,64.0,112.0,65.0,,,,,,,,,,,7.1
2025-04-17,6240.0,2.70641287,313.6650000000001,2363.3199999999997,3.0,,78.54608938547486,62.0,109.0,63.0,,,,,,,,,,,8.65
2025-04-18,9818.0,4.19103,971.101,2423.5829999999996,,,77.64861111111111,57.0,126.0,59.0,,,,,,,,,,,8.95
2025-04-19,4699.0,2.66879,184.0,2746.0,1.0,,62.856125356125354,49.0,95.0,51.0,,,,,,,,,,,8.52
2025-04-20,3519.0,2.0207,85.0,2746.0,1.41306,,62.390277777777776,40.0,96.0,51.0,,,,,,,,,,,9.47
2025-04-21,9370.0,6.060854,915.9995,2745.996,1.75755,,71.40833333333333,51.0,124.0,54.0,,,,,,,,,,,7.67
2025-04-22,5017.0,2.84961,279.0,2746.0,5.36614,,71.21879815100154,57.0,105.0,59.0,,,,,,,,,,,5.92
2025-04-23,4629.0,2.63151,332.0,2402.0,3.0,,71.78333333333333,56.0,109.0,55.0,,,,,,,,,,,7.25
2025-04-24,3694.0,2.09775,205.0,2746.0,1.05545,,69.94444444444444,52.0,109.0,,,,,,,,,,,,8.07
2025-04-25,6304.0,3.58283,600.0,2746.0,4.0,,79.46666666666667,54.0,118.0,56.0,,,,,,,,,,,7.57
2025-04-26,7731.0,4.39807,437.0,2746.0,5.77592,,75.32222222222222,57.0,108.0,61.0,,,,,,,,,,,4.15
2025-04-27,5870.0,3.33676,429.0,2746.0,3.04429,,73.98472222222222,59.0,109.0,60.0,,,,,,,,,,,9.6
2025-04-28,10286.0,8.45501,1122.0001,2745.997,3.79331,,78.43194444444444,60.0,123.0,60.0,,,,,,,,,,,6.28
2025-04-29,11100.0,7.5956399999999995,1283.9996,2746.0,5.0,,78.11944444444444,58.0,138.0,60.0,,,,,,,,,,,7.5
2025-04-30,3741.0,2.13503,164.0,2746.0,3.00722,,68.80277777777778,55.0,104.0,57.0,,,,,,,,,,,7.4
2025-05-01,8908.0,5.638318,1238.9998,2745.995,2.0,,80.04861111111111,61.0,142.0,63.0,,,,,,,,,,,7.22
2025-05-02,4846.0,2.75205,204.0,2746.0,6.2126,,70.59305555555555,57.0,105.0,59.0,,,,,,,,,,,8.15
2025-05-03,5770.0,3.29327,532.0,2746.0,3.13648,,74.99305555555556,59.0,135.0,61.0,,,,,,,,,,,7.08
2025-05-04,9514.0,5.42581,1257.0,2746.0,6.19455,,78.29223744292237,55.0,135.0,56.0,,,,,,,,,,,10.4
2025-05-05,4253.0,2.42148,221.0,2746.0,6.0899,,73.94444444444444,60.0,106.0,62.0,,,,,,,,,,,7.13
2025-05-06,4624.0,2.62591,524.0,2746.0,3.53018,,83.11666666666666,66.0,115.0,67.0,,,,,,,,,,,5.42
2025-05-07,4513.0,2.31461,377.0,2746.0,3.0023,,84.84861111111111,65.0,117.0,64.0,,,,,,,,,,,7.4
2025-05-08,4073.0,1.036415628,104.161,2322.934999999999,1.0,,79.11666666666666,61.0,111.0,63.0,,,,,,,,,,,8.23
2025-05-09,3991.0,2.26676,625.0,2746.0,3.0,,82.68333333333334,62.0,112.0,65.0,,,,,,,,,,,7.04
2025-05-10,4793.0,2.75827,364.0,2746.0,3.79199,,75.75694444444444,63.0,116.0,64.0,,,,,,,,,,,6.97
2025-05-11,8103.0,4.65034,943.0,2746.0020000000004,3.13812,,77.64722222222223,62.0,125.0,65.0,,,,,,,,,,,6.1
2025-05-12,7974.0,5.65572,1280.0,2746.0,5.14698,,80.63888888888889,57.0,151.0,65.0,,,,,,,,,,,6.7
2025-05-13,6054.0,5.2052309999999995,871.0,2746.0,8.38156,,75.51527777777778,62.0,152.0,65.0,,,,,,,,,,,7.63
2025-05-14,5936.0,3.37467,313.0,2746.0,3.07907,,74.36944444444444,59.0,104.0,60.0,,,,,,,,,,,6.78
2025-05-15,6496.0,3.68908,345.0,2631.0,2.74967,,71.20579710144928,57.0,101.0,59.0,,,,,,,,,,,6.6
2025-05-16,3731.0,2.13441,165.0,2746.0,3.2582,,69.81527777777778,57.0,101.0,59.0,,,,,,,,,,,7.9
2025-05-17,7323.0,4.285595,669.9996,2746.001,2.0,,70.87916666666666,53.0,113.0,54.0,,,,,,,,,,,6.98
2025-05-18,8016.0,4.78021,1102.0,2745.9970000000003,8.70472,,77.57929883138564,58.0,132.0,60.0,,,,,,,,,,,8.42
2025-05-19,10577.0,7.27998,1099.0001,2746.001,5.27165,,78.61666666666666,60.0,130.0,62.0,,,,,,,,,,,7.67
2025-05-20,5339.0,3.03788,337.0,2746.0,3.0,,76.65833333333333,62.0,109.0,65.0,,,,,,,,,,,6.92
2025-05-21,3875.0,2.21643,284.0,2746.0,6.0,,73.0,57.0,107.0,61.0,,,,,,,,,,,7.38
2025-05-22,12349.0,16.03697,1061.0,2746.0,6.18996,,77.54166666666667,60.0,120.0,63.0,,,,,,,,,,,5.72
2025-05-23,11777.0,10.34831,1174.0,2746.0,2.2897,,76.48953974895397,57.0,122.0,59.0,,,,,,,,,,,6.85
2025-05-24,5225.0,2.96767,258.0,2746.0,4.0,,68.85555555555555,54.0,124.0,56.0,,,,,,,,,,,7.78
2025-05-25,3765.0,2.13814,208.0,2746.0,1.0,,69.3875,55.0,103.0,58.0,,,,,,,,,,,8.15
2025-05-26,13675.0,13.397390999999999,1475.0001,2745.9989,16.3871,,78.26944444444445,59.0,128.0,61.0,,,,,,,,,,,7.92
2025-05-27,4969.0,2.83159,266.0,2746.0,3.62533,,72.48333333333333,56.0,108.0,57.0,,,,,,,,,,,7.85
2025-05-28,12266.0,9.864270000000001,1225.0,2746.0,4.63189,,78.6625,59.0,122.0,62.0,,,,,,,,,,,6.82
2025-05-29,6323.0,3.60271,466.0,2746.0,5.45112,,75.99166666666666,58.0,113.0,60.0,,,,,,,,,,,7.07
2025-05-30,7858.0,6.840059999999999,975.0,2745.998,4.0,,79.55967741935484,57.0,127.0,59.0,,,,,,,,,,,6.82
2025-05-31,7157.0,4.06501,540.0,2746.0,4.53346,,76.53472222222223,59.0,119.0,61.0,,,,,,,,,,,6.83
2025-06-01,10488.0,5.59421,1406.0,2746.001,3.0935,,79.32083333333334,54.0,131.0,57.0,,,,,,,,,,,7.72
2025-06-02,8642.0,4.96351,512.0,2746.0,6.14567,,74.83611111111111,57.0,105.0,58.0,,,,,,,,,,,6.85
2025-06-03,6577.0,3.77048,504.0,2746.0,6.0,,75.12083333333334,54.0,113.0,56.0,,,,,,,,,,,7.08
2025-06-04,8446.0,4.81314,581.0,2746.0,3.33465,,75.60972222222222,56.0,116.0,59.0,,,,,,,,,,,7.33
2025-06-05,6341.0,2.2941,197.542,2746.0,5.0,,75.29722222222222,56.0,118.0,59.0,,,,,,,,,,,5.98
2025-06-06,4024.0,5.03186,621.0,2746.0,3.73392,,70.99027777777778,55.0,101.0,56.0,,,,,,,,,,,5.95
2025-06-07,9719.0,4.04633793,465.4440000000001,2746.0,5.43537,,78.28194444444445,59.0,110.0,62.0,,,,,,,,,,,6.87
2025-06-08,3451.0,3.15159,887.0,2746.0,5.07054,,82.36944444444444,70.0,121.0,62.0,,,,,,,,,,,5.37
2025-06-09,5527.0,1.18836009,130.38400000000001,2391.371999999999,2.0,,86.89444444444445,72.0,124.0,62.0,,,,,,,,,,,6.78
2025-06-10,4638.0,2.63834,1296.0,2746.0,2.67388,,87.28611111111111,68.0,123.0,64.0,,,,,,,,,,,7.0
2025-06-11,5912.0,3.3815,1215.0,2746.0,8.26542,,88.78635547576302,72.0,120.0,64.0,,,,,,,,,,,7.03
2025-06-12,4498.0,2.32828,277.0,2746.0,2.0,,78.35410334346504,60.0,103.0,58.0,,,,,,,,,,,0.83
2025-06-13,13228.0,6.398295780000002,771.9209999999996,2746.0,16.2759,,74.63888888888889,57.0,105.0,58.0,,,,,,,,,,,8.38
2025-06-14,8439.0,4.346491,543.9630000000001,2746.0,19.2858,,69.30833333333334,54.0,112.0,52.0,,,,,,,,,,,9.13
2025-06-15,10310.0,5.54201,674.0,2746.0,2.6355,,75.81527777777778,51.0,108.0,58.0,,,,,,,,,,,8.95
2025-06-16,4805.0,2.75765,280.0,2746.0,6.0,,70.70757575757575,53.0,99.0,,,,,,,,,,,,7.7
2025-06-17,5232.0,2.89,339.65299999999996,2746.0,6.67356,,69.18888888888888,54.0,97.0,56.0,,,,,,,,,,,5.33
2025-06-18,8039.0,4.56584,384.0,2746.0,4.43307,,70.48611111111111,51.0,102.0,54.0,,,,,,,,,,,5.48
2025-06-19,9665.0,5.27606,1626.0,2746.0,3.0,,81.72557471264368,52.0,125.0,56.0,,,,,,,,,,,4.5
2025-06-20,7245.0,4.11472,420.0,2746.0,5.0,,74.08689458689459,58.0,105.0,60.0,,,,,,,,,,,7.3
2025-06-21,10420.0,4.547649290000001,528.1619999999999,2746.0,2.0,,73.35774647887324,56.0,105.0,60.0,,,,,,,,,,,6.83
2025-06-22,3360.0,1.43847,139.105,2746.0,4.0,,71.39010989010988,57.0,100.0,61.0,,,,,,,,,,,
2025-06-23,6370.0,3.50826,362.0,2746.0,5.0,,68.75972222222222,52.0,115.0,53.0,,,,,,,,,,,8.03
2025-06-24,10935.0,5.556293999999999,1108.9998,2745.998,5.30938,,76.90694444444445,55.0,126.0,58.0,,,,,,,,,,,7.43
2025-06-25,6516.0,3.70462,503.0,2746.0,4.0,,77.36666666666666,65.0,106.0,66.0,,,,,,,,,,,6.23
2025-06-26,5403.0,3.07765,524.0,2746.0,4.71621,,81.54516640253566,69.0,111.0,61.0,,,,,,,,,,,6.32
2025-06-27,3200.0,1.82248,335.0,2746.0,3.38681,,76.74861111111112,60.0,131.0,63.0,,,,,,,,,,,7.28
2025-06-28,8882.0,4.875892,1516.0,2746.0,3.0,,85.99583333333334,67.0,139.0,69.0,,,,,,,,,,,5.8
2025-06-29,13573.0,7.15136,1502.0,2746.0,12.6562,,80.99583333333334,55.0,126.0,57.0,,,,,,,,,,,9.4
2025-06-30,10327.0,8.52646,1437.0,2746.0,3.77133,,81.65416666666667,58.0,126.0,59.0,,,,,,,,,,,6.55
2025-07-01,4548.0,2.5992,490.0,2746.0,2.08596,,78.27083333333333,59.0,127.0,59.0,,,,,,,,,,,7.02
2025-07-02,3714.0,2.13068,251.0,2746.0,2.0,,73.95416666666667,56.0,101.0,59.0,,,,,,,,,,,6.98
2025-07-03,8579.0,4.93742,526.0,2746.0,4.0,,73.89583333333333,56.0,111.0,60.0,,,,,,,,,,,6.68
2025-07-04,12214.0,7.468257,1174.0,2745.996,7.05381,,76.86111111111111,57.0,115.0,59.0,,,,,,,,,,,7.08
2025-07-05,5776.0,3.28022,318.0,2746.0,2.0,,69.40694444444445,53.0,105.0,56.0,,,,,,,,,,,6.85
2025-07-06,6961.0,3.851255,1275.0,2745.997,5.66142,,76.27916666666667,53.0,128.0,55.0,,,,,,,,,,,9.03
2025-07-07,9647.0,5.47863,2762.0,2746.0,7.18865,,89.96586059743954,62.0,139.0,62.0,,,,,,,,,,,6.13
2025-07-08,13995.0,12.664169999999999,2945.997,2746.0029999999997,5.58924,,92.02777777777777,62.0,127.0,62.0,,,,,,,,,,,7.02
2025-07-09,4503.0,2.58242,303.0,2746.0,4.0,,75.13249211356467,61.0,105.0,63.0,,,,,,,,,,,7.47
2025-07-10,4899.0,2.7825,281.0,2746.0,5.63714,,72.63333333333334,59.0,108.0,59.0,,,,,,,,,,,6.5
2025-07-11,5317.0,2.88006,349.0,2746.0,6.0,,75.56666666666666,59.0,103.0,60.0,,,,,,,,,,,6.73
2025-07-12,12941.0,7.34958,717.0,2746.0,,,76.79027777777777,61.0,105.0,62.0,,,,,,,,,,,7.05
2025-07-13,4228.0,2.41216,340.0,2746.0,2.0,,73.21805555555555,57.0,108.0,60.0,,,,,,,,,,,7.9
2025-07-14,7644.0,5.214554,853.9999,2746.0029999999997,4.49081,,72.00972222222222,55.0,124.0,57.0,,,,,,,,,,,6.07
2025-07-15,8181.0,7.171864,1025.9996,2746.003,5.04429,,75.90555555555555,55.0,117.0,58.0,,,,,,,,,,,7.7
2025-07-16,7191.0,4.08427,732.0,2746.0,3.66043,,75.43333333333334,55.0,114.0,57.0,,,,,,,,,,,8.05
2025-07-17,6300.0,3.5909,445.0,2746.0,4.6063,,72.55277777777778,57.0,101.0,59.0,,,,,,,,,,,6.42
2025-07-18,9656.0,5.48795,1185.0,2746.0,1.0,,80.18472222222222,55.0,119.0,57.0,,,,,,,,,,,7.15
2025-07-19,6114.0,3.48092,465.0,2746.0,7.24934,,72.09861111111111,56.0,109.0,58.0,,,,,,,,,,,7.27
2025-07-20,11417.0,7.1960999999999995,1926.0,2746.004,5.23261,,82.025,57.0,139.0,58.0,,,,,,,,,,,10.35
2025-07-21,8896.0,6.5343350000000004,1057.0001,2745.998,4.06627,,76.30972222222222,58.0,121.0,62.0,,,,,,,,,,,6.73
2025-07-22,5765.0,3.27773,271.0,2746.0,3.0,,70.30833333333334,58.0,96.0,60.0,,,,,,,,,,,6.33
2025-07-23,7341.0,4.17313,419.0,2746.0,3.02067,,70.23472222222222,55.0,102.0,58.0,,,,,,,,,,,7.4
2025-07-24,9692.0,8.31022,821.0,2746.0029999999997,4.39337,,74.81773399014779,57.0,119.0,61.0,,,,,,,,,,,6.38
2025-07-25,12828.0,7.28558,833.0,2746.0,22.0,,77.76324503311258,59.0,132.0,62.0,,,,,,,,,,,
2025-07-26,6797.0,3.85996,376.0,2746.0,5.396,,71.11805555555556,56.0,99.0,58.0,,,,,,,,,,,7.13
2025-07-27,7664.0,4.35892,467.0,2746.0,3.0,,72.10972222222222,57.0,106.0,58.0,,,,,,,,,,,8.12
2025-07-28,12903.0,6.882309,1258.9996,2746.0020000000004,14.6604,,77.475,56.0,138.0,58.0,,,,,,,,,,,5.82
2025-07-29,5724.0,3.26903,444.0,2746.0,6.17815,,75.51944444444445,62.0,125.0,65.0,,,,,,,,,,,8.27
2025-07-30,4639.0,2.63461,634.0,2746.0,5.0,,81.4486111111111,64.0,126.0,66.0,,,,,,,,,,,3.95
2025-07-31,7141.0,4.07309,465.0,2746.0,3.0,,74.68055555555556,57.0,104.0,58.0,,,,,,,,,,,8.92
2025-08-01,6646.0,3.79223,472.0,2746.0,6.1086,,73.05,59.0,112.0,61.0,,,,,,,,,,,7.78
2025-08-02,4791.0,2.1721825000000003,211.29,2419.5009999999993,1.0,,,,,,,,,,,,,,,,8.85
2025-08-03,2365.0,1.0474774500000001,110.09199999999998,2287.075,2.0,,,,,,,,,,,,,,,,
2025-08-04,2958.0,1.3719879000000001,147.34999999999997,2384.8929999999996,2.0,,,,,,,,,,,,,,,,
2025-08-05,4073.0,1.79716047,172.87299999999996,2348.1309999999994,2.0,,,,,,,,,,,,,,,,
2025-08-06,3752.0,1.5858634700000003,150.35699999999997,2294.5229999999997,2.0,,,,,,,,,,,,,,,,
2025-08-07,3579.0,1.58575807,153.70699999999997,2372.7139999999986,1.0,,,,,,,,,,,,,,,,
2025-08-08,3946.0,1.7698267300000001,176.298,2378.861999999999,3.0,,,,,,,,,,,,,,,,
2025-08-09,15134.0,6.738957969999999,866.5600000000002,2478.9199999999996,3.0,,,,,,,,,,,,,,,,
2025-08-10,13463.0,8.733168389999998,1494.56,2468.430999999999,1.0,,,,,,,,,,,,,,,,
2025-08-11,2457.0,1.1176487400000001,120.23,2313.536,3.0,,,,,,,,,,,,,,,,
2025-08-12,6021.0,2.6712920299999996,271.52500000000003,2355.0649999999996,2.0,,,,,,,,,,,,,,,,
2025-08-13,4749.0,2.096213558,216.8220000000001,2313.632,2.0,,,,,,,,,,,,,,,,
2025-08-14,3877.0,1.7079754500000002,177.285,2321.6119999999996,2.0,,,,,,,,,,,,,,,,
2025-08-15,12291.0,6.15045627,898.633,2492.7909999999993,3.0,,119.13414634146342,96.0,135.0,,,,,,,,,,,,
2025-08-16,6828.0,3.89475,496.0,2746.0,4.0,,74.59861111111111,59.0,106.0,60.0,,,,,,,,,,,6.95
2025-08-17,7724.0,4.495,764.0,2745.995,6.16503,,75.97083333333333,61.0,122.0,62.0,,,,,,,,,,,7.3
2025-08-18,4924.0,2.81481,237.0,2746.0,2.75164,,71.725,60.0,101.0,62.0,,,,,,,,,,,8.52
2025-08-19,7712.0,6.5250140000000005,933.0,2746.004,5.0,,76.98419540229885,63.0,122.0,66.0,,,,,,,,,,,5.98
2025-08-20,5423.0,3.08014,275.0,2746.0,4.0,,74.89391575663026,64.0,126.0,66.0,,,,,,,,,,,6.83
2025-08-21,11455.0,6.547387,1017.0,2745.997,15.4196,,80.86944444444444,64.0,142.0,65.0,,,,,,,,,,,7.63
2025-08-22,6705.0,3.83883,413.0,2746.0,3.6355,,76.15277777777777,62.0,106.0,64.0,,,,,,,,,,,6.88
2025-08-23,15398.0,9.75863,1326.0,2746.0,33.2657,,81.61527777777778,65.0,142.0,67.0,,,,,,,,,,,6.52
2025-08-24,14674.0,9.03909,1245.4430000000002,2746.0,38.0,,80.7,62.0,155.0,64.0,,,,,,,,,,,8.7
2025-08-25,4452.0,2.52836,530.0,2746.0,4.5128,,80.4375,67.0,110.0,68.0,,,,,,,,,,,7.7
2025-08-26,9768.0,8.23566,953.9997000000001,2745.998,3.0,,77.79861111111111,61.0,126.0,63.0,,,,,,,,,,,7.75
2025-08-27,11482.0,6.52875,677.0,2746.0,8.00033,,78.4263888888889,63.0,109.0,64.0,,,,,,,,,,,6.9
2025-08-28,5845.0,3.16092,347.0,2746.0,4.0,,75.07821229050279,64.0,102.0,65.0,,,,,,,,,,,5.97
2025-08-29,8502.0,6.79221,814.9995,2746.0,1.0,,75.06442577030812,59.0,121.0,60.0,,,,,,,,,,,7.42
2025-08-30,4441.0,2.1226,179.04700000000005,2746.0,,,68.37150837988827,55.0,101.0,58.0,,,,,,,,,,,9.88
2025-08-31,4188.0,2.37861,176.0,2746.0,,,70.57043235704323,58.0,96.0,62.0,,,,,,,,,,,7.35
2025-09-01,5517.0,3.16837,346.0,2746.0,4.13353,,72.22361111111111,59.0,103.0,61.0,,,,,,,,,,,7.05
2025-09-02,4142.0,2.37177,512.0,2746.0,5.25,,76.79847328244274,60.0,143.0,62.0,,,,,,,,,,,5.75
2025-09-03,3801.0,2.16859,246.0,2746.0,2.0,,74.63333333333334,61.0,107.0,63.0,,,,,,,,,,,6.82
2025-09-04,3303.0,1.88524,242.0,2746.0,5.14665,,72.15138888888889,61.0,110.0,66.0,,,,,,,,,,,9.0
2025-09-05,9610.0,5.119906089999999,802.133,2361.309999999999,19.4849,,79.19158878504673,60.0,148.0,63.0,,,,,,,,,,,6.6
2025-09-06,4667.0,2.09612707,230.63100000000003,2314.9109999999996,1.0,,,,,,,,,,,,,,,,
2025-09-07,238.0,0.116358,12.377,2327.843,1.0,,,,,,,,,,,,,,,,
2025-09-08,4518.0,2.02778356,217.75300000000001,2365.4729999999986,3.0,,,,,,,,,,,,,,,,
2025-09-09,4153.0,1.8758450099999997,193.32000000000002,2375.2759999999994,3.0,,,,,,,,,,,,,,,,
2025-09-10,3035.0,1.4134825399999997,140.862,2351.0429999999997,4.0,,,,,,,,,,,,,,,,
2025-09-11,9043.0,3.9689911499999995,481.448,2331.2670000000003,2.0,,,,,,,,,,,,,,,,
2025-09-12,4303.0,1.8747702299999998,168.887,2300.191,2.0,,,,,,,,,,,,,,,,
2025-09-13,15673.0,8.9178712,1364.5269999999996,2489.5139999999983,3.0,,,,,,,,,,,,,,,,
2025-09-14,3231.0,1.45142994,151.669,2414.6099999999997,1.0,,,,,,,,,,,,,,,,
2025-09-15,2722.0,1.2467560699999998,145.16899999999998,2342.082,4.0,,,,,,,,,,,,,,,,
2025-09-16,3165.0,1.4234548599999999,175.758,2369.182999999999,3.0,,,,,,,,,,,,,,,,
2025-09-17,2462.0,1.1103097100000001,108.90600000000002,2352.3920000000003,4.0,,,,,,,,,,,,,,,,
2025-09-18,2825.0,1.28876624,147.964,2349.2539999999985,4.0,,,,,,,,,,,,,,,,
2025-09-19,1228.0,0.5799814900000001,73.362,2322.7419999999993,3.0,,,,,,,,,,,,,,,,
2025-09-20,1604.0,0.70924579,50.510999999999996,2289.627,1.0,,,,,,,,,,,,,,,,
2025-09-21,9854.0,5.1741338,795.018,2473.676999999999,4.0,,,,,,,,,,,,,,,,
2025-09-22,3431.0,1.53859429,191.84000000000003,2344.1829999999995,3.0,,,,,,,,,,,,,,,,
2025-09-23,3012.0,1.3416956,138.385,2340.2469999999994,3.0,,,,,,,,,,,,,,,,
2025-09-24,2556.0,1.16193929,126.887,2318.0359999999996,4.0,,,,,,,,,,,,,,,,
2025-09-25,4860.0,2.0869377399999998,237.025,2347.462,3.0,,,,,,,,,,,,,,,,
2025-09-26,9660.0,4.445445080000001,556.6599999999999,2379.6669999999995,2.0,,,,,,,,,,,,,,,,
2025-09-27,2090.0,0.89952186,86.003,2363.9009999999994,2.0,,,,,,,,,,,,,,,,
2025-09-28,4057.0,2.30591,362.0,2746.0,3.51444,,75.80972222222222,63.0,112.0,65.0,,,,,,,,,,,9.25
2025-09-29,7776.0,4.747902,840.9995999999999,2745.996,4.62467,,80.5125,67.0,122.0,69.0,,,,,,,,,,,7.64
2025-09-30,8727.0,5.23878,890.9999999999999,2746.002,4.17881,,81.1875,68.0,134.0,70.0,,,,,,,,,,,7.62
2025-10-01,5716.0,3.2628259999999996,675.9997000000001,2746.002,4.0,,77.68611111111112,63.0,124.0,65.0,,,,,,,,,,,7.95
2025-10-02,3814.0,2.1661,162.0,2746.0,5.33563,,72.88194444444444,62.0,104.0,66.0,,,,,,,,,,,8.6
2025-10-03,4547.0,2.59609,303.0,2746.0,5.0,,77.00416666666666,66.0,104.0,67.0,,,,,,,,,,,7.0
2025-10-04,13439.0,7.005338,1051.0,2746.0,24.585,,82.83888888888889,67.0,111.0,69.0,,,,,,,,,,,9.88
2025-10-05,253.0,0.11286591000000001,32.0,2350.986,1.0,,79.91592920353982,72.0,104.0,72.0,,,,,,,,,,,8.85
2025-10-06,2710.0,1.1489655599999997,113.93,2314.1050000000005,1.0,,,,,,,,,,,,,,,,
2025-10-07,2920.0,1.3389440400000001,147.40699999999998,2286.326,5.0,,,,,,,,,,,,,,,,
2025-10-08,2842.0,1.2811863499999998,158.091,2390.533,4.0,,,,,,,,,,,,,,,,
2025-10-09,2473.0,1.12639072,153.531,2340.466,5.0,,,,,,,,,,,,,,,,
2025-10-10,3164.0,1.3956871100000001,156.238,2336.0969999999998,3.0,,,,,,,,,,,,,,,,
2025-10-11,6041.0,2.61814613,262.01,2416.273,2.0,,,,,,,,,,,,,,,,
2025-10-12,2002.0,0.9543573,113.28700000000002,2299.668,3.0,,,,,,,,,,,,,,,,
2025-10-13,1739.0,0.7452970999999999,80.01600000000002,2376.3410000000003,2.0,,,,,,,,,,,,,,,,
2025-10-14,1136.0,0.5292590500000001,53.306999999999995,2257.742,2.0,,,,,,,,,,,,,,,,
2025-10-15,5092.0,2.2152807099999996,251.95499999999996,2344.16,3.0,,,,,,,,,,,,,,,,
2025-10-16,4489.0,1.9473459499999999,175.90400000000002,2361.127,3.0,,,,,,,,,,,,,,,,
2025-10-17,3848.0,1.77331226,186.793,2413.4010000000003,3.0,,,,,,,,,,,,,,,,
2025-10-18,3321.0,1.4258603,136.43800000000002,2312.6180000000004,1.0,,,,,,,,,,,,,,,,
2025-10-19,5349.0,2.42788959,275.793,2306.6639999999998,,,,,,,,,,,,,,,,,
2025-10-20,2423.0,1.09428449,116.185,2327.386,3.0,,,,,,,,,,,,,,,,
2025-10-21,1753.0,0.8219863000000001,101.89999999999999,2400.049,4.0,,,,,,,,,,,,,,,,
2025-10-22,2474.0,1.1240297500000003,133.513,2322.2500000000005,2.0,,,,,,,,,,,,,,,,
2025-10-23,3025.0,1.3483265800000002,159.65499999999997,2318.3230000000003,3.0,,,,,,,,,,,,,,,,
2025-10-24,1816.0,0.82659853,84.605,2308.754,1.0,,,,,,,,,,,,,,,,
2025-10-25,1384.0,0.6085833,48.24000000000001,2408.2790000000005,1.0,,,,,,,,,,,,,,,,
2025-10-26,1979.0,0.8817251099999999,99.043,2324.8510000000006,4.0,,,,,,,,,,,,,,,,
2025-10-27,4554.0,1.9743818199999996,206.25200000000004,2293.4320000000002,1.0,,,,,,,,,,,,,,,,
2025-10-28,3445.0,1.5453315820000004,161.56299999999996,2325.0529999999994,2.0,,,,,,,,,,,,,,,,
2025-10-29,2360.0,1.0052547,115.09400000000001,2348.515,1.0,,,,,,,,,,,,,,,,
2025-10-30,1482.0,0.68915653,75.22500000000001,2355.7,2.0,,,,,,,,,,,,,,,,
2025-10-31,2741.0,1.2018869300000001,111.58200000000001,2394.3739999999993,2.0,,,,,,,,,,,,,,,,
2025-11-01,5205.0,2.29431389,248.262,2286.841999999999,7.0,,,,,,,,,,,,,,,,
2025-11-02,10002.0,4.352952889999999,479.629,2449.607,4.0,,,,,,,,,,,,,,,,
2025-11-03,5629.0,2.59178756,341.818,2278.0449999999996,5.0,,,,,,,,,,,,,,,,
2025-11-04,4193.0,2.02279211,290.549,2371.739,3.0,,,,,,,,,,,,,,,,
2025-11-05,3399.0,1.59436914,165.985,2320.471,6.0,,,,,,,,,,,,,,,,
2025-11-06,7408.0,3.26614465,372.95000000000005,2362.762,3.0,,,,,,,,,,,,,,,,
2025-11-07,3825.0,1.6294771800000003,176.84999999999997,2344.9829999999993,7.0,,,,,,,,,,,,,,,,
2025-11-08,7659.0,3.3891145989999996,388.74399999999997,2356.4179999999997,7.0,,,,,,,,,,,,,,,,
2025-11-09,2949.0,1.319015973,164.536,2348.661,8.0,,,,,,,,,,,,,,,,
2025-11-10,3458.0,1.5091924499999998,182.875,2335.265,7.0,,,,,,,,,,,,,,,,
2025-11-11,6414.0,2.7629749700000006,321.799,2438.6919999999996,1.0,,,,,,,,,,,,,,,,
2025-11-12,2584.0,1.14216697,109.012,2329.572,3.0,,,,,,,,,,,,,,,,
2025-11-13,3669.0,2.08346,193.0,2746.0,4.58727,,74.42088607594937,63.0,103.0,66.0,,,,,,,,,,,7.4
2025-11-14,5527.0,3.14662,305.0,2746.0,3.41568,,76.26805555555555,64.0,120.0,66.0,,,,,,,,,,,6.87
2025-11-15,4980.0,2.83407,303.0,2746.0,3.05512,,74.84195804195804,60.0,106.0,64.0,,,,,,,,,,,8.2
2025-11-16,4584.0,2.62157,288.0,2746.0,6.79823,,78.0418410041841,66.0,103.0,69.0,,,,,,,,,,,8.05
2025-11-17,4158.0,2.36121,289.0,2746.0,5.0,,78.63636363636364,67.0,107.0,68.0,,,,,,,,,,,5.67
2025-11-18,4350.0,2.48611,293.0,2746.0,6.0,,78.4013986013986,64.0,117.0,69.0,,,,,,,,,,,7.02
2025-11-19,4206.0,2.4016,219.0,2746.0,4.60105,,76.62692847124825,64.0,99.0,63.0,,,,,,,,,,,7.37
2025-11-20,2759.0,1.5671,137.0,2320.2610000000004,2.0,,72.56681034482759,60.0,96.0,65.0,,,,,,,,,,,7.53
2025-11-21,2618.0,1.15251961,109.372,2342.9519999999993,1.0,,,,,,,,,,,,,,,,
2025-11-22,5081.0,2.2215700599999995,269.68399999999997,2287.128,7.0,,,,,,,,,,,,,,,,
2025-11-23,3644.0,1.6348216400000004,161.971,2361.1760000000004,2.0,,,,,,,,,,,,,,,,
2025-11-24,1659.0,0.7555811,78.945,2328.472,2.0,,,,,,,,,,,,,,,,
2025-11-25,2863.0,1.28719442,129.34400000000002,2350.017,3.0,,,,,,,,,,,,,,,,
2025-11-26,3990.0,1.7936679800000004,169.00100000000006,2326.981000000001,4.0,,,,,,,,,,,,,,,,
2025-11-27,4537.0,1.9827454299999998,211.33800000000005,2291.937,6.0,,,,,,,,,,,,,,,,
2025-11-28,6175.0,2.6639434,296.651,2419.802,7.0,,,,,,,,,,,,,,,,
2025-11-29,6407.0,2.7750263390000005,217.16199999999998,2275.3929999999996,3.0,,,,,,,,,,,,,,,,
2025-11-30,1827.0,0.8036811800000001,80.901,2397.754,4.0,,,,,,,,,,,,,,,,
2025-12-01,3148.0,1.3823144680000004,140.395,2308.3549999999996,3.0,,,,,,,,,,,,,,,,
2025-12-02,3062.0,1.35804977,127.204,2322.413,3.0,,,,,,,,,,,,,,,,
2025-12-03,2335.0,1.0833666180000001,103.35399999999998,2296.846,3.0,,,,,,,,,,,,,,,,
2025-12-04,1673.0,0.7765769139999998,76.813,2360.3109999999997,1.0,,,,,,,,,,,,,,,,
2025-12-05,2427.0,1.0700629379999997,84.70899999999999,2379.830000000001,1.0,,,,,,,,,,,,,,,,
2025-12-06,3860.0,1.7119772099999997,193.65800000000002,2329.3969999999995,6.0,,,,,,,,,,,,,,,,
2025-12-07,732.0,0.31676876,28.76,2370.07,1.0,,,,,,,,,,,,,,,,
2025-12-08,2490.0,1.1329652000000001,113.98099999999998,2291.992,2.0,,,,,,,,,,,,,,,,
2025-12-09,2413.0,1.03744154,100.52600000000002,2338.871,2.0,,,,,,,,,,,,,,,,
2025-12-10,1992.0,0.8680429200000002,91.791,2356.838,2.0,,,,,,,,,,,,,,,,
2025-12-11,3303.0,1.5687692599999998,167.86600000000004,2302.9890000000005,4.0,,,,,,,,,,,,,,,,
2025-12-12,2454.0,1.1051648399999998,109.27699999999999,2353.9529999999995,2.0,,,,,,,,,,,,,,,,
2025-12-13,4302.0,1.8363769200000004,207.148,2317.197000000001,3.0,,,,,,,,,,,,,,,,
2025-12-14,1685.0,0.758737888,91.184,2340.859,4.0,,,,,,,,,,,,,,,,
2025-12-15,1215.0,0.57145654,64.985,2392.203,2.0,,,,,,,,,,,,,,,,
2025-12-16,2288.0,1.0027940650000002,113.04899999999998,2257.3560000000007,3.0,,,,,,,,,,,,,,,,
2025-12-17,1927.0,0.8417092669999999,95.59099999999998,2416.4299999999994,2.0,,,,,,,,,,,,,,,,
2025-12-18,4323.0,1.8947727719999998,192.86899999999997,2291.5359999999996,4.0,,,,,,,,,,,,,,,,
2025-12-19,8434.0,3.6237248900000005,535.0,2339.279,5.0,,86.10337552742617,72.0,112.0,75.0,,,,,,,,,,,
2025-12-20,8704.0,4.07607041,520.997,2428.98,10.0,,,,,,,,,,,,,,,,
2025-12-21,6197.0,2.66141367,306.11099999999993,2325.9730000000004,1.0,,,,,,,,,,,,,,,,
2025-12-22,4104.0,1.831925998,201.48399999999998,2322.97,,,,,,,,,,,,,,,,,
2025-12-23,2900.0,1.33550699,122.42599999999999,2398.882,,,,,,,,,,,,,,,,,
2025-12-24,1881.0,0.8526581300000001,73.654,2306.917,1.0,,,,,,,,,,,,,,,,
2025-12-25,2340.0,1.028742528,76.24,2328.5240000000003,,,,,,,,,,,,,,,,,
2025-12-26,3581.0,1.60010583,167.832,2321.7990000000004,,,,,,,,,,,,,,,,,
2025-12-27,4313.0,1.8898679699999998,199.78,2365.865,3.0,,,,,,,,,,,,,,,,
2025-12-28,4744.0,2.0939093930000006,231.469,2406.66,4.0,,,,,,,,,,,,,,,,
2025-12-29,1650.0,0.736238337,85.914,2292.6520000000005,4.0,,,,,,,,,,,,,,,,
2025-12-30,577.0,0.272638887,28.3,2300.7980000000007,1.0,,,,,,,,,,,,,,,,
2025-12-31,1749.0,0.765467456,72.54600000000002,2404.4999999999995,1.0,,,,,,,,,,,,,,,,
2026-01-01,2668.0,1.1711852999999999,114.27000000000002,2267.5679999999998,3.0,,,,,,,,,,,,,,,,
2026-01-02,1838.0,0.845363108,103.30799999999999,2380.071,3.0,,,,,,,,,,,,,,,,
2026-01-03,1835.0,0.82003561,88.00599999999997,2304.929,2.0,,,,,,,,,,,,,,,,
2026-01-04,632.0,0.29599641,21.114,2329.8050000000003,,,,,,,,,,,,,,,,,
2026-01-05,1941.0,0.8695159219999998,92.93400000000001,2345.303000000001,3.0,,,,,,,,,,,,,,,,
2026-01-06,6872.0,4.5105249999999995,855.0,2740.0029999999997,3.04331,,81.47737226277373,67.0,119.0,70.0,,,,,,,,,,,7.98
2026-01-07,6194.0,3.52069,602.0,2740.0,5.77789,,85.575,72.0,112.0,75.0,,,,,,,,,,,7.57
2026-01-08,5594.0,3.18266,325.0,2740.0,5.0,,79.38904494382022,69.0,105.0,71.0,,,,,,,,,,,7.77
2026-01-09,8830.0,5.02627,576.0,2740.0,5.0,,80.96787709497207,68.0,106.0,70.0,,,,,,,,,,,7.23
2026-01-10,7030.0,3.99231,485.0,2740.0,2.03445,,80.54277699859747,68.0,112.0,70.0,,,,,,,,,,,5.9
2026-01-11,3907.0,2.23072,353.0,2740.0,1.00427,,76.57083333333334,64.0,112.0,66.0,,,,,,,,,,,7.68
2026-01-12,6383.0,5.134390000000001,578.0,2739.995,3.0,,76.93055555555556,62.0,116.0,64.0,,,,,,,,,,,7.65
2026-01-13,9146.0,5.523367,947.0001,2739.997,4.71063,,76.54672245467225,63.0,117.0,64.0,,,,,,,,,,,7.65
2026-01-14,4544.0,2.58055,303.0,2740.0,5.3002,,76.12952646239555,61.0,106.0,65.0,,,,,,,,,,,7.98
2026-01-15,8155.0,4.429138,798.0002999999999,2740.002,5.07677,,80.95524475524475,68.0,118.0,70.0,,,,,,,,,,,6.88
2026-01-16,8413.0,5.9117299999999995,856.0,2740.002,6.05577,,80.28055555555555,66.0,115.0,69.0,,,,,,,,,,,7.57
2026-01-17,6067.0,3.44923,518.0,2740.0,7.0,,80.82821229050279,65.0,111.0,67.0,,,,,,,,,,,6.05
2026-01-18,3220.0,1.8287,208.0,2740.0,2.0397,,76.96468401486989,65.0,102.0,68.0,,,,,,,,,,,8.08
2026-01-19,5448.0,4.283732,430.0004,2739.998,3.15551,,73.70028011204482,62.0,111.0,64.0,,,,,,,,,,,8.17
2026-01-20,2715.0,1.208946153,118.76699999999998,2350.6559999999995,2.0,,75.96808510638297,62.0,110.0,65.0,,,,,,,,,,,6.9
2026-01-21,3998.0,1.7911910479999995,182.078,2363.0889999999995,3.0,,,,,,,,,,,,,,,,
2026-01-22,2743.0,1.25559903,120.345,2340.315,2.0,,,,,,,,,,,,,,,,
2026-01-23,3803.0,1.6914279900000002,180.27499999999995,2312.9700000000003,3.0,,,,,,,,,,,,,,,,
2026-01-24,6033.0,2.7349885300000003,298.0259999999999,2428.154,5.0,,,,,,,,,,,,,,,,
2026-01-25,2171.0,0.9847305099999998,78.66900000000001,2333.0060000000003,,,,,,,,,,,,,,,,,
2026-01-26,4173.0,2.39974,264.0,2740.0,2.0,,77.77842565597668,64.0,101.0,67.0,,,,,,,,,,,7.58
2026-01-27,3697.0,2.10148,231.0,2740.0,6.06004,,77.03888888888889,66.0,104.0,67.0,,,,,,,,,,,6.9
2026-01-28,6024.0,3.42873,521.0,2740.0,2.0,,78.76890756302521,62.0,117.0,69.0,,,,,,,,,,,7.53
2026-01-29,5329.0,3.0267,395.0,2740.0,4.0,,78.55586592178771,65.0,114.0,69.0,,,,,,,,,,,9.43
2026-01-30,5854.0,3.32496,321.0,2740.0,6.41142,,76.3944055944056,63.0,106.0,67.0,,,,,,,,,,,8.77
2026-01-31,4424.0,2.55197,377.0,2740.0,4.0,,76.12885154061625,63.0,119.0,65.0,,,,,,,,,,,6.57
2026-02-01,6634.0,3.72823,641.0,2740.0,7.27067,,81.63179916317992,67.0,113.0,70.0,,,,,,,,,,,10.78
2026-02-02,7782.0,4.66339,1165.0,2707.0,2.07644,,80.79551820728291,65.0,125.0,69.0,,,,,,,,,,,10.23
2026-02-03,4838.0,2.1046522379999995,236.51700000000002,2328.1079999999997,5.0,,97.31818181818181,85.0,109.0,,,,,,,,,,,,
2026-02-04,8437.0,3.8443313499999996,361.226,2373.4099999999994,2.0,,,,,,,,,,,,,,,,
2026-02-05,5245.0,2.31898277,297.592,2431.084,4.0,,,,,,,,,,,,,,,,
2026-02-06,3361.0,1.5246581799999999,177.15800000000004,2320.592,4.0,,,,,,,,,,,,,,,,
2026-02-07,3860.0,1.73857252,186.26,2296.324,3.0,,,,,,,,,,,,,,,,
2026-02-08,5032.0,2.85769,283.0,2740.0,2.0,,72.73691860465117,59.0,105.0,61.0,,,,,,,,,,,8.35
2026-02-09,8304.0,4.73796,687.0,2740.0,6.75066,,78.87308228730822,64.0,112.0,67.0,,,,,,,,,,,6.63
2026-02-10,6596.0,3.74625,425.0,2740.0,3.46325,,79.32584269662921,66.0,106.0,67.0,,,,,,,,,,,6.8
2026-02-11,3430.0,1.948,259.0,2740.0,3.0,,79.71508379888269,68.0,108.0,70.0,,,,,,,,,,,6.95
2026-02-12,4265.0,2.4221,361.0,2740.0,7.0,,81.1986013986014,70.0,111.0,71.0,,,,,,,,,,,8.3
2026-02-13,5159.0,2.794311,487.0,2739.996,1.0,,83.60719225449516,70.0,119.0,69.0,,,,,,,,,,,7.93
2026-02-14,6048.0,3.44364,414.0,2740.0,,,81.26256983240224,68.0,104.0,71.0,,,,,,,,,,,8.63
2026-02-15,5221.0,2.64269,327.0,2740.0,5.0,,78.24861111111112,63.0,109.0,66.0,,,,,,,,,,,7.9
2026-02-16,3784.0,2.15367,206.0,2740.0,4.0,,72.38826815642459,61.0,103.0,64.0,,,,,,,,,,,9.32
2026-02-17,3240.0,1.85604,194.0,2740.0,3.0,,74.3972027972028,57.0,105.0,61.0,,,,,,,,,,,8.28
2026-02-18,3703.0,2.11453,202.0,2740.0,2.0,,76.1986013986014,58.0,102.0,62.0,,,,,,,,,,,6.8
2026-02-19,3070.0,1.72368,149.0,2740.0,1.00656,,71.19904458598727,60.0,100.0,63.0,96.8,,,,,,,,,,6.68
2026-02-20,4724.0,2.1790680940000007,240.97699999999998,2315.4030000000002,2.0,,64.63333333333334,62.0,76.0,,97.4,,,,,,,,,,6.8
2026-02-21,3722.0,1.5672527930000002,185.01699999999997,2386.8720000000003,5.0,,,,,,96.4,,,,,,32.7,26.4,,,
2026-02-22,2661.0,1.16413239,114.01000000000002,2354.678,4.0,,,,,,96.8,,,,,,33.0,26.6,,,
2026-02-23,2148.0,0.9582103699999999,95.91400000000003,2291.3720000000003,3.0,,,,,,96.7,,,,,,33.1,26.3,,,
2026-02-24,4431.0,2.01985427,215.388,2391.0109999999995,2.0,,,,,,96.5,,,,,,32.8,25.5,,,
2026-02-25,3798.0,1.7711378899999999,200.816,2290.32,3.0,,,,,,96.8,,,,,,32.7,27.0,,,
2026-02-26,4108.0,1.8140247809999996,218.45199999999997,2345.3759999999997,5.0,,,,,,96.2,,,,,,32.9,26.6,,,
2026-02-27,2538.0,1.1676558500000005,107.96000000000001,2323.371,2.0,,,,,,96.6,,,,,,32.7,26.7,,,
2026-02-28,3922.0,1.7176820800000003,168.62999999999997,2360.6730000000007,3.0,,,,,,96.5,,,,,,33.1,26.2,,,
2026-03-01,3468.0,1.5522784799999998,197.35,2344.484,5.0,,,,,,96.8,,,,,,33.1,26.6,,,
2026-03-02,5826.0,2.58951322,258.78100000000006,2361.4069999999997,4.0,,,,,,96.7,,,,,,,,,,
2026-03-03,2347.0,1.0763830699999999,115.331,2362.780000000001,3.0,,,,,,96.6,,,,,,32.7,26.7,,,
2026-03-04,2843.0,1.25892224,127.09100000000001,2380.7960000000003,3.0,,,,,,96.1,,,,,,,,,,
2026-03-05,4757.0,2.081581021,175.15399999999997,2350.31,1.0,,,,,,96.3,,,,,,32.7,26.6,,,
2026-03-06,6705.0,3.070717427000001,367.74199999999985,2326.836,9.0,,,,,,96.4,,,,,,32.8,26.1,,,
2026-03-07,5765.0,2.668975703000001,298.477,2309.861,2.0,,,,,,96.6,,,,,,32.3,25.9,,,
2026-03-08,5154.0,2.2087436299999994,167.03500000000003,2363.573000000001,4.0,,,,,,96.5,,,,,,33.0,25.4,,,
2026-03-09,9180.0,4.016510919999999,459.231,2344.1780000000003,6.0,,,,,,96.6,,,,,,32.6,25.7,,,
2026-03-10,3222.0,1.38221515,148.797,2348.1180000000004,3.0,,,,,,96.7,,,,,,,,,,
2026-03-11,6994.0,3.07551942,323.8499999999999,2327.499000000001,3.0,,,,,,96.5,,,,,,33.0,25.3,,,
2026-03-12,2127.0,0.9722041200000002,103.89200000000001,2383.7720000000004,2.0,,,,,,96.8,,,,,,32.8,25.2,,,
2026-03-13,5375.0,2.3622111009999993,269.425,2340.535,4.0,,,,,,96.4,,,,,,32.5,25.4,,,
2026-03-14,6037.0,2.6201796399999995,279.17800000000005,2386.514,2.0,,,,,,97.6,,,,,,,,,,
2026-03-15,3543.0,1.54281453,164.76899999999998,2275.812000000001,2.0,,,,,,96.5,,,,,,,,,,
2026-03-16,2047.0,0.8901017700000001,137.95600000000005,2378.426,1.0,,,,,,96.6,,,,,,,,,,
2026-03-17,3512.0,1.5358488099999994,157.229,2298.7460000000005,,,,,,,96.7,,,,,,,,,,
2026-03-18,3855.0,1.6730411880000002,173.02299999999997,2387.1189999999997,,,,,,,97.3,,,,,,,,,,
2026-03-19,3105.0,1.3159708100000003,131.03600000000003,2357.9739999999997,,,,,,,96.6,,,,,,,,,,
2026-03-20,3779.0,1.627333371,149.00199999999998,2270.970000000001,,,,,,,96.5,,,,,,,,,,
2026-03-21,1855.0,0.82693269,118.97800000000001,2407.419,2.0,,,,,,97.0,,,,,,,,,,
2026-03-22,5239.0,2.2473199899999994,269.014,2351.2349999999997,2.0,,,,,,97.0,,,,,,32.8,25.3,,,
2026-03-23,8942.0,3.9584513700000006,397.88100000000003,2272.09,3.0,,,,,,97.2,,,,,,32.8,24.9,,,
2026-03-24,4081.0,1.8040461079999992,183.23700000000002,2376.497,1.0,,,,,,96.1,,,,,,32.6,25.2,,,
2026-03-25,7323.0,3.2304343319999993,327.56699999999995,2356.7519999999995,1.0,,,,,,96.4,,,,,,,,,,
2026-03-26,5654.0,2.4431324830000003,238.28999999999996,2328.8909999999996,6.0,,,,,,96.8,,,,,,32.7,24.7,,,
2026-03-27,2431.0,1.06097291,104.34200000000001,2321.1000000000004,1.0,,,,,,96.6,,,,,,32.8,24.4,,,
2026-03-28,3483.0,1.51016244,171.92400000000004,2412.389,2.0,,,,,,96.4,,,,,,32.7,24.7,,,
2026-03-29,4084.0,1.72342945,160.53199999999998,2342.0029999999997,,,,,,,96.4,,,,,,32.8,24.5,,,
2026-03-30,3266.0,1.5886356350000002,170.20900000000003,2279.156000000001,1.0,,,,,,96.3,,,,,,32.8,24.4,,,
2026-03-31,2008.0,0.866476773,82.981,2371.802,1.0,,,,,,96.1,,,,,,,,,,
2026-04-01,4436.0,1.8844263799999998,214.19399999999996,2353.123,2.0,,,,,,96.5,,,,,,32.9,24.3,,,
2026-04-02,2968.0,1.402565586,152.13800000000003,2336.1620000000007,1.0,,,,,,96.3,,,,,,,,,,
2026-04-03,1632.0,0.7484356699999999,86.95700000000001,2360.7780000000002,2.0,,,,,,96.7,,,,,,,,,,
2026-04-04,4535.0,1.9583883800000002,194.04000000000005,2293.3999999999996,5.0,,,,,,96.7,,,,,,32.2,24.5,,,
2026-04-05,2028.0,0.8850494899999999,86.73400000000001,2326.1820000000002,1.0,,,,,,96.6,,,,,,,,,,
2026-04-06,5210.0,2.272342580000001,242.861,2391.9739999999997,4.0,,,,,,95.9,,,,,,,,,,
2026-04-07,4371.0,1.9943721280000002,176.66,2375.606000000001,2.0,,,,,,,,,,,,,,,,
2026-04-08,1484.0,0.6884604960000001,67.395,2330.1050000000005,2.0,,,,,,96.3,,,,,,32.9,23.9,,,
2026-04-09,3790.0,1.69780973,178.485,2307.8800000000006,4.0,,,,,,96.2,,,,,,,,,,
2026-04-10,2896.0,1.3251365259999999,141.184,2368.9360000000006,,,,,,,96.7,,,,,,32.9,23.9,,,
2026-04-11,3687.0,1.6179210419999996,167.09899999999996,2317.085,3.0,,,,,,,,,,,,,,,,
2026-04-12,3392.0,1.454585583,154.236,2358.7249999999995,2.0,,,,,,96.6,,,,,,,,,,
2026-04-13,5611.0,2.465141083,244.74899999999994,2303.0409999999997,1.0,,,,,,96.1,,,,,,,,,,
2026-04-14,3957.0,1.7898474399999997,182.80000000000004,2327.099,2.0,,,,,,96.1,,,,,,32.9,23.9,,,
2026-04-15,6188.0,2.6898474930000003,302.64200000000005,2427.8360000000007,6.0,,,,,,96.5,,,,,,,,,,
2026-04-16,5293.0,2.259461871,225.63400000000004,2290.846,1.0,,,,,,,,,,,,,,,,
2026-04-17,4626.0,2.0742186200000003,259.809,2349.6539999999995,,,,,,,,,,,,,,,,,
2026-04-18,5203.0,2.3096484829999997,254.68300000000002,2354.4569999999994,,,,,,,96.5,,,,,,,,,,
2026-04-19,4896.0,2.1993750459999992,250.57500000000002,2407.58,,,,,,,96.7,,,,,,,,,,
2026-04-20,4728.0,2.09702877,262.247,2262.849,2.0,,,,,,96.9,,,,,,,,,,
2026-04-21,5243.0,2.3806466150000003,326.70199999999994,2353.047,2.0,,,,,,96.5,,,,,,,,,,
2026-04-22,6525.0,2.8679387600000004,273.873,2350.883999999999,4.0,,,,,,96.5,,,,,,,,,,
2026-04-23,9746.0,4.412383420000001,493.143,2402.9330000000004,2.0,,,,,,96.6,,,,,,,,,,
2026-04-24,8406.0,3.6246063939999993,383.8500000000001,2313.4449999999997,4.0,,,,,,96.6,,,,,,,,,,
2026-04-25,9145.0,3.974644798,399.35999999999984,2416.735999999999,1.0,,,,,,96.4,,,,,,33.0,24.3,,,
2026-04-26,1364.0,0.6894298000000001,59.519,2333.702,,,,,,,96.8,,,,,,,,,,
2026-04-27,8398.0,3.7107280960000018,355.25899999999984,2360.624999999999,2.0,,,,,,,,,,,,,,,,
2026-04-28,9409.0,4.28091259,439.97399999999993,2279.685000000001,1.0,,,,,,97.5,,,,,,,,,,
2026-04-29,2619.0,1.1813265,116.77900000000002,2386.859,1.0,,,,,,96.8,,,,,,,,,,
2026-04-30,4969.0,2.1913154090000004,218.44,2379.287,3.0,,,,,,96.7,,,,,,,,,,
2026-05-01,2166.0,0.9722910329999999,94.809,2250.4320000000002,2.0,,,,,,96.5,,,,,,,,,,
2026-05-02,10506.0,5.96641,516.96,2740.0,4.41339,,69.25277777777778,54.0,109.0,55.0,,,,,,,,,,,8.37
2026-05-03,10703.0,6.34917,633.2000000000002,2740.0,17.2825,,70.175,55.0,103.0,57.0,96.7,,,,,,,,,,10.33
2026-05-04,9219.0,5.24127,647.0,2740.0,5.00656,,78.81111111111112,63.0,108.0,66.0,96.0,,,,,,,,,,6.58
2026-05-05,6718.0,3.83137,536.0,2740.0,2.02461,,76.90833333333333,64.0,111.0,65.0,96.1,,,,,,,,,,8.12
2026-05-06,10794.0,6.1814,1601.0,2740.0,8.0,,83.15694444444445,61.0,136.0,64.0,96.9,,,,,,,,,,7.78
2026-05-07,5612.0,3.18701,390.0,2740.0,4.7874,,76.15138888888889,63.0,121.0,67.0,96.1,,,,,,,,,,6.82
2026-05-08,7426.0,4.2247,688.0,2740.0,9.0,,78.29583333333333,66.0,121.0,66.0,96.3,,,,,,,,,,6.63
2026-05-09,9841.0,4.267701163999998,453.83200000000005,2348.832000000001,4.0,,70.88669950738917,65.0,95.0,67.0,96.7,,,,,,32.3,22.5,,,6.65
2026-05-10,2660.0,1.20042725,115.071,2294.393,2.0,,,,,,96.3,,,,,,,,,,
2026-05-11,7098.0,5.313342,1014.0004,2740.004,4.24541,,77.70138888888889,60.0,130.0,63.0,,,,,,,,,,,7.02
2026-05-12,4132.0,2.35748,210.0,2740.0,3.0,,71.80694444444444,60.0,102.0,62.0,,,,,,,,,,,5.42
2026-05-13,5175.0,2.94716,356.0,2740.0,5.0,,73.0111111111111,60.0,106.0,63.0,,,,,,,,,,,6.82
2026-05-14,6177.0,3.52193,361.0,2740.0,5.62008,,71.54305555555555,59.0,100.0,60.0,96.7,,,,,,,,,,6.8
2026-05-15,6722.0,3.82765,390.0,2740.0,7.77001,,70.43784786641929,56.0,109.0,58.0,96.4,,,,,,,,,,6.67
2026-05-16,6598.0,3.39082,321.8350000000001,2740.0,10.0,,69.32209737827715,53.0,98.0,57.0,96.5,,,,,,,,,,8.34
2026-05-17,7112.0,4.03891,346.0,2740.0,8.77001,,70.46944444444445,57.0,99.0,58.0,96.4,,,,,,,,,,6.77
2026-05-18,6811.0,3.82889,426.0,2389.9060000000004,3.0,,70.49200710479573,57.0,105.0,60.0,96.6,,,,,,,,,,6.52
2026-05-19,2151.0,0.9569241500000003,96.14799999999998,2356.1069999999995,3.0,,,,,,96.1,,,,,,,,,,
2026-05-20,7054.0,3.016745371,343.5059999999999,2322.383,10.0,,,,,,96.0,,,,,,,,,,
2026-05-21,5768.0,2.599898093000001,238.85500000000005,2326.330000000001,5.0,,,,,,97.3,,,,,,,,,,
2026-05-22,7713.0,3.3273796190000002,355.1940000000001,2461.078,5.0,,,,,,96.3,,,,,,,,,,
2026-05-23,2554.0,1.1131793330000002,97.58,2266.147,4.0,,,,,,96.5,,,,,,,,,,
2026-05-24,8718.0,3.6388677,357.47700000000003,2422.722,9.0,,,,,,96.4,,,,,,,,,,
2026-05-25,1798.0,0.77800628,81.41600000000001,2302.17,3.0,,,,,,,,,,,,,,,,
2026-05-26,1529.0,0.6432436999999999,67.908,2368.669000000001,3.0,,,,,,96.1,,,,,,,,,,
2026-05-27,7303.0,3.186104720000001,313.3550000000001,2332.4350000000004,2.0,,,,,,96.5,,,,,,,,,,
2026-05-28,2255.0,1.0034648,108.75499999999998,2338.739,2.0,,,,,,96.4,,,,,,,,,,
2026-05-29,2932.0,1.2979948999999997,150.177,2374.847,3.0,,,,,,96.4,,,,,,,,,,
2026-05-30,7104.0,3.1484249100000006,329.624,2346.634,3.0,,,,,,,,,,,,,,,,
2026-05-31,2206.0,0.97511744,95.01700000000002,2329.346,,,,,,,,,,,,,,,,,
2026-06-01,3730.0,1.6568797500000003,168.83900000000003,2316.143,3.0,,,,,,95.9,,,,,,,,,,
2026-06-02,1524.0,0.6790224620000002,74.497,2367.5630000000006,2.0,,,,,,96.5,,,,,,,,,,
2026-06-03,3001.0,1.34646187,139.22699999999998,2288.724,2.0,,,,,,96.0,,,,,,,,,,
2026-06-04,1488.0,0.64751213,66.646,2319.3,2.0,,,,,,97.0,,,,,,,,,,
2026-06-05,2961.0,1.2759059000000001,131.65,2409.2219999999998,2.0,,,,,,97.3,,,,,,33.6,19.5,,,
2026-06-06,4604.0,1.9398646520000002,198.79799999999992,2324.113,1.0,,,,,,96.5,,,,,,,,,,
2026-06-07,2776.0,1.18571948,119.73500000000001,2389.0760000000005,2.0,,,,,,96.2,,,,,,,,,,
2026-06-08,2920.0,1.317666261,153.542,2350.5639999999994,5.0,,,,,,96.7,,,,,,,,,,
2026-06-09,1305.0,0.6071664999999999,75.168,2254.108,3.0,,,,,,,,,,,,,,,,
2026-06-10,2927.0,1.3102675000000004,156.567,2349.637,5.0,,,,,,,,,,,,,,,,
2026-06-11,3414.0,1.5841365299999999,171.45799999999997,2419.1259999999997,2.0,,,,,,,,,,,,,,,,
2026-06-12,3554.0,1.63084461,159.39199999999997,2304.6600000000003,3.0,,,,,,96.3,,,,,,,,,,
2026-06-13,1955.0,0.8311894899999998,90.44799999999998,2343.331,4.0,,,,,,96.8,,,,,,,,,,
2026-06-14,4368.0,1.86313134,168.29799999999997,2414.25,1.0,,,,,,96.9,,,,,,,,,,
2026-06-15,2535.0,1.1073706999999997,119.61899999999996,2339.8749999999995,3.0,,,,,,96.4,,,,,,,,,,
2026-06-16,6301.0,3.185411132,462.1340000000001,2338.7090000000003,6.0,,,,,,95.7,,,,,,,,,,
2026-06-17,2634.0,1.1368360500000003,98.12200000000001,2331.3610000000003,2.0,,,,,,96.3,,,,,,,,,,
2026-06-18,5076.0,2.2425411799999995,227.67199999999994,2368.3730000000005,3.0,,,,,,96.1,,,,,,,,,,
2026-06-19,3546.0,1.5658808380000004,170.19699999999997,2349.829999999999,4.0,,,,,,,,,,,,,,,,
2026-06-20,2078.0,0.9020133399999998,100.91600000000001,2348.605,5.0,,,,,,,,,,,,,,,,
2026-06-21,2308.0,0.9935660900000001,96.28200000000001,2278.4960000000005,1.0,,,,,,96.6,,,,,,,,,,
2026-06-22,4801.0,4.102914,495.9996,2740.002,4.44685,,71.21388888888889,60.0,134.0,62.0,96.1,,,,,,,,,,6.73
2026-06-23,3159.0,1.80136,321.0,2740.0,4.0,,77.31805555555556,62.0,119.0,63.0,96.4,,,,,,,,,,5.87
2026-06-24,3028.0,1.71996,351.0,2740.0,3.07808,,82.54861111111111,72.0,112.0,76.0,96.6,,,,,,,,,,4.83
2026-06-25,6436.0,3.67293,492.0,2740.0,10.0,,79.62078651685393,67.0,105.0,70.0,,,,,,,,,,,8.28
2026-06-26,5345.0,3.0354,315.0,2740.0,5.39895,,75.79861111111111,64.0,109.0,66.0,97.3,,,,,,,,,,7.43
2026-06-27,4699.0,2.67811,308.0,2740.0,3.0,,75.3625,62.0,105.0,66.0,96.4,,,,,,,,,,9.28
2026-06-28,11920.0,6.65613,899.0,2739.9970000000003,16.1827,,78.6763888888889,63.0,113.0,67.0,96.3,,,,,,,,,,6.8
2026-06-29,6464.0,4.218497,649.9998,2739.995,4.66667,,75.8125,64.0,112.0,65.0,96.6,,,,,,,,,,7.02
2026-06-30,3096.0,1.7765,182.0,2740.0,2.0,,73.50694444444444,63.0,98.0,65.0,96.5,,,,,,,,,,6.63
2026-07-01,5103.0,2.91672,390.0,2740.0,3.0,,74.49444444444444,59.0,109.0,62.0,96.6,,,,,,,,,,7.12
2026-07-02,2987.0,1.70629,196.0,2740.0,2.0,,72.20555555555555,61.0,105.0,64.0,96.4,,,,,,,,,,6.57
2026-07-03,8889.0,5.03808,566.0,2740.0,9.74147,,76.68611111111112,60.0,107.0,63.0,96.7,,,,,,,,,,8.77
2026-07-04,7773.0,4.42478,738.0,2740.0,6.30381,,75.76944444444445,54.0,110.0,60.0,96.5,,,,,,,,,,8.85
2026-07-05,11523.0,6.82701,731.0,2740.0,20.0,,75.5,58.0,112.0,62.0,96.4,,,,,,,,,,8.02
2026-07-06,5368.0,3.07082,378.0,2740.0,2.0,,72.59305555555555,58.0,123.0,59.0,96.2,,,,,,,,,,6.58
2026-07-07,6213.0,4.808793,686.9999,2740.003,4.0,,74.6938775510204,60.0,111.0,61.0,96.1,,,,,,,,,,7.15
2026-07-08,3006.0,1.70753,170.0,2740.0,2.0,,69.20972222222223,56.0,111.0,59.0,96.6,,,,,,,,,,6.9
2026-07-09,3581.0,2.0642,161.0,2740.0,5.0,,70.02638888888889,58.0,99.0,59.0,96.0,119.3,97.0,147.0,65,,,,,,6.85
2026-07-10,5415.0,3.07517,280.0,2740.0,4.0,,71.47361111111111,59.0,106.0,60.0,96.2,119.6,84.0,167.0,288,,,,,,7.76
2026-07-11,4641.0,2.63586,283.0,2740.0,3.0,,71.53888888888889,56.0,107.0,57.0,95.5,116.5,87.0,178.0,288,,,,,,8.1
2026-07-12,11713.0,6.43182,862.0,2740.005,19.4163,,74.35277777777777,58.0,110.0,61.0,95.4,119.0,98.0,141.0,288,,,,,,8.17
2026-07-13,7240.0,5.394745,1064.0003,2740.0009999999997,4.36713,,74.07638888888889,58.0,137.0,60.0,96.3,109.9,87.0,135.0,219,,33.4,21.8,,,7.78
2026-07-14,4052.0,2.33573,219.0,2740.0,2.0,,69.18888888888888,55.0,101.0,57.0,96.5,87.8,70.0,102.0,52,,,,,,6.48
2026-07-15,6440.0,3.69281,291.0,2740.0,3.10138,,68.84861111111111,54.0,100.0,56.0,95.8,102.6,70.0,161.0,275,,,,,,7.57
2026-07-16,5223.0,3.00247,195.0,2740.0,4.70669,,64.6,52.0,106.0,54.0,96.1,105.7,82.0,128.0,288,,,,,,6.07
2026-07-17,4433.0,2.53582,133.0,2740.0,3.771,,65.1375,52.0,103.0,55.0,96.4,119.3,98.0,181.0,288,,,,,,6.62
2026-07-18,8204.0,4.160402090000001,743.0,2740.0,12.0,,72.51666666666667,52.0,130.0,57.0,95.9,123.4,98.0,157.0,288,,,,,,7.3
2026-07-19,8100.0,4.42015406,664.644,2435.018,14.0351,,66.28571428571429,56.0,117.0,58.0,96.3,111.7,70.0,150.0,242,,,,,,8.43
2026-07-20,2231.0,0.99779849,112.38199999999999,2365.74,4.0,,,,,,96.2,118.4,71.0,199.0,283,,,,,,
2026-07-21,3444.0,1.4752846080000002,149.78,2324.0730000000003,3.0,,,,,,,119.7,93.0,164.0,288,,,,,,
2026-07-22,4093.0,1.79113926,177.186,2362.836,5.0,,,,,,,127.1,89.0,179.0,288,,,,,,
2026-07-23,2750.0,1.21371173,146.679,2264.3579999999997,2.0,,,,,,,133.5,95.0,178.0,288,,,,,,
2026-07-24,3129.0,1.3586906780000003,138.778,2367.6850000000004,4.0,,,,,,,127.0,93.0,179.0,288,,,,,,
2026-07-25,4100.0,1.7272188039999998,188.615,2329.1050000000005,5.0,,,,,,,122.5,98.0,172.0,288,,,,,,
2026-07-26,1740.0,0.7367719099999999,115.348,2385.171,2.0,,,,,,,128.9,101.0,173.0,288,,,,,,
2026-07-27,,,,277.839,,,,,,,,141.8,134.0,149.0,4,,,,,,
